Date,Wind_x_VPD,VPD_Mean,Soil_Mean_Evening,Max_Temperature,S. T. - 10cm Evening,Temp_x_Sun,S. T. - 20cm Evening,VPD_mean_7d,DOY_cos,Temp_mean_7d,Depression_Mean,Sun_mean_7d,SunShine,Temp_Range,Mean Velocity,Evaporation
2015-01-10,2.6389036988063266,1.2566208089553936,29.575000000000003,33.5,30.0,276.36,29.0,1.0303334102629917,0.9852201067560606,28.2,4.65,7.985714285714286,9.8,10.600000000000001,2.1,3.81
2015-01-11,1.8203445634739697,1.2135630423159798,28.174999999999997,33.5,28.8,180.48000000000002,27.8,1.06380003419758,0.9821256058680006,28.2,4.65,8.0,6.4,10.600000000000001,1.5,3.62
2015-01-12,2.796356001173756,1.47176631640724,29.025000000000002,33.5,29.6,242.51999999999998,28.2,1.088835843226619,0.9787400799669153,28.2,4.65,7.714285714285714,8.6,10.600000000000001,1.9,3.75
2015-01-13,2.926514497045352,1.5402707879186064,28.825,33.5,29.4,253.79999999999998,28.2,1.148026282827228,0.9750645322571948,28.2,4.65,7.757142857142857,9.0,10.600000000000001,1.9,1.88
2015-01-14,1.9796851684995693,1.0419395623681944,28.475,30.4,28.0,187.625,28.6,1.2946468436612473,0.9711000518829505,28.2,3.75,8.799999999999999,7.9,13.299999999999997,1.9,1.61
2015-01-15,1.8325564954743572,0.9162782477371786,29.775000000000002,31.2,31.0,219.765,29.2,1.2737644472218423,0.9668478136052775,27.564285714285713,3.25,8.757142857142858,9.1,14.099999999999998,2.0,2.91
2015-01-16,1.7256319423906432,0.9586844124392462,29.675,31.2,30.6,223.665,29.0,1.2639557278604747,0.9623090774541486,26.985714285714288,3.4000000000000004,8.614285714285714,9.3,14.3,1.8,2.71
2015-01-17,2.633644446417115,1.3168222232085576,31.475,32.0,32.6,257.5,30.4,1.1998747397345484,0.9574851883550393,26.392857142857142,4.550000000000001,8.585714285714285,10.0,12.5,2.0,3.45
2015-01-18,2.0090351390539585,0.913197790479072,30.575000000000003,30.3,31.6,124.54000000000002,30.0,1.2084749417707148,0.9523775757303974,26.04285714285714,3.25,8.614285714285714,5.2,12.7,2.2,2.37
2015-01-19,2.259412795760911,1.1297063978804556,31.525,30.8,32.4,211.95000000000002,30.8,1.1655656200797277,0.9469877530760753,25.435714285714287,4.1,8.442857142857143,9.0,14.5,2.0,2.23
2015-01-20,2.3153851878860325,1.2186237830979119,31.425,31.4,32.2,227.38500000000002,30.8,1.1166999174330443,0.9413173175128471,24.771428571428572,4.4,8.5,9.3,13.899999999999999,1.9,4.14
2015-01-21,2.7570905010583227,1.3785452505291613,31.425,30.9,32.2,221.76000000000002,30.8,1.0707503453158023,0.9353679493131483,24.235714285714288,4.949999999999999,8.542857142857143,9.6,15.599999999999998,2.0,2.44
2015-01-22,2.318004982378106,1.0536386283536845,31.375,31.3,32.4,245.49000000000004,30.4,1.1188368721959403,0.9291414114031743,24.142857142857142,3.8000000000000007,8.785714285714286,9.8,12.5,2.2,3.67
2015-01-23,1.665523678829341,0.7570562176497004,30.875,31.5,31.2,124.95,30.2,1.138459783712584,0.9226395488404876,24.27142857142857,2.75,8.885714285714286,4.9,12.0,2.2,3.54
2015-01-24,1.7972321526293877,0.6912431356266876,30.825000000000003,30.5,31.6,118.825,30.8,1.109655755885506,0.9158642882672872,24.47857142857143,2.5,8.257142857142856,4.9,12.5,2.6,1.66
2015-01-25,2.1702839654230517,0.834724602085789,30.674999999999997,30.0,31.2,127.19999999999999,30.0,1.0202873148023819,0.9088176373395029,24.264285714285716,3.0,7.528571428571429,5.3,12.0,2.6,1.72
2015-01-26,1.1019798220183954,0.7346532146789303,28.725,27.8,28.6,6.84,28.2,1.0090768593176271,0.901501684131884,24.27142857142857,2.75,7.542857142857143,0.3,10.0,1.5,0.54
2015-01-27,1.5227080339478762,0.8957106082046331,28.924999999999997,30.0,29.4,49.2,29.0,0.9526406902888379,0.893918596519257,24.164285714285715,2.8499999999999996,6.3,2.0,10.8,1.7,1.1
2015-01-28,1.5229060324002206,0.6345441801667586,29.025,29.5,29.2,56.925,28.4,0.9065102367326551,0.886070621534138,24.185714285714283,2.25,5.257142857142858,2.3,9.5,2.4,1.25
2015-01-29,1.8926848951851338,0.6759588911375478,28.875,29.0,28.8,16.625,28.6,0.8002243695380262,0.8779600847008882,24.42142857142857,2.3499999999999996,4.214285714285714,0.7,10.5,2.8,1.99
2015-01-30,2.4884769897938854,1.0819465173016893,30.325,30.2,31.0,152.64000000000001,29.2,0.7462701213642925,0.869589389346611,24.235714285714284,3.75,2.9142857142857146,6.4,12.7,2.3,2.93
2015-01-31,2.457125316166605,0.9828501264666419,31.225,31.0,32.2,206.39999999999998,30.2,0.7926830213145765,0.8609610158889943,24.0,3.5,3.1285714285714286,8.6,14.0,2.5,3.9
2015-02-01,3.446867284622023,0.9848192241777208,30.125000000000004,31.5,30.6,235.235,29.6,0.8343411628631415,0.8520775211013093,23.964285714285715,3.5,3.6571428571428575,9.1,11.3,3.5,3.0
2015-02-02,3.154781812237127,0.9013662320677506,30.575,30.5,31.0,157.5,29.6,0.8557832517334175,0.8429415373547828,24.228571428571428,3.0999999999999996,4.2,6.3,11.0,3.5,2.55
2015-02-05,1.216329693954758,0.5792046161689324,28.875,29.8,29.0,39.120000000000005,28.2,0.86589066620749,0.8140460935082178,24.325,2.0,5.316666666666666,1.6,10.7,2.1,1.75
2015-02-06,2.3248825854559576,0.8941856097907529,30.924999999999997,30.8,31.8,131.45,29.6,0.8497649537127208,0.8039279618328213,24.441666666666666,3.1500000000000004,5.466666666666666,5.5,13.8,2.6,3.32
2015-02-07,2.357317607532197,0.9066606182816143,30.724999999999998,31.0,31.4,235.125,29.8,0.8184714691275646,0.7935716089521474,24.450000000000003,3.25,5.316666666666667,9.5,12.5,2.6,3.02
2015-02-08,2.357248457529725,0.8730549842702684,31.375,30.8,32.4,230.64000000000001,30.2,0.8057732177633934,0.7829801036770629,24.575000000000003,3.0500000000000007,5.466666666666666,9.3,12.0,2.7,3.16
2015-02-11,1.172010113203649,0.5860050566018244,30.174999999999997,31.2,31.4,175.70000000000002,29.8,0.6968034123999111,0.7498264012045686,24.21666666666667,2.1499999999999986,4.733333333333333,7.0,12.2,2.0,2.24
2015-02-12,1.7514179654831459,0.8340085549919742,30.875,30.8,31.8,236.28000000000003,30.2,0.6997370874846168,0.7383263540031065,24.483333333333334,2.75,5.766666666666667,8.8,7.900000000000002,2.1,2.08
2015-02-13,2.172747803540859,1.0863739017704295,31.674999999999997,31.3,32.8,241.19000000000003,31.0,0.7422044106217904,0.7266075247685656,24.883333333333336,3.6999999999999993,6.966666666666666,8.9,8.400000000000002,2.0,3.2
2015-02-14,1.9620671040431723,1.0326668968648276,33.025,31.8,34.8,244.92000000000002,31.8,0.7742357926184033,0.7146733860429609,25.416666666666668,3.5999999999999996,7.533333333333334,10.4,16.5,1.9,3.18
2015-02-15,1.3610670006352277,0.6805335003176138,33.425,30.4,35.4,229.69,31.8,0.7952368390489388,0.7025274741691571,25.21666666666667,2.3499999999999996,7.683333333333334,10.3,16.2,2.0,4.12
2015-02-16,2.6776547014591894,1.164197696286604,33.025,30.4,35.0,237.825,31.2,0.7631499250568297,0.6901733882429719,24.799999999999997,4.199999999999999,7.849999999999999,10.5,15.499999999999998,2.3,4.82
2015-02-17,2.7463581929343235,1.1940687795366625,32.725,30.3,34.4,208.37999999999997,31.2,0.8204424638039404,0.6776147890466889,24.49285714285714,4.6,8.228571428571428,9.2,15.3,2.3,2.46
2015-02-18,2.2162577141775817,1.1664514285145167,32.975,30.5,34.8,225.225,31.2,0.9396934837671337,0.6648553979642865,24.314285714285717,4.25,9.299999999999999,9.9,15.5,1.9,3.25
2015-02-19,2.500974761906665,1.2504873809533326,33.375,30.8,35.2,243.95999999999998,31.8,1.0226143940403756,0.6518989958787126,23.978571428571428,4.5,9.714285714285714,10.7,16.0,2.0,3.56
2015-02-20,2.7142095906687578,1.0856838362675032,33.325,31.5,35.6,258.12,31.8,1.0821113691777122,0.6387494220515272,23.400000000000002,3.8499999999999996,9.985714285714286,10.8,15.2,2.5,2.67
2015-02-21,3.0764775628476215,0.9924121170476199,31.924999999999997,30.5,32.2,201.69000000000003,31.0,1.08201278839158,0.6254105729852463,22.942857142857143,3.5999999999999996,10.257142857142856,8.3,12.399999999999999,3.1,3.25
2015-02-22,2.5524201144414698,1.2154381497340332,29.325,28.4,29.4,11.675,28.8,1.0762621055605504,0.6118864012687243,23.05,4.15,9.957142857142857,0.5,10.099999999999998,2.1,3.07
2015-02-23,0.7819556810154069,0.39097784050770346,28.924999999999997,27.5,29.4,2.265,28.6,1.152677055477182,0.5981809144059165,23.2,1.5,8.557142857142859,0.1,9.7,2.0,2.55
2015-02-24,1.3751041933316959,0.8594401208323098,29.875,30.8,30.8,56.81,29.0,1.0422170760801959,0.5842981736283684,23.2,3.25,7.071428571428572,2.3,12.2,1.6,3.16
2015-02-25,2.2426382492569465,0.7733235342265333,29.925000000000004,31.3,28.2,72.645,30.2,0.9944129819795743,0.5702422926917871,23.49285714285714,2.6500000000000004,6.085714285714286,2.9,12.5,2.9,2.4
2015-02-26,2.046786629599369,0.8528277623330706,31.475,31.4,32.6,109.8,31.0,0.9382518542241479,0.5560174366570446,23.821428571428573,2.9000000000000004,5.085714285714286,4.5,14.0,2.4,4.23
2015-02-27,2.1560905597642988,1.0780452798821494,32.025,32.8,33.4,173.23999999999998,31.2,0.8814433372783963,0.5416278206559814,24.05,3.5,4.2,7.1,16.799999999999997,2.0,3.49
2015-02-28,2.6367264359836344,1.1985120163561973,32.525,32.8,34.4,278.495,31.4,0.8803521149376313,0.5270777086423722,24.121428571428574,3.9499999999999993,3.6714285714285717,10.9,14.499999999999996,2.2,3.54
2015-03-01,2.623043294929747,0.9368011767606239,32.025000000000006,31.6,33.6,205.84000000000003,31.2,0.9097949576959995,0.5123714121284237,24.3,3.3499999999999996,4.042857142857143,8.3,13.600000000000001,2.8,3.32
2015-03-02,2.280653020332906,1.140326510166453,33.425,32.8,35.8,221.32,32.2,0.8699896758426553,0.49751328890718066,24.50714285714286,3.8499999999999996,5.157142857142857,8.8,15.299999999999997,2.0,3.94
2015-03-03,2.137330825230786,1.124910960647782,34.275,32.8,36.8,257.55,32.6,0.9770394857939053,0.48250774176121847,24.86428571428571,3.8499999999999996,6.3999999999999995,10.1,14.599999999999998,1.9,4.12
2015-03-04,1.153116898040311,0.5241440445637777,33.95,34.5,36.4,197.6,32.6,1.01496389148183,0.4673592171580022,24.978571428571428,1.9499999999999993,7.514285714285714,7.6,17.0,2.2,3.74
2015-03-05,3.242908287830363,1.2971633151321451,32.825,32.8,34.6,267.8,32.2,0.9793668215300076,0.45207220393230435,25.11428571428571,4.25,8.185714285714285,10.4,14.099999999999998,2.5,4.28
2015-03-06,3.101316102282274,1.2922150426176142,32.925000000000004,32.7,34.8,239.04000000000002,32.2,1.0428433290727326,0.43665123195606403,25.307142857142853,4.25,9.028571428571428,9.6,15.600000000000001,2.4,4.21
2015-03-07,3.134104979608766,1.305877074836986,33.325,32.8,35.2,252.45,32.2,1.0734390094635133,0.4211008707960896,25.37857142857143,4.4,9.385714285714286,10.2,16.099999999999998,2.4,4.19
2015-03-08,3.5226688715551204,1.4677786964813002,33.625,33.0,35.6,271.08000000000004,32.2,1.088776874960769,0.40542572835999735,25.264285714285712,4.85,9.285714285714286,10.8,15.8,2.4,4.01
2015-03-09,2.7166095446131417,1.2348225202787007,33.975,32.7,35.8,217.935,32.6,1.164630806349437,0.38963044953078796,25.307142857142853,4.25,9.642857142857142,8.7,15.300000000000004,2.2,4.17
2015-03-10,2.3728472691677007,1.1299272710322383,34.125,32.1,35.8,269.5,32.8,1.1781302363654724,0.37371971479046906,25.292857142857144,3.9000000000000004,9.62857142857143,9.8,9.200000000000003,2.1,3.9
2015-03-11,2.5403959174367388,1.1547254170166994,33.975,32.0,35.4,233.325,32.6,1.1788468521346804,0.35769823883312546,25.57857142857143,4.1,9.585714285714285,8.5,9.100000000000001,2.2,3.52
2015-03-12,0.7260710029781537,0.40337277943230765,29.825,30.3,29.2,39.900000000000006,30.2,1.2689299053422405,0.3415707691678556,25.785714285714285,1.5,9.714285714285714,1.5,7.400000000000002,1.8,1.39
2015-03-13,1.4167316900745623,0.590304870864401,29.925,30.5,30.0,5.34,29.8,1.1412455430994066,0.3253420847119801,25.907142857142862,2.0999999999999996,8.442857142857141,0.2,7.600000000000001,2.4,2.02
2015-03-14,1.0451384341362935,0.6532115213351833,29.625,29.5,29.6,49.779999999999994,28.2,1.040972661420376,0.30901699437494745,26.164285714285715,2.25,7.1000000000000005,1.9,6.600000000000001,1.6,1.97
2015-03-15,2.4507924697086323,0.8169308232362108,31.475,31.5,32.2,209.44,30.4,0.9477347252058329,0.29260033563334836,26.371428571428574,2.6999999999999993,5.914285714285714,7.7,8.600000000000001,3.0,1.68
2015-03-16,3.413962293712619,1.1772283771422825,31.625,31.1,33.0,278.1,31.0,0.8547564575993916,0.27609697309746883,26.67142857142857,4.0,5.471428571428571,10.3,8.200000000000003,2.9,4.03
2015-03-17,3.643245703274699,1.4572982813098796,32.925000000000004,32.3,35.6,278.76,32.4,0.8465287228656175,0.2595117970697999,26.95,5.0,5.700000000000001,10.1,9.399999999999999,2.5,4.39
2015-03-18,2.892724549276918,1.5224866048825885,34.225,32.8,36.2,284.06999999999994,32.6,0.8932960100481377,0.2428497220959356,26.964285714285715,5.15,5.742857142857143,10.2,9.899999999999999,1.9,4.23
2015-03-19,2.3282562114994865,1.455160132187179,34.224999999999994,32.5,36.0,263.15,32.8,0.9458333226004075,0.22611568550828828,27.021428571428572,5.0,5.985714285714286,9.5,9.600000000000001,1.6,2.76
2015-03-20,2.55804334032304,1.2181158763443047,33.925,33.2,35.8,263.67,32.6,1.0960886587082463,0.20931464596304847,27.178571428571427,4.050000000000001,7.128571428571428,9.4,10.300000000000004,2.1,5.0
2015-03-21,2.0390059479733065,1.0195029739866532,34.025,32.8,35.8,275.715,32.4,1.1857759452053753,0.19245158197082998,27.37142857142857,3.4499999999999993,8.442857142857141,9.9,9.899999999999999,2.0,2.71
2015-03-22,2.330036916326335,1.2944649535146304,34.224999999999994,33.5,36.0,259.44,32.8,1.2381032955841569,0.1755314904214282,27.607142857142854,4.15,9.585714285714285,9.2,10.600000000000001,1.8,4.21
2015-03-23,2.7725243433739464,1.4592233386178666,35.175000000000004,34.0,37.0,275.965,33.6,1.3063224570525025,0.15855938510313475,27.75,4.75,9.8,9.7,11.100000000000001,1.9,4.32
2015-03-24,3.520416666647724,1.6001893939307836,34.975,33.8,36.6,283.5,33.6,1.3466074515490145,0.141540295217043,27.957142857142856,5.25,9.714285714285714,10.0,10.899999999999999,2.2,5.4
2015-03-25,3.3954227864256836,1.476270776706819,34.575,33.7,36.2,274.51,33.0,1.3670204676377151,0.12447926388678915,28.064285714285713,4.85,9.7,9.7,10.800000000000004,2.3,4.26
2015-03-26,3.459991994624766,1.153330664874922,33.724999999999994,32.7,34.8,258.54,32.6,1.3604182064697483,0.10738134666416309,28.12857142857143,3.8499999999999996,9.62857142857143,9.3,9.800000000000004,3.0,4.12
2015-03-27,2.090389195885754,1.1002048399398705,32.025,31.5,32.2,62.559999999999995,31.2,1.3172997111394256,0.09025161003104117,28.14285714285714,3.75,9.6,2.3,8.600000000000001,1.9,2.13
2015-03-28,2.164690681236771,0.941169861407292,31.775,33.0,32.4,162.10999999999999,32.0,1.3004552773673637,0.07309512989807777,28.021428571428572,3.25,8.585714285714285,5.8,10.100000000000001,2.3,2.89
2015-03-29,3.5854177519751147,1.3790068276827363,33.925,34.2,35.0,276.935,33.0,1.2892648327131693,0.055916990100603484,28.035714285714285,4.5,8.0,9.7,11.300000000000004,2.6,4.46
2015-03-30,4.787438918005428,1.7097996135733673,34.625,34.4,36.4,286.5,33.4,1.3013422433086128,0.03872228089217446,28.085714285714285,5.600000000000001,8.071428571428571,10.0,11.5,2.8,5.08
2015-03-31,3.475838145885442,1.3368608253405545,34.325,34.5,36.0,255.43,33.6,1.3371388540165416,0.021516097436222254,28.114285714285717,4.35,8.114285714285714,8.9,11.600000000000001,2.6,4.37
2015-04-01,3.3407472037826915,1.1135824012608972,34.325,34.8,36.0,210.605,34.2,1.2995204870750803,0.004303538296244289,28.164285714285715,3.8000000000000007,7.957142857142856,7.3,11.899999999999999,3.0,4.48
2015-04-02,3.031588830417525,1.3180821001815328,34.775000000000006,35.0,36.2,222.915,33.8,1.2477078620113773,-0.01291029607500882,28.24285714285714,4.25,7.614285714285715,7.7,12.100000000000001,2.3,3.88
2015-04-03,3.612095952736946,1.5704765011899766,35.475,35.2,37.2,252.73499999999999,34.2,1.271243781340893,-0.030120304846908114,28.407142857142855,4.75,7.385714285714285,8.7,12.300000000000004,2.3,4.01
2015-04-04,3.982714191208719,1.7316148657429216,35.675,35.0,37.4,295.28999999999996,34.6,1.3384254472337653,-0.04732138832243185,28.67142857142857,5.25,8.3,10.2,12.100000000000001,2.3,5.04
2015-04-05,4.346678130744316,1.8111158878101314,35.375,35.3,37.0,285.18,34.4,1.451346162138855,-0.06450844944931623,28.814285714285713,5.5,8.928571428571427,9.8,12.399999999999999,2.4,4.5
2015-04-06,3.1863416664598905,1.9914635415374315,36.275000000000006,35.8,38.2,293.5,34.8,1.5130760278713404,-0.08167639533042241,28.892857142857142,6.200000000000001,8.942857142857143,10.0,12.899999999999999,1.6,4.56
2015-04-07,3.4420800915187155,1.4965565615298764,34.675,36.0,36.6,220.875,34.2,1.5533137318662065,-0.09882013873287143,28.992857142857144,5.0,8.942857142857143,7.5,13.100000000000001,2.3,3.34
2015-04-08,1.0250649804749004,0.5395078844604739,31.574999999999996,29.2,31.2,5.21,31.8,1.576127408464681,-0.11593459959550041,29.099999999999998,1.9000000000000004,8.742857142857144,0.2,6.300000000000001,1.9,1.08
2015-04-09,4.000745362870661,1.3795673665071244,35.074999999999996,34.0,36.8,275.965,34.0,1.4941167632074777,-0.1330147065341959,28.699999999999996,4.600000000000001,7.728571428571428,9.7,11.100000000000001,2.9,4.28
2015-04-10,1.5242886751560698,0.7258517500743189,31.075000000000003,33.0,30.4,173.29,32.2,1.5029003726825623,-0.1500553983446526,28.62857142857143,2.5,8.014285714285714,6.2,10.100000000000001,2.1,4.28
2015-04-11,2.018409287149461,1.0092046435747306,32.625,35.0,33.8,193.965,33.0,1.3822396939517538,-0.16705162550211924,28.471428571428568,3.5,7.657142857142857,6.7,12.100000000000001,2.0,3.99
2015-04-12,4.3146875152747075,1.3918346823466798,34.125,35.0,35.6,298.185,33.6,1.2790382336420125,-0.18399835165768005,28.47142857142857,4.5,7.1571428571428575,10.3,12.100000000000001,3.1,4.79
2015-04-13,1.2184386587906713,0.4061462195968904,29.475,32.0,29.2,71.37,30.4,1.219140918575805,-0.20089055513063506,28.449999999999996,1.5,7.228571428571428,2.6,9.100000000000001,3.0,2.15
2015-04-16,3.707508113966453,1.3731511533209084,34.125,34.0,35.6,278.81,32.6,0.9796788755710785,-0.25119006388481935,28.283333333333335,4.5,7.216666666666668,9.8,11.100000000000001,2.7,4.12
2015-04-17,5.226981053600622,1.6334315792501943,34.475,34.5,35.6,307.09,33.6,0.9786095067067091,-0.2678143051621742,28.28333333333333,5.25,7.233333333333333,10.7,11.600000000000001,3.2,5.58
2015-04-18,2.5384179308198287,0.8753165278689065,34.225,34.9,35.4,306.34,33.4,1.1298728115693548,-0.2843591872810034,28.40833333333333,3.0,7.983333333333334,10.6,12.0,2.9,3.07
2015-04-19,1.4557317023634426,0.7278658511817213,34.125,34.8,35.2,242.34,33.2,1.1075581256183844,-0.30081980763566735,28.399999999999995,2.5999999999999996,8.633333333333333,8.4,11.899999999999999,2.0,3.49
2015-04-20,1.1778996580824084,0.5609045990868611,31.325,33.0,31.4,125.77499999999999,32.2,0.9968966537575579,-0.3171912885891061,28.38333333333333,2.0,8.316666666666668,4.5,10.100000000000001,2.1,2.87
2015-04-21,3.2744562707122817,1.1694486681115293,34.225,33.5,35.6,191.76,32.4,1.0226897170058864,-0.3334687789181868,28.46666666666667,3.8000000000000007,8.633333333333335,6.8,10.600000000000001,2.8,4.55
2015-04-22,3.492808879401734,1.663242323524635,35.375,35.0,36.8,301.08,33.6,1.0436552814495497,-0.3496474552512284,28.428571428571427,5.050000000000001,8.371428571428572,10.4,12.100000000000001,2.1,4.64
2015-04-23,3.1649378017320795,1.0913578626662344,36.575,36.2,37.6,310.27500000000003,34.4,1.1433372431921078,-0.36572252349726897,28.571428571428573,3.5999999999999996,8.742857142857144,10.5,13.300000000000004,2.9,4.91
2015-04-24,3.161849791185658,1.2160960735329454,36.625,35.8,38.4,321.3,34.6,1.103081058812869,-0.3816892202666588,28.728571428571428,4.1,8.842857142857143,10.8,12.099999999999998,2.6,5.15
2015-04-25,2.67520422363775,0.955430079870625,33.875,33.3,34.4,166.085,33.6,1.0434617008532618,-0.39754281428255595,28.878571428571426,3.3000000000000007,8.857142857142858,5.9,10.299999999999997,2.8,5.29
2015-04-26,3.9670621264402697,1.4692822690519516,36.025000000000006,35.2,37.8,316.8,34.4,1.0549064939963646,-0.4132786077829042,28.771428571428572,4.550000000000001,8.185714285714287,11.0,12.800000000000004,2.7,3.74
2015-04-27,4.490242124927854,1.4484652015896302,36.475,35.3,38.0,266.79999999999995,34.4,1.1608231251206829,-0.4288919379124835,28.764285714285716,4.5,8.557142857142857,9.2,12.599999999999998,3.1,3.58
2015-04-28,1.590182876179332,0.9354016918701953,34.875,35.0,36.2,226.98000000000002,34.4,1.2876174969067928,-0.4443781781046132,28.91428571428571,3.25,9.228571428571428,7.8,11.8,1.7,4.08
2015-04-29,2.7288582957155585,1.299456331293123,34.375,33.8,35.4,234.10999999999996,33.4,1.2541822145866024,-0.45973273945210397,29.042857142857144,4.35,9.371428571428572,8.2,10.499999999999996,2.1,3.88
2015-04-30,3.6385920158989187,1.8192960079494593,36.525,35.5,38.2,277.875,34.4,1.202212787124958,-0.47495107206704995,28.985714285714288,5.699999999999999,9.057142857142855,9.5,12.5,2.0,4.64
2015-05-01,3.6470927451518307,1.4588370980607324,35.275000000000006,34.1,36.4,200.10000000000002,34.2,1.3062039507368473,-0.4900286664290592,28.942857142857143,4.65,8.914285714285713,6.9,10.200000000000003,2.5,2.91
2015-05-02,2.7565820404853048,1.2529918365842294,36.125,35.0,37.4,201.61999999999998,34.8,1.3408812399551024,-0.5049610547215204,28.835714285714285,3.9499999999999993,8.357142857142858,6.8,10.7,2.2,5.29
2015-05-03,3.450743242034865,1.8161806537025607,36.525,36.0,38.2,281.32500000000005,34.6,1.3833900623427602,-0.5197438121555155,29.05,5.5,8.485714285714286,9.3,11.5,1.9,4.57
2015-05-04,1.4796168872600848,0.6433116901130804,33.125,34.8,31.0,177.33,34.0,1.4329469744357044,-0.5343725582809786,29.25714285714286,2.25,8.242857142857144,6.9,18.199999999999996,2.3,1.95
2015-05-05,2.983527409389886,1.356148822449948,33.275,34.0,34.2,210.60500000000002,32.6,1.3179250442247687,-0.548842958284719,28.785714285714285,4.350000000000001,7.914285714285714,7.3,10.3,2.2,2.33
2015-05-06,2.136113866218696,0.92874515922552,32.974999999999994,34.3,33.8,212.01,32.4,1.3780317771647332,-0.5631507242749186,28.75,3.25,7.8428571428571425,7.4,11.299999999999997,2.3,4.61
2015-05-07,2.4979666616117315,1.0408194423382215,34.625,34.0,36.2,227.36999999999998,33.6,1.325073038297933,-0.5772916165517272,28.764285714285712,3.5,7.728571428571429,7.8,9.7,2.4,3.32
2015-05-08,2.5896801389467505,1.4387111883037502,33.925,34.5,34.2,211.32000000000002,33.2,1.2138621003534704,-0.5912614448635781,28.75,4.5,7.485714285714286,7.2,10.3,1.8,3.54
2015-05-09,2.3779305952252376,1.3210725529029097,33.925,34.0,34.6,136.77,33.0,1.2109869703881873,-0.6050560696488488,28.8,4.25,7.528571428571428,4.7,9.8,1.8,3.18
2015-05-12,2.231017275859503,1.0623891789807156,33.225,33.5,34.2,195.615,32.4,1.155322298023078,-0.6453481132295501,28.941666666666666,3.5500000000000007,6.466666666666666,6.9,10.3,2.1,3.94
2015-05-13,0.8663776627220356,0.4813209237344642,31.924999999999997,33.0,32.2,184.25,32.2,1.1063623574448724,-0.6584015846980488,28.85833333333333,1.6999999999999993,6.400000000000001,6.7,11.0,1.8,3.67
2015-05-14,1.1329671065326885,0.6294261702959381,32.225,34.0,33.2,220.99,33.0,1.0317916515296963,-0.6712599575675313,28.666666666666668,2.25,6.283333333333334,7.7,10.600000000000001,1.8,3.09
2015-05-15,1.5194097442551342,1.2661747868792785,32.825,33.0,33.2,177.63,32.2,0.9632261061893158,-0.6839194216246106,28.59166666666667,4.049999999999999,6.266666666666667,6.2,8.7,1.2,3.21
2015-05-16,1.847837611573434,1.0869633009255495,33.725,34.5,34.8,180.56,32.6,0.9344700392852373,-0.6963762255968722,28.475000000000005,3.3499999999999996,6.1000000000000005,6.1,9.8,1.7,2.5
2015-05-17,2.4312215759712954,1.4301303388066444,34.325,33.4,35.6,243.95,33.4,0.8954518306223439,-0.7086266782644596,28.558333333333334,4.5,6.333333333333333,8.5,9.399999999999999,1.7,2.35
2015-05-18,2.6263341614971347,1.3131670807485674,35.574999999999996,34.0,37.2,255.20000000000002,33.8,0.9718344746486726,-0.7206671495538609,28.578571428571426,4.199999999999999,6.642857142857143,8.8,10.0,2.0,5.42
2015-05-19,4.827569592613966,1.9310278370455864,36.425,35.2,38.2,286.635,34.2,1.0385102543387368,-0.7324940716135789,28.642857142857142,5.9,7.271428571428572,9.7,11.300000000000004,2.5,5.02
2015-05-20,4.773221582094862,2.1696461736794825,36.175,35.8,38.2,289.59,34.4,1.162601491205147,-0.7441039398713607,28.814285714285713,6.800000000000001,7.671428571428571,9.8,12.499999999999996,2.2,4.41
2015-05-21,4.410444708049884,1.6963248877114938,35.975,36.5,37.6,328.635,34.4,1.4037908126258638,-0.7554933140726803,29.107142857142854,5.35,8.114285714285714,10.9,12.7,2.6,4.61
2015-05-22,3.568106090716033,1.4867108711316805,35.675,34.5,37.2,284.21,34.4,1.5562049151138004,-0.766658819300159,29.314285714285713,4.699999999999999,8.571428571428571,9.7,10.399999999999999,2.4,3.27
2015-05-23,6.04734372936425,1.8325284028376516,35.625,34.2,37.2,286.0,34.4,1.5877100700070008,-0.7775971469736269,29.407142857142855,5.85,9.071428571428571,10.0,11.200000000000003,3.3,5.49
2015-05-24,6.2248879645204,1.8308494013295296,36.425,35.7,38.4,315.115,34.4,1.6942193702801582,-0.7883050558305255,29.264285714285712,5.800000000000001,9.62857142857143,10.7,12.500000000000004,3.4,5.76
2015-05-25,5.388918845910245,1.8582478779000846,36.125,35.3,37.6,306.8,34.6,1.75146495064057,-0.7987793728863649,29.371428571428574,5.800000000000001,9.942857142857141,10.4,11.599999999999998,2.9,4.46
2015-05-26,5.8138905897224555,2.3255562358889823,36.175000000000004,35.3,37.6,198.655,34.2,1.8293336359479297,-0.8090169943749473,29.442857142857147,7.550000000000001,10.171428571428573,6.7,11.299999999999997,2.5,4.68
2015-05-27,4.851864243066472,1.7328086582380258,36.225,35.4,37.8,278.535,34.4,1.8856948357827006,-0.8190148866680801,29.457142857142856,5.35,9.742857142857144,9.3,10.899999999999999,2.8,4.03
2015-05-28,2.951760777116308,1.736329868891946,36.775,35.8,38.6,230.23,34.4,1.8232894764339211,-0.8287700871745038,29.514285714285716,5.299999999999999,9.671428571428573,7.7,11.799999999999997,1.7,4.17
2015-05-29,5.351009634799089,1.8451757361376169,37.025,35.6,38.6,325.365,35.6,1.8290044737454143,-0.8382797052177744,29.478571428571428,5.75,9.214285714285714,10.9,11.5,2.9,5.02
2015-05-30,3.5021209963632627,1.7510604981816313,37.074999999999996,35.8,38.4,237.6,35.6,1.8802137401748336,-0.8475409228928311,29.557142857142857,5.5,9.385714285714286,8.0,12.199999999999996,2.0,5.51
2015-05-31,4.8244321331507685,1.786826715981766,36.775,35.4,38.2,241.89999999999998,34.8,1.8685754680811166,-0.8565509959010036,29.714285714285715,5.699999999999999,9.1,8.2,11.799999999999997,2.7,4.56
2015-06-01,5.416178490737501,1.7471543518508066,36.725,34.8,38.2,301.27500000000003,35.0,1.8622865130314363,-0.865307254363206,29.72142857142857,5.550000000000001,8.742857142857144,10.3,11.099999999999998,3.1,5.59
2015-06-02,2.8054589661083806,1.8703059774055872,36.074999999999996,34.7,36.8,282.24,34.6,1.8464160093101107,-0.8738071036110808,29.685714285714287,5.999999999999998,8.72857142857143,9.6,10.600000000000001,1.5,3.58
2015-06-03,5.654929223318594,2.174972778199459,36.875,36.0,38.6,286.425,34.4,1.7813802580981972,-0.8820480249558537,29.650000000000002,6.6,9.142857142857142,9.5,11.7,2.6,2.31
2015-06-04,0.980113217455711,0.5158490618187953,32.575,34.0,33.6,163.02,33.8,1.8445465609498304,-0.8900275764346767,29.678571428571427,1.75,9.171428571428573,5.7,10.8,1.9,2.46
2015-06-05,2.8366936870292556,1.1819557029288565,33.775000000000006,34.4,35.2,270.275,33.2,1.6701921599393803,-0.8977433935342337,29.492857142857144,4.050000000000001,8.885714285714284,9.5,11.899999999999999,2.4,5.35
2015-06-06,3.765987736366995,1.6373859723334763,34.074999999999996,35.0,35.4,306.8,33.8,1.5754464409095574,-0.9051931898913974,29.29285714285714,5.15,8.685714285714285,10.4,11.0,2.3,4.45
2015-06-07,5.424256895474835,1.937234605526727,35.125,34.8,36.6,322.455,34.2,1.5592072229312495,-0.9123747579707273,29.264285714285712,6.25,9.028571428571428,11.1,11.499999999999996,2.8,4.79
2015-06-08,4.061659924577207,1.624663969830883,35.125,34.7,36.4,305.55,34.0,1.5806940642948155,-0.9192859697186104,29.2,5.25,9.442857142857141,10.5,11.200000000000003,2.5,3.8
2015-06-09,5.2072830854305785,2.0028011867040685,35.725,34.9,37.2,307.65,34.4,1.563195438291969,-0.9259247771938498,29.178571428571427,6.25,9.471428571428572,10.5,11.2,2.6,5.75
2015-06-10,4.851307609759427,1.7967805962071952,35.525,34.4,37.0,291.71999999999997,34.2,1.5821233253346094,-0.9322892131745133,29.16428571428571,5.65,9.6,10.2,11.599999999999998,2.7,5.46
2015-06-11,5.225003109585188,1.8660725391375674,35.875,35.2,37.2,250.32500000000002,34.6,1.528095870764286,-0.9383773917408641,28.942857142857143,5.75,9.700000000000001,8.5,11.500000000000004,2.8,5.39
2015-06-12,6.686956362644917,1.8574878785124769,35.975,34.4,37.6,302.12,34.4,1.720984938952682,-0.9441875088341993,29.064285714285713,5.949999999999999,10.1,10.4,10.7,3.6,6.63
2015-06-13,4.868285428504036,1.9473141714016142,35.925000000000004,35.3,37.4,321.75,34.4,1.8174895354646277,-0.9497178427914316,29.150000000000002,6.0,10.22857142857143,11.0,12.099999999999998,2.5,3.96
2015-06-14,9.018491765447118,2.0041092812104706,36.225,35.5,37.8,351.05,34.4,1.8617649924743616,-0.9549667548552551,29.114285714285717,6.35,10.314285714285715,11.8,11.5,4.5,4.54
2015-06-15,10.135498046766974,1.7474996632356854,36.375,33.8,37.2,339.87999999999994,34.6,1.8713185175720393,-0.9599326896597447,29.214285714285715,5.5,10.414285714285715,11.6,8.999999999999996,5.8,6.65
2015-06-16,7.990780345210823,1.507694404756759,34.675,32.8,35.2,114.39999999999999,33.4,1.8888664737727257,-0.9646141756912435,29.24285714285714,5.049999999999999,10.571428571428571,4.0,8.399999999999999,5.3,4.12
2015-06-17,10.622045377038502,1.539426866237464,33.775,32.5,34.0,26.25,33.0,1.8181369334945383,-0.9690098257244062,29.14285714285714,5.25,9.642857142857142,1.0,12.5,6.9,4.9
2015-06-18,13.903017013448613,1.7378771266810766,33.574999999999996,32.0,33.8,73.375,32.6,1.7813721149274337,-0.9731183372332619,28.807142857142853,5.75,8.328571428571427,2.5,5.300000000000001,8.0,5.17
2015-06-19,16.800965439425305,1.7501005666068026,33.825,33.3,34.2,248.585,32.6,1.7630584845765067,-0.9769384927771817,28.792857142857144,5.75,7.471428571428571,8.3,6.699999999999996,9.6,5.64
2015-06-20,15.837165685332403,2.199606345185056,35.625,34.5,36.8,284.625,34.0,1.7477174400185531,-0.980469160361632,28.92142857142857,7.15,7.171428571428572,9.9,11.5,7.2,8.57
2015-06-21,10.743055869341354,2.335446928117686,35.425,34.4,36.2,288.91499999999996,33.8,1.7837591791304734,-0.9837092937736097,28.849999999999998,7.5,7.014285714285714,10.3,12.7,4.6,5.6
2015-06-22,9.60276683030725,2.2863730548350594,35.525,34.8,36.4,317.9,34.0,1.831093128688647,-0.986657932891657,28.607142857142858,7.450000000000001,6.8,11.0,11.799999999999997,4.2,6.58
2015-06-23,8.744956600919513,1.9874901365726165,36.025000000000006,35.0,37.2,319.125,34.2,1.9080750417742718,-0.9893142039703663,28.55,6.35,6.714285714285714,11.1,12.5,4.4,6.13
2015-06-24,8.84595770923796,2.106180406961419,36.974999999999994,35.2,38.2,321.20000000000005,35.0,1.9766172891765372,-0.99167731989929,28.571428571428573,6.550000000000001,7.728571428571428,11.0,12.000000000000004,4.2,6.54
2015-06-25,13.333801062393388,2.1164763591100617,36.525,34.5,38.0,333.35,34.8,2.057582080708531,-0.993746580436178,28.992857142857144,6.75,9.157142857142857,11.3,10.0,6.3,6.96
2015-06-26,19.34527344978221,1.9153736088893276,35.875,33.8,36.6,244.67,34.4,2.111667685341243,-0.9955213724144752,29.014285714285712,6.25,10.414285714285715,8.6,10.699999999999996,10.1,7.84
2015-06-27,10.824901029070226,1.7745739391918405,35.125,33.5,35.4,115.0,34.2,2.1352781199530324,-0.9970011699250151,28.8,5.9,10.457142857142857,4.0,9.5,6.1,5.51
2015-06-28,8.668064306292088,2.1141620259249,35.875,34.5,36.6,214.60000000000002,34.2,2.0745592048111443,-0.9981855344718586,28.8,6.75,9.614285714285714,7.4,11.0,4.1,4.83
2015-06-29,5.974370992629564,1.5318899981101446,36.825,33.8,37.6,242.51999999999998,34.6,2.0429470759264605,-0.99907411510223,28.935714285714287,4.949999999999999,9.200000000000001,8.6,11.199999999999996,3.9,6.94
2015-06-30,3.467586585584663,1.238423780565951,35.125,34.5,35.8,201.25,34.2,1.9351637821086156,-0.9996666485105112,28.83571428571429,4.15,8.857142857142858,7.0,11.5,2.8,3.92
2015-07-01,6.157917357505638,1.759404959287325,36.475,35.0,37.4,334.59000000000003,34.6,1.828154302679092,-0.9999629591162655,28.83571428571429,5.5,8.271428571428572,11.4,11.3,3.5,5.91
2015-07-02,4.020474106915244,1.1167983630320122,37.724999999999994,35.5,38.8,329.96000000000004,36.2,1.7786149530113644,-0.9999629591162655,28.857142857142858,3.75,8.32857142857143,11.3,12.600000000000001,3.6,6.13
2015-07-03,11.779269805978076,1.9310278370455864,37.825,35.3,38.8,334.66499999999996,35.8,1.6358038107145003,-0.9996666485105112,28.814285714285713,6.35,8.328571428571427,11.1,10.299999999999997,6.1,7.28
2015-07-04,11.286663245396895,1.8811105408994826,37.125,34.5,38.2,366.875,35.6,1.638040129022537,-0.99907411510223,29.057142857142857,6.0,8.685714285714285,12.5,10.3,6.0,7.01
2015-07-05,14.030852138700448,1.9220345395480065,37.375,34.4,38.2,304.46999999999997,35.6,1.6532596435522002,-0.9981855344718586,29.142857142857142,6.0,9.9,10.2,9.099999999999998,7.3,7.61
2015-07-06,13.697198165218678,2.107261256187489,35.875,33.8,36.4,250.55999999999995,34.4,1.6258128597840726,-0.9970011699250151,29.264285714285712,6.85,10.299999999999999,8.7,9.999999999999996,6.5,5.62
2015-07-07,13.56299935251312,2.119218648830175,36.474999999999994,34.3,37.2,302.09999999999997,34.6,1.7080087537951218,-0.9955213724144752,29.349999999999998,7.0,10.314285714285715,10.6,11.599999999999998,6.4,8.53
2015-07-08,12.959319654454557,1.993741485300701,36.775,34.8,37.4,323.4,34.6,1.8338365921185822,-0.9937465804361781,29.314285714285713,6.4,10.828571428571427,11.0,10.799999999999997,6.5,5.77
2015-07-09,15.668820188722846,2.1762250262115064,36.775,34.4,37.8,308.485,34.6,1.8673132386919218,-0.99167731989929,29.321428571428573,7.0,10.771428571428572,10.3,8.899999999999999,7.2,7.97
2015-07-10,15.140704302008425,2.1324935636631586,36.775,34.7,37.6,268.40000000000003,34.4,2.018659904860421,-0.9893142039703664,29.428571428571427,6.9,10.628571428571428,8.8,8.400000000000002,7.1,7.23
2015-07-11,17.750933762749177,2.3987748328039427,36.775000000000006,34.5,38.6,243.0,34.2,2.0474407229486453,-0.9866579328916572,29.478571428571428,7.75,10.299999999999999,8.1,9.0,7.4,7.01
2015-07-12,10.997350743957346,2.4993978963539423,36.625,35.0,38.0,269.70000000000005,34.0,2.1213927646492827,-0.9837092937736098,29.571428571428573,8.0,9.671428571428573,9.3,12.0,4.4,4.77
2015-07-13,6.536705196868642,2.0427203740214503,37.975,35.8,39.2,305.76,35.6,2.203873244192988,-0.9804691603616321,29.45,6.449999999999999,9.542857142857143,10.4,12.799999999999997,3.2,7.03
2015-07-14,9.617965973786058,2.0908621682143607,38.074999999999996,36.0,39.0,310.96,35.8,2.194653118169268,-0.9769384927771817,29.535714285714285,6.6,9.785714285714286,10.4,12.2,4.6,6.67
2015-07-15,15.311454132452617,2.0691154233044076,36.675,34.7,38.0,263.88500000000005,33.6,2.190602192367009,-0.973118337233262,29.735714285714284,6.75,9.757142857142856,8.9,10.100000000000001,7.4,6.72
2015-07-16,14.296541858105925,1.8811239286981483,36.825,34.0,37.4,296.5,35.4,2.2013698977961096,-0.9690098257244063,29.77142857142857,6.199999999999999,9.457142857142857,10.0,8.7,7.6,6.84
2015-07-17,13.812887009780463,1.4852566677183292,35.474999999999994,33.0,36.0,184.905,34.4,2.1592125981513446,-0.9646141756912435,29.728571428571428,5.1,9.414285714285715,6.3,7.300000000000001,9.3,5.8
2015-07-18,16.672012958327,1.9163233285433334,35.225,33.5,35.6,123.9,34.2,2.0667501844449405,-0.9599326896597445,29.564285714285713,6.25,9.057142857142857,4.2,8.0,8.7,6.98
2015-07-19,16.448711672265688,1.9581799609840105,37.375,34.3,38.6,330.9599999999999,35.0,1.997828540979139,-0.9549667548552553,29.49285714285714,6.25,8.5,11.2,9.499999999999996,8.4,7.25
2015-07-20,9.78280392519651,1.778691622763002,36.125,33.5,36.6,245.64999999999998,34.4,1.9205116930691486,-0.9497178427914317,29.571428571428573,5.85,8.771428571428572,8.5,9.2,5.5,5.26
2015-07-21,13.101914915098279,1.9555096888206387,36.525,34.6,37.0,231.47000000000003,34.6,1.8827933000322274,-0.9441875088341994,29.5,6.25,8.5,7.9,10.600000000000001,6.7,5.98
2015-07-24,6.408071966058177,1.7800199905717158,37.075,34.8,37.8,164.445,34.6,1.825105199230063,-0.9259247771938499,29.383333333333336,5.750000000000002,7.583333333333333,5.7,11.899999999999999,3.6,4.81
2015-07-25,7.24458264873168,1.81114566218292,38.525000000000006,35.8,39.0,209.51999999999998,35.6,1.8742324197056277,-0.9192859697186105,29.3,5.699999999999999,7.483333333333334,7.2,13.399999999999999,4.0,5.28
2015-07-26,8.344509782065183,1.940583670247717,37.625,34.9,38.4,302.62999999999994,35.4,1.8567028086455586,-0.9123747579707274,29.233333333333334,6.149999999999999,7.983333333333333,10.6,12.7,4.3,4.61
2015-07-27,5.7336756061478145,1.9771295193613154,37.375,35.0,38.2,245.22500000000002,35.4,1.853770093522843,-0.9051931898913975,29.066666666666663,5.800000000000001,7.883333333333334,8.5,12.3,2.9,4.27
2015-07-28,5.3575602959059445,1.9842815910762757,37.675,35.5,38.2,283.72499999999997,35.8,1.8868430762892288,-0.8977433935342336,29.058333333333334,6.25,7.883333333333333,9.7,12.5,2.7,5.57
2015-07-29,8.006554894913158,2.5827596435203737,39.275000000000006,36.7,40.0,320.76000000000005,37.4,1.8916383933318348,-0.8900275764346766,29.05,8.1,8.183333333333332,10.8,14.000000000000004,3.1,5.8
2015-07-30,7.548927335270808,2.287553737960851,37.875,35.5,38.4,165.2,35.6,1.990370000501626,-0.8820480249558535,29.142857142857142,7.399999999999999,8.557142857142857,5.6,12.0,3.3,5.93
2015-07-31,5.358703985374255,2.3298712979888068,39.325,36.5,40.2,299.73,36.0,2.0519248307030242,-0.8738071036110807,29.11428571428571,7.35,8.3,10.3,14.8,2.3,3.65
2015-08-01,8.316208828633211,2.3760596653237744,39.275,36.0,40.2,332.31,37.0,2.1304750174768943,-0.8653072543632061,29.150000000000002,7.5,8.957142857142857,11.4,13.7,3.5,5.73
2015-08-02,10.894384695733624,2.475996521757642,38.725,35.8,39.6,327.59999999999997,36.8,2.211177017925588,-0.8565509959010037,29.157142857142855,7.799999999999999,9.557142857142859,11.2,13.099999999999998,4.4,6.2
2015-08-03,10.654222527194724,2.2196296931655675,38.675,36.0,39.2,318.825,37.0,2.2876645681412913,-0.8475409228928312,29.25714285714286,7.1999999999999975,9.642857142857142,10.9,13.5,4.8,6.29
2015-08-04,12.172408502395845,2.1736443754278296,37.925,34.5,38.4,321.44,36.2,2.3223074501133274,-0.8382797052177745,29.314285714285713,7.25,9.985714285714286,11.2,11.600000000000001,5.6,6.24
2015-08-05,13.702735759499873,2.015108199926452,37.974999999999994,34.4,38.6,260.77,35.6,2.3493592764492637,-0.828770087174504,29.235714285714288,6.6,10.2,8.9,10.2,6.8,5.55
2015-08-06,16.02833046740448,2.428534919303709,38.525,34.4,39.4,342.80999999999995,36.2,2.2682662130787032,-0.8190148866680802,29.178571428571427,7.75,9.928571428571429,11.7,10.2,6.6,7.57
2015-08-07,16.069740149593734,2.472267715322113,38.525,35.5,39.6,336.375,36.0,2.288406381841969,-0.8090169943749472,29.150000000000002,7.999999999999998,10.799999999999999,11.5,12.5,6.5,6.74
2015-08-08,12.21672444814042,1.9088631950219406,36.275,33.0,36.6,165.88,35.2,2.308748727175298,-0.7987793728863648,29.17142857142857,6.5,10.971428571428572,5.8,8.8,6.4,4.48
2015-08-09,16.026327227029146,1.9785589169171784,36.075,34.4,36.0,152.48999999999998,34.2,2.2420063742750362,-0.7883050558305253,29.092857142857145,6.5,10.171428571428569,5.1,9.0,8.1,5.15
2015-08-10,16.618370055308294,1.9783773875367017,36.525000000000006,33.8,36.6,171.57,34.8,2.170943859297827,-0.7775971469736268,29.185714285714287,6.300000000000001,9.299999999999999,5.7,7.399999999999999,8.4,7.25
2015-08-11,14.068344586950488,2.0688742039633072,36.974999999999994,33.8,37.4,239.84999999999997,35.6,2.1364792442079894,-0.7666588193001592,29.307142857142857,6.75,8.557142857142857,8.2,9.099999999999998,6.8,5.86
2015-08-12,10.811339051130929,2.300284904495942,37.825,35.8,38.6,299.96999999999997,35.8,2.1215120768559146,-0.7554933140726804,29.385714285714283,6.949999999999999,8.128571428571428,9.9,10.999999999999996,4.7,5.2
2015-08-13,14.641609426292497,2.2877514728582025,39.025,36.3,39.8,323.185,36.2,2.1622516060801273,-0.7441039398713608,29.52857142857143,7.049999999999999,8.27142857142857,10.9,13.299999999999997,6.4,6.84
2015-08-14,7.4581357256563345,2.4058502340826884,39.625,37.2,40.8,308.54999999999995,36.6,2.1421396851593406,-0.7324940716135792,29.578571428571426,7.050000000000001,8.157142857142857,10.2,13.900000000000002,3.1,9.04
2015-08-15,2.681826068168564,0.924767609713298,33.075,34.0,32.8,197.735,33.2,2.1326514735537088,-0.7206671495538615,29.721428571428568,3.0500000000000007,7.971428571428571,7.1,12.3,2.9,3.31
2015-08-16,2.0530058127110533,0.8212023250844213,32.325,33.5,32.2,88.32000000000001,32.0,1.9920663899381883,-0.70862667826446,29.61428571428571,2.75,8.157142857142857,3.2,11.8,2.5,2.62
2015-08-17,1.1382017107805735,0.7588011405203823,32.375,33.0,32.6,201.6,32.4,1.8267297339620803,-0.6963762255968726,29.285714285714285,2.5,7.885714285714285,7.2,10.0,1.5,2.3
2015-08-18,3.216711338616896,1.237196668698806,33.775,33.3,34.6,292.76,33.2,1.6525045558168918,-0.6839194216246105,28.985714285714284,4.0,8.1,10.4,10.299999999999997,2.6,4.83
2015-08-19,2.590131602772256,1.233396001320122,34.775,34.6,36.0,273.54,33.6,1.5336934793505343,-0.6712599575675315,28.828571428571426,3.9000000000000004,8.414285714285715,9.4,11.0,2.1,3.15
2015-08-20,3.986635421358763,1.5333213159072165,35.224999999999994,34.8,36.8,303.69,34.2,1.3812807788968458,-0.6584015846980489,28.657142857142862,4.9,8.342857142857143,10.6,12.299999999999997,2.6,4.63
2015-08-21,4.775881560953496,1.591960520317832,35.675,34.5,36.8,296.40000000000003,34.4,1.2735050421895622,-0.64534811322955,28.514285714285712,4.999999999999998,8.3,10.4,12.0,3.0,4.65
2015-08-22,6.951851279804625,1.695573482879177,36.375,35.3,38.0,304.21999999999997,34.6,1.1572350830802969,-0.6321034111873488,28.264285714285712,5.25,8.328571428571427,10.6,13.199999999999996,4.1,6.42
2015-08-23,8.5902540087204,1.9089453352712002,36.075,35.3,37.4,272.6,34.4,1.2673502078182797,-0.6186714032625032,28.38571428571429,6.100000000000001,8.82857142857143,9.4,12.599999999999998,4.5,5.8
2015-08-24,9.830994412698182,2.0063253903465674,36.325,34.8,37.4,307.625,34.6,1.4227420664163908,-0.6050560696488494,28.58571428571429,6.4,9.714285714285714,10.7,12.099999999999998,4.9,4.74
2015-08-25,9.0540126490358,1.9682636193556087,36.025000000000006,34.7,37.2,306.18000000000006,34.6,1.6009598163915602,-0.5912614448635782,28.692857142857147,6.199999999999999,10.214285714285714,10.8,12.700000000000003,4.6,6.43
2015-08-26,10.611142599141967,2.1222285198283934,36.225,35.1,37.6,310.65000000000003,34.4,1.705397952199675,-0.5772916165517278,28.72142857142857,6.85,10.271428571428572,10.9,13.200000000000003,5.0,7.3
2015-08-27,7.568797446261652,1.5768328013045108,35.325,34.3,36.2,270.23999999999995,33.8,1.8323740262722852,-0.5631507242749187,28.635714285714283,5.200000000000001,10.485714285714286,9.6,12.299999999999997,4.8,3.36
2015-08-28,7.311235334340968,1.7407703177002305,35.125,34.0,36.0,217.525,33.6,1.8385899527576128,-0.5488429582847199,28.564285714285717,5.75,10.342857142857143,7.7,11.5,4.2,4.72
2015-08-29,6.8612508768658556,1.5593751992876943,36.475,35.0,37.6,317.46,34.6,1.8598484952408125,-0.5343725582809785,28.528571428571432,4.75,9.957142857142857,11.1,12.8,4.4,5.6
2015-08-30,6.356926723220522,1.7658129786723673,37.175000000000004,36.3,38.4,329.28,35.2,1.8403915975848866,-0.5197438121555157,28.514285714285712,5.5,10.028571428571428,11.2,13.799999999999997,3.6,5.15
2015-08-31,2.6284149108211285,1.3833762688532256,36.225,36.3,37.2,208.73999999999998,35.2,1.8199441180707676,-0.5049610547215202,28.571428571428573,4.449999999999999,10.285714285714286,7.1,13.799999999999997,1.9,3.15
2015-09-01,4.091971295835073,1.6367885183340292,37.724999999999994,36.4,39.4,261.36,35.8,1.7309513864288615,-0.4900286664290594,28.66428571428571,5.0,9.77142857142857,8.8,13.399999999999999,2.5,6.22
2015-09-02,2.7244574005420787,1.1351905835591996,34.975,35.0,36.2,274.95,34.2,1.6835978005686358,-0.4749510720670502,28.857142857142858,3.5000000000000018,9.485714285714286,9.4,11.5,2.4,5.46
2015-09-03,1.3080605801383787,0.5687219913645125,33.125,33.8,33.8,218.78999999999996,32.6,1.5425923811016082,-0.4597327394521046,28.964285714285715,2.0,9.27142857142857,7.8,11.499999999999996,2.3,3.2
2015-09-04,1.7739594694871599,0.8869797347435799,33.675,33.7,34.6,114.185,32.6,1.39857655111018,-0.4443781781046134,28.949999999999996,2.8000000000000007,9.014285714285714,4.1,11.700000000000003,2.0,3.06
2015-09-05,1.4485461274328075,1.0346758053091483,32.974999999999994,32.8,32.8,125.32499999999999,32.2,1.2766064678306586,-0.4288919379124841,28.892857142857142,3.3000000000000007,8.5,4.5,9.899999999999999,1.4,2.46
2015-09-06,2.2000538631282027,1.2222521461823348,33.875,34.0,35.2,204.4,33.2,1.201649411548009,-0.41327860778290443,28.785714285714285,3.8499999999999996,7.557142857142858,7.3,12.0,1.8,3.87
2015-09-07,1.9373112023014065,1.291540801534271,32.574999999999996,32.5,32.8,98.46000000000001,32.2,1.1239978640494328,-0.3975428142825566,28.585714285714285,4.25,7.0,3.6,10.3,1.5,2.46
2015-09-08,0.8530829870467688,0.5687219913645125,32.025,32.8,32.4,150.64,31.4,1.1108785115752964,-0.3816892202666586,28.292857142857144,2.0,6.5,5.6,11.799999999999997,1.5,2.39
2015-09-09,3.124216829831892,1.4200985590144963,33.525,34.5,34.2,293.55,32.4,0.9582975791510798,-0.3657225234972692,27.892857142857142,4.4,6.042857142857143,10.3,12.0,2.2,4.14
2015-09-10,4.116203796416237,1.1124875125449287,33.625,32.5,34.4,254.35500000000005,32.8,0.9989987185018366,-0.34964745525122826,27.785714285714285,3.6000000000000014,6.171428571428571,9.3,10.3,3.7,4.07
2015-09-11,4.114035934027874,1.1754388382936782,33.925,34.2,34.4,250.98000000000005,33.2,1.076679507241896,-0.33346877891818705,27.685714285714287,3.75,6.385714285714286,8.9,12.000000000000004,3.5,4.65
2015-09-12,5.947720761087664,1.486930190271916,32.925,33.0,33.2,261.59999999999997,32.2,1.1178879506061956,-0.31719128858910595,27.735714285714284,4.75,7.071428571428571,9.6,11.5,4.0,3.56
2015-09-13,6.993620852375562,1.6264234540408284,34.125,34.0,34.4,223.96500000000003,33.4,1.182495719886591,-0.300819807635668,27.65,5.0,7.799999999999999,7.9,11.3,4.3,2.68
2015-09-14,8.408447470868648,1.7890313767805632,33.575,34.5,34.0,302.275,32.4,1.24023447815209,-0.2843591872810036,27.7,5.75,7.885714285714286,10.7,12.5,4.7,3.11
2015-09-15,6.638666493925718,0.8511110889648357,32.925,34.0,33.2,291.0,32.2,1.311304560330132,-0.26781430516217486,27.82857142857143,2.75,8.9,10.0,9.8,7.8,3.58
2015-09-16,11.711874370781441,1.6495597705325975,33.525,33.5,34.0,309.01500000000004,32.0,1.3516458599873211,-0.25119006388481957,28.142857142857142,5.25,9.528571428571428,10.9,10.3,7.1,6.09
2015-09-17,10.103057356831206,1.772466202952843,34.425,34.3,36.2,310.5,32.8,1.3844260330613356,-0.23449138957041052,28.12142857142857,5.5,9.614285714285714,10.8,11.099999999999998,5.7,6.72
2015-09-18,7.420738610903738,1.5788805555114336,33.574999999999996,34.5,34.0,283.635,32.6,1.4787087031196091,-0.21772323039653224,28.321428571428573,4.949999999999999,9.828571428571431,9.9,11.7,4.7,6.61
2015-09-19,7.772337952590927,1.3635680618580575,32.925,33.5,33.0,204.12,32.2,1.5363432341507168,-0.20089055513063528,28.38571428571429,4.299999999999999,9.971428571428572,7.2,10.3,5.7,5.96
2015-09-20,6.6661301114990845,1.7092641311536114,34.075,35.2,34.2,279.36,33.2,1.5187200729487371,-0.18399835165767986,28.542857142857144,5.25,9.62857142857143,9.6,12.200000000000003,3.9,5.82
2015-09-21,5.277360843844074,1.8197796013255427,34.325,35.8,35.2,278.34999999999997,32.4,1.53055445539342,-0.1670516255021195,28.65,5.5,9.87142857142857,9.5,12.999999999999996,2.9,4.79
2015-09-22,3.410220355850136,1.705110177925068,36.025,36.3,36.8,263.885,34.4,1.5349470588998457,-0.15005539834465262,28.8,5.199999999999999,9.700000000000001,8.9,13.299999999999997,2.0,4.77
2015-09-23,1.9820381801597444,0.9438277048379735,34.225,35.5,35.8,199.06500000000003,33.2,1.6569469287513077,-0.13301470653419636,28.87857142857143,2.950000000000001,9.542857142857143,6.9,13.3,2.1,3.09
2015-09-24,1.5410502084519604,0.7705251042259802,33.475,33.5,34.6,183.245,33.2,1.556128062223504,-0.11593459959550066,28.95,2.75,8.971428571428572,6.7,12.3,2.0,4.01
2015-09-25,1.166699906557925,0.6140525823989079,32.525,35.5,33.2,230.8,32.0,1.4129936195482382,-0.09882013873287211,28.75,2.25,8.385714285714286,8.0,13.3,1.9,3.25
2015-09-26,0.7830120720080685,0.4121116168463519,32.475,33.0,32.4,137.69000000000003,32.8,1.2751610519607346,-0.08167639533042288,28.77857142857143,1.4499999999999993,8.114285714285716,4.9,9.8,1.9,2.8
2015-09-27,1.2640730216485125,0.48618193140327404,29.525,34.3,27.8,161.23999999999998,31.2,1.139238702673348,-0.06450844944931625,28.742857142857144,1.75,7.785714285714286,5.8,12.999999999999996,2.6,3.99
2015-09-28,1.3921187554106738,0.7733993085614854,31.875,33.0,32.8,170.1,31.8,0.9645126741375855,-0.04732138832243232,28.557142857142857,2.6999999999999993,7.242857142857143,6.3,12.0,1.8,2.71
2015-10-01,2.494805770320738,1.247402885160369,33.375,33.4,34.6,257.985,32.2,0.5723736269539619,0.004303538296243821,27.7,4.0,6.183333333333334,9.1,10.099999999999998,2.0,5.04
2015-10-02,3.021417775945625,1.5902198820766449,33.625,34.3,34.8,220.0,32.6,0.6518532571096934,0.021516097436222233,27.86666666666667,5.049999999999999,6.583333333333333,8.0,13.599999999999998,1.9,4.58
2015-10-03,4.253217995700545,1.4177393319001816,32.125,34.0,33.0,264.14000000000004,31.4,0.814547807055983,0.03872228089217399,27.64166666666667,4.549999999999999,6.583333333333333,9.4,11.8,3.0,4.03
2015-10-04,5.40402357733609,1.3856470711118178,31.775000000000002,33.7,32.0,227.20499999999998,31.2,0.9821524262316211,0.05591699010060302,27.641666666666666,4.5,7.333333333333333,8.1,11.300000000000004,3.9,4.48
2015-10-05,7.257492703283855,1.6877890007636873,31.725,33.0,32.2,136.465,31.0,1.132063282849712,0.07309512989807776,27.683333333333337,5.75,7.716666666666666,4.9,10.3,4.3,4.03
2015-10-06,4.289174232066953,1.7156696928267814,33.275,34.5,34.4,164.43,32.0,1.2844615648834121,0.0902516100310407,27.825000000000003,5.5,7.483333333333333,5.8,12.3,2.5,4.01
2015-10-07,4.133182545904555,1.7970358895237197,33.925,35.3,35.6,279.35999999999996,32.6,1.3460627260181792,0.10738134666416306,27.900000000000002,5.75,7.242857142857143,9.7,12.999999999999996,2.3,4.57
2015-10-08,4.44460035413113,2.1164763591100617,33.425,34.5,35.0,246.64499999999998,32.2,1.5487862504804575,0.12447926388678869,28.142857142857142,6.75,7.857142857142857,8.7,12.3,2.1,5.4
2015-10-09,3.743675271849927,1.1698985224531022,31.375,32.8,32.2,262.38499999999993,29.8,1.672939603901842,0.141540295217043,28.142857142857142,4.15,7.799999999999999,9.7,11.499999999999996,3.2,3.65
2015-10-10,4.394468100298083,1.9106383044774278,34.175,35.3,35.4,284.625,33.0,1.6128936953841932,0.15855938510313475,28.078571428571426,6.1,8.042857142857143,9.9,13.099999999999998,2.3,3.32
2015-10-11,4.306618576219219,1.5950439171182291,34.575,35.0,35.8,277.905,33.4,1.6833078343237997,0.17553149042142777,28.17142857142857,4.949999999999999,8.114285714285714,9.7,12.7,2.7,3.94
2015-10-12,1.6865736852678057,0.8432868426339029,32.574999999999996,34.2,34.0,216.37,32.6,1.7132216694675726,0.19245158197082995,28.257142857142856,2.8499999999999996,8.342857142857143,7.7,12.200000000000003,2.0,3.85
2015-10-13,2.4788087613649825,0.9533879851403779,32.925,34.2,34.2,217.645,33.0,1.5925785040204608,0.20931464596304888,28.29285714285714,3.1999999999999993,8.742857142857142,7.9,13.300000000000004,2.6,5.49
2015-10-14,2.3708014212949315,0.9878339255395548,32.875,33.4,34.2,261.12,32.4,1.4836811172081172,0.22611568550828803,28.178571428571427,3.3000000000000007,9.042857142857143,9.6,12.399999999999999,2.4,3.88
2015-10-15,1.6699832978023845,0.8789385777907287,32.825,32.5,34.0,204.75,32.2,1.368080836638951,0.2428497220959358,27.949999999999996,3.0,9.028571428571428,7.5,10.399999999999999,1.9,2.58
2015-10-16,0.5689601352719081,0.40640009662279153,32.425,32.6,30.6,142.22,31.4,1.1912897250219032,0.25951179706979943,27.8,1.3499999999999996,8.857142857142858,5.2,10.5,1.4,3.23
2015-10-17,1.092916110578601,0.7286107403857339,32.575,32.3,33.0,166.79999999999998,32.0,1.082218521331859,0.27609697309746883,27.842857142857145,2.4499999999999993,8.214285714285714,6.0,8.999999999999996,1.5,2.55
2015-10-18,1.272769955883719,0.7954812224273243,31.525000000000002,32.2,31.8,148.23000000000002,31.6,0.9133574407473313,0.2926003356333479,27.70714285714286,2.6499999999999986,7.6571428571428575,5.4,9.500000000000004,1.6,2.19
2015-10-19,2.6412896858367314,1.1483868199290137,32.375,32.6,33.2,242.44000000000003,32.2,0.7991341986486307,0.30901699437494723,27.535714285714285,3.75,7.042857142857143,8.8,10.100000000000001,2.3,3.71
2015-10-20,1.7572247622266721,0.9762359790148178,32.375,32.3,33.0,213.695,32.2,0.8427199096907894,0.3253420847119795,27.45714285714286,3.1500000000000004,7.200000000000001,7.9,10.499999999999996,1.8,3.34
2015-10-21,1.8494904573902111,1.0274946985501172,32.875,32.4,33.6,199.44,32.0,0.8459839088157093,0.341570769167856,27.385714285714283,3.5,7.2,7.2,9.399999999999999,1.8,1.97
2015-10-22,1.7457850771565384,0.8728925385782692,32.575,33.0,33.6,190.785,32.4,0.851649733531504,0.35769823883312546,27.45714285714286,2.9000000000000004,6.857142857142857,6.9,10.7,2.0,3.47
2015-10-23,0.7393621109251908,0.3891379531185215,30.475,30.8,30.0,142.57,30.4,0.8507860136440097,0.3737197147904692,27.507142857142856,1.25,6.771428571428571,5.3,7.800000000000001,1.9,2.53
2015-10-26,0.8393082639651572,0.4417411915606091,27.425,26.7,27.0,0.0,27.8,0.7661746417231591,0.42110087079608916,26.758333333333336,1.6500000000000004,6.016666666666668,0.0,5.0,1.9,1.57
2015-10-27,0.5057715385446058,0.2661955466024241,27.375000000000004,26.8,27.0,0.0,27.6,0.648400370328425,0.4366512319560638,26.2,1.0,4.55,0.0,5.100000000000001,1.9,1.39
2015-10-28,0.5238425792653001,0.5238425792653001,28.575,28.4,28.8,45.36,28.0,0.5300602982596928,0.45207220393230374,25.733333333333334,1.8499999999999996,3.233333333333333,1.8,6.399999999999999,1.0,2.15
2015-10-29,0.7075252918960345,0.5442502245354112,29.074999999999996,28.8,29.2,15.36,28.4,0.4461182783788898,0.46735921715800205,25.316666666666666,1.9000000000000004,2.3333333333333335,0.6,6.400000000000002,1.3,2.31
2015-10-30,0.6787837836708727,0.6170761669735205,30.275,31.0,31.0,88.27499999999999,29.8,0.3913445593717469,0.48250774176121763,24.974999999999998,2.049999999999999,1.2833333333333334,3.3,8.5,1.1,3.11
2015-10-31,0.90995518618322,0.5687219913645125,29.625,32.5,29.8,131.76,30.0,0.4293342616809133,0.4975132889071803,24.95,2.0,0.9499999999999998,4.8,10.100000000000001,1.6,3.07
2015-11-01,0.6791111633210395,0.48507940237217106,29.674999999999997,31.5,31.0,129.85000000000002,29.8,0.4492467944928561,0.5123714121284235,25.307142857142857,1.75,1.5,4.9,10.0,1.4,3.32
2015-11-04,0.8104244828264322,0.9004716475849247,30.575,31.3,31.2,112.35000000000001,30.0,0.5472101285336021,0.5560174366570446,26.041666666666668,3.0,2.8666666666666667,4.2,9.100000000000001,0.9,1.86
2015-11-05,0.7623728245974308,0.586440634305716,29.225,31.7,29.4,149.05,30.0,0.6099816399202062,0.5702422926917867,26.3,2.049999999999999,3.266666666666667,5.5,9.2,1.3,2.5
2015-11-06,0.8998733359142002,0.5624208349463751,29.425000000000004,30.2,29.4,69.795,29.6,0.6170133748819236,0.5842981736283683,26.549999999999997,1.9999999999999982,4.083333333333333,2.7,8.7,1.6,2.91
2015-11-07,0.6069762938978018,0.46690484145984756,30.074999999999996,30.3,30.4,69.16000000000001,29.8,0.6079041528773995,0.5981809144059158,26.400000000000002,1.75,3.983333333333334,2.6,7.400000000000002,1.3,3.52
2015-11-08,2.1331373764543478,0.6881088311143058,30.025,30.0,30.2,13.025,29.8,0.5909346278932887,0.6118864012687242,26.258333333333336,2.4000000000000004,3.6166666666666667,0.5,7.899999999999999,3.1,4.7
2015-11-09,3.075535309447696,0.9921081643379663,30.424999999999997,32.3,31.2,95.54999999999998,30.4,0.6247728660169778,0.6254105729852457,26.183333333333334,3.3499999999999996,2.883333333333333,3.5,9.999999999999996,3.1,1.9
2015-11-10,1.4103855865625274,1.1753213221354395,32.125,33.8,33.4,216.755,31.6,0.6772493372056905,0.6387494220515268,26.342857142857145,3.8499999999999996,2.971428571428571,7.7,11.299999999999997,1.2,3.34
2015-11-11,1.0441729083124125,0.6961152722082751,31.325000000000003,32.8,32.4,180.50999999999996,30.6,0.7673966108406536,0.6518989958787125,26.82857142857143,2.4499999999999993,3.8142857142857145,6.6,10.899999999999999,1.5,2.48
2015-11-12,2.1745373805040074,0.9454510350017424,32.224999999999994,32.7,33.6,211.66,31.6,0.7382028429297035,0.6648553979642866,26.914285714285715,3.0500000000000007,4.157142857142857,7.6,9.700000000000003,2.3,3.99
2015-11-13,1.6827835486929212,0.5609278495643071,29.875,28.8,29.8,35.349999999999994,30.0,0.789490043029136,0.6776147890466887,27.021428571428572,2.0,4.457142857142857,1.4,7.100000000000001,3.0,2.71
2015-11-14,1.8068471388119642,0.623050737521367,27.625,27.4,27.0,0.0,27.6,0.7892767594031262,0.690173388242972,26.935714285714287,2.25,4.271428571428571,0.0,5.699999999999999,2.9,2.76
2015-11-15,0.9485531759534396,0.41241442432758246,28.675,28.5,29.0,49.7,28.2,0.8115833159833433,0.7025274741691566,26.64285714285714,1.5,3.9,2.0,7.300000000000001,2.3,0.76
2015-11-16,2.151285660696979,0.9778571184986268,29.625,31.8,30.2,136.935,29.2,0.7721984007280971,0.7146733860429608,26.47142857142857,3.299999999999999,4.114285714285715,5.1,9.900000000000002,2.2,3.27
2015-11-17,1.2969601259231005,0.9976616353254619,30.625,31.8,31.4,176.475,30.0,0.7701625370367629,0.7266075247685652,26.407142857142855,3.299999999999999,4.3428571428571425,6.5,9.3,1.3,2.55
2015-11-18,1.603322419169025,0.9431308348053088,32.175,33.4,33.8,223.85999999999996,31.4,0.7447825817781946,0.7383263540031063,26.264285714285712,3.1500000000000004,4.171428571428571,8.2,12.2,1.7,4.79
2015-11-19,0.863523277776464,0.7196027314803867,31.525,32.9,32.6,218.39999999999998,31.2,0.7800705192920567,0.749826401204568,26.257142857142856,2.4499999999999993,4.3999999999999995,8.0,11.2,1.2,2.68
2015-11-20,2.5011429250031076,1.0874534456535252,31.675,32.0,32.0,245.7,31.0,0.7478064759318629,0.7611042586607742,26.178571428571427,3.6999999999999993,4.457142857142856,9.1,10.0,2.3,3.06
2015-11-21,0.16941464447818266,0.3388292889563653,28.275,29.0,27.8,7.5,28.2,0.8230244182303227,0.7721565844991641,26.428571428571427,1.25,5.557142857142857,0.3,8.0,0.5,1.2
2015-11-22,0.899584238726697,0.6425601705190693,29.574999999999996,31.3,30.4,135.915,29.6,0.7824213541496082,0.7829801036770624,26.492857142857144,2.25,5.6,5.1,9.3,1.4,1.09
2015-11-23,1.344134905065767,0.8400843156661043,30.775,31.8,31.8,155.15,30.2,0.8152993178912491,0.7935716089521472,26.749999999999996,2.9000000000000004,6.042857142857143,5.8,10.100000000000001,1.6,3.11
2015-11-24,1.3424426839320154,0.958887631380011,30.625,30.5,31.0,133.61999999999998,30.2,0.7956174889151745,0.8039279618328208,26.735714285714284,3.2500000000000018,6.142857142857143,5.1,8.600000000000001,1.4,2.46
2015-11-25,2.073769302239258,1.1520940567995877,31.474999999999998,31.3,32.4,245.17999999999998,31.0,0.7900783454943959,0.8140460935082175,26.599999999999998,4.0,5.942857142857142,9.2,9.3,1.8,3.18
2015-11-26,2.4008755213641857,1.0913070551655388,31.875,31.5,33.0,249.24000000000004,31.0,0.8199302343507213,0.8239230057575536,26.50714285714286,3.6500000000000004,6.085714285714286,9.3,9.399999999999999,2.2,3.63
2015-11-27,1.122567724758859,0.5612838623794295,30.025,30.0,30.2,7.784999999999999,29.8,0.8730308520200288,0.8335557718385695,26.435714285714283,1.9999999999999982,6.271428571428571,0.3,8.100000000000001,2.0,1.7
2015-11-28,0.7096463074896406,0.5458817749920313,28.825000000000003,27.0,28.8,0.0,28.6,0.797863768695158,0.8429415373547832,26.285714285714285,2.0,5.014285714285714,0.0,5.5,1.3,2.35
2015-11-29,0.9287027641384051,0.5462957436108266,29.424999999999997,28.8,29.0,12.625,28.4,0.8274426952716817,0.8520775211013093,26.178571428571427,2.0,4.971428571428572,0.5,7.100000000000001,1.7,1.77
2015-11-30,1.4383674997747424,0.7191837498873712,29.674999999999997,29.8,30.4,72.24,28.8,0.8136906342847897,0.8609610158889945,25.97857142857143,2.5,4.314285714285714,2.8,8.0,2.0,2.69
2015-12-01,0.3904439314489897,0.3904439314489897,28.174999999999997,28.8,27.8,33.019999999999996,28.4,0.7964191248878281,0.8695893893466109,25.842857142857145,1.3499999999999996,3.8857142857142857,1.3,6.800000000000001,1.0,1.12
2015-12-02,2.0981338624675567,1.2341963896867982,31.275,31.8,32.4,208.285,30.6,0.7152128820405392,0.8779600847008883,25.728571428571428,4.15,3.342857142857143,7.7,9.5,1.7,3.27
2015-12-03,3.3243655191507857,0.9777545644561134,31.174999999999997,32.3,32.0,243.59999999999997,30.6,0.7269417867387122,0.8860706215341378,25.785714285714285,3.3499999999999996,3.1285714285714286,8.7,8.599999999999998,3.4,3.49
2015-12-04,1.0296848955459161,0.7354892111042258,29.325000000000003,31.9,29.2,57.54,30.0,0.7107200023516514,0.893918596519257,25.957142857142856,2.5999999999999996,3.0428571428571423,2.1,9.0,1.4,3.78
2015-12-05,0.16852849959229504,0.2808808326538251,27.875,27.1,27.2,0.0,27.8,0.7356064807409081,0.9015016841318838,26.164285714285715,1.0,3.3,0.0,5.100000000000001,0.6,1.79
2015-12-06,1.2985739034832813,0.7214299463796007,29.924999999999997,29.8,30.2,18.549999999999997,29.8,0.6977492032640215,0.9088176373395028,26.207142857142856,2.5,3.3,0.7,6.600000000000001,1.8,1.97
2015-12-07,0.7715918625177314,0.7014471477433921,29.675,28.5,29.8,154.5,29.4,0.7227683750881321,0.9158642882672868,26.385714285714283,2.5,3.3285714285714283,6.0,5.5,1.1,3.49
2015-12-08,0.3812333507402135,0.346575773400194,28.225,28.5,28.2,2.5850000000000004,28.2,0.7202345747818493,0.9226395488404875,26.37857142857143,1.25,3.7857142857142856,0.1,5.300000000000001,1.1,1.12
2015-12-09,1.9298908279788827,0.9649454139894413,30.525000000000002,30.6,31.2,123.05,30.2,0.7139676950605928,0.9291414114031743,26.442857142857143,3.25,3.6142857142857143,4.6,7.700000000000003,2.0,2.5
2015-12-10,0.3498863879165824,0.38876265324064707,28.225,27.3,27.8,0.0,28.2,0.6755032699609703,0.935367949313148,26.400000000000002,1.4499999999999993,3.1714285714285713,0.0,4.699999999999999,0.9,2.82
2015-12-11,0.3403221430539631,0.3403221430539631,28.325,30.5,28.2,58.96000000000001,28.4,0.5913615683587609,0.941317317512847,25.96428571428572,1.25,1.9285714285714286,2.2,7.399999999999999,1.0,2.39
2015-12-12,0.346707780777986,0.28892315064832164,28.625,28.5,28.8,0.0,28.6,0.5349091300658662,0.9469877530760751,25.87857142857143,1.0999999999999996,1.9428571428571428,0.0,6.5,1.2,1.18
2015-12-13,1.0209927027884795,0.928175184353163,30.675,32.3,31.6,185.255,29.8,0.5360580326365085,0.9523775757303973,25.978571428571428,3.049999999999999,1.9428571428571428,6.7,9.299999999999997,1.1,1.97
2015-12-14,0.9144161183654269,0.7033970141272514,31.225,32.5,32.0,128.54500000000002,31.0,0.5655930666327318,0.9574851883550389,26.142857142857142,2.4499999999999993,2.8,4.7,10.3,1.3,2.44
2015-12-15,1.814675284617466,0.8248524020988481,30.724999999999998,31.4,31.6,197.58,30.4,0.5658716189732831,0.9623090774541487,26.37142857142857,2.9000000000000004,2.614285714285714,7.4,9.399999999999999,2.2,2.91
2015-12-16,1.4836686495483011,1.236390541290251,31.375,31.8,32.6,224.89,30.6,0.6341968516445194,0.9668478136052773,26.492857142857144,4.300000000000001,3.6571428571428575,8.6,11.3,1.2,3.29
2015-12-17,1.136882952077161,0.8745253477516624,29.525,29.8,29.4,46.800000000000004,29.2,0.6729747269732066,0.9711000518829505,26.407142857142855,3.0500000000000007,4.228571428571429,1.8,7.600000000000001,1.3,2.93
2015-12-18,0.9235108581087845,0.6156739054058563,29.025000000000002,30.3,28.8,97.31,29.2,0.7423693976176373,0.9750645322571945,26.557142857142853,2.1999999999999993,4.485714285714286,3.7,8.0,1.5,2.37
2015-12-19,0.4181466587109038,0.34845554892575314,27.875,26.2,27.6,21.555,27.8,0.7817053636679078,0.9787400799669153,26.485714285714288,1.3000000000000007,4.7,0.9,4.5,1.2,1.39
2015-12-20,0.895764660288455,0.6890497386834269,29.525,30.5,30.0,115.50000000000001,28.8,0.7902099919932551,0.9821256058680006,26.3,2.5,4.828571428571428,4.4,8.5,1.3,3.11
2015-12-21,1.8187611131882697,0.9572426911517209,30.375,31.0,31.2,237.82,29.6,0.7560492140404355,0.9852201067560606,26.099999999999998,3.25,4.5,9.2,10.3,1.9,3.09
2015-12-22,1.9719184203249047,1.3146122802166031,30.875,31.5,31.8,252.2,30.2,0.7923128821867884,0.9880226656636976,25.88571428571429,4.65,5.142857142857143,9.7,11.0,1.5,3.23
2015-12-23,1.703517996563419,1.3103984588949378,30.275,31.5,31.2,249.11999999999998,29.8,0.8622785790607533,0.9905324521322227,25.785714285714285,4.6,5.471428571428571,9.6,11.100000000000001,1.3,2.71
2015-12-24,2.0867151801992634,1.3911434534661757,30.324999999999996,30.8,30.8,248.92000000000002,29.8,0.8728511387185657,0.9927487224577402,25.75714285714286,5.0,5.614285714285714,9.8,10.8,1.5,3.29
2015-12-25,2.1549207508473556,1.2676004416749151,30.125,30.8,30.8,261.5,29.6,0.9466537252492105,0.9946708199115211,25.671428571428574,4.299999999999999,6.757142857142857,10.0,9.3,1.7,2.28
2015-12-26,1.2809854450139064,0.7116585805632814,28.575,28.0,28.0,42.925,28.4,1.0397860875733618,0.9962981749346077,25.650000000000002,2.5,7.657142857142857,1.7,5.5,1.8,0.56
2015-12-27,0.9622305804737397,0.4009294085307249,27.825,28.2,27.4,0.0,28.2,1.0916722349501515,0.9976303053065857,25.83571428571429,1.4499999999999993,7.771428571428571,0.0,5.699999999999999,2.4,3.47
2015-12-28,3.465578931316365,1.0192879209754016,29.975,31.4,30.8,170.56,29.4,1.0505121877854797,0.9986668162884759,25.70714285714286,3.5,7.142857142857143,6.4,9.5,3.4,4.21
2015-12-31,1.587770621315735,0.6106810081983596,29.275,29.9,29.6,126.23999999999998,29.0,0.9021369832020291,1.0,25.7,2.200000000000001,5.550000000000001,4.8,7.199999999999999,2.6,2.27
2016-01-01,2.1117255415009164,0.7541876933931845,29.525,30.3,30.0,123.84500000000001,29.0,0.7720599089907262,0.9998518392091162,25.849999999999998,2.6999999999999993,4.716666666666667,4.7,7.900000000000002,2.8,4.7
2016-01-02,0.18274797068217105,0.13053426477297933,28.525000000000002,29.0,28.4,19.8,28.6,0.6864911176104377,0.9994074007397048,25.88333333333333,0.4499999999999993,3.8333333333333335,0.8,8.5,1.4,2.51
2016-01-03,0.53218665654115,0.25342221740054766,30.075000000000003,30.8,31.2,199.06,29.2,0.5896370649787208,0.998666816288476,25.8,1.0,3.6833333333333336,7.4,7.800000000000001,2.1,2.51
2016-01-04,1.8257700640504493,0.8694143162144996,30.275,31.0,31.0,187.95000000000002,29.6,0.5650525331236912,0.9976303053065857,26.058333333333334,3.0,4.916666666666667,7.0,8.3,2.1,2.76
2016-01-05,1.0682310653924363,0.6676444158702727,30.525,31.3,31.2,147.675,30.2,0.5400735989968743,0.9962981749346078,26.091666666666665,2.299999999999999,5.016666666666667,5.5,8.900000000000002,1.6,2.33
2016-01-06,0.42411250558391256,0.26507031598994535,28.174999999999997,27.8,27.8,4.970000000000001,28.4,0.5582980014073599,0.9946708199115211,26.199999999999996,0.9499999999999993,5.085714285714286,0.2,5.900000000000002,1.6,1.7
2016-01-07,0.5540303910754208,0.46169199256285076,28.825000000000003,29.3,29.0,15.389999999999999,28.6,0.5072791759771126,0.9927487224577402,26.121428571428574,1.6500000000000004,4.342857142857143,0.6,7.300000000000001,1.2,1.05
2016-01-08,0.8899933434645152,0.8090848576950137,29.225,29.5,29.4,33.410000000000004,28.8,0.48599503088632573,0.9905324521322229,26.02857142857143,2.8999999999999986,3.742857142857143,1.3,7.600000000000001,1.1,1.34
2016-01-09,1.2130821927530244,0.9331401482715572,30.075000000000003,29.8,30.6,128.52,29.2,0.4938374829294441,0.9880226656636976,25.935714285714287,3.25,3.257142857142857,5.1,9.2,1.3,2.1
2016-01-10,1.3198259608725114,0.7763682122779479,30.325,30.8,31.0,177.21,29.6,0.608495466286384,0.9852201067560606,26.0,2.75,3.8714285714285714,6.6,7.900000000000002,1.7,1.94
2016-01-11,1.1827943222133512,0.7392464513833445,29.125,29.0,28.8,32.045,28.8,0.6832020369831554,0.9821256058680006,25.99285714285714,2.5999999999999996,3.757142857142857,1.3,8.7,1.6,2.55
2016-01-12,1.9930689883031318,0.9490804706205389,30.275,30.0,31.2,199.2,29.4,0.6646066277215618,0.9787400799669153,25.678571428571427,3.299999999999999,2.9428571428571426,8.0,10.2,2.1,1.81
2016-01-13,1.69402530783431,0.9964854751966529,30.325,29.7,30.8,185.74,29.2,0.7048117784001712,0.9750645322571948,25.400000000000002,3.5999999999999996,3.3,7.4,9.2,1.7,2.28
2016-01-14,1.8302750314369278,0.9633026481246989,30.375,29.5,31.2,150.35,29.0,0.8092996582868438,0.9711000518829505,25.435714285714283,3.5,4.328571428571428,6.2,10.5,1.9,2.4
2016-01-15,1.3998486772613667,0.7776937095896481,30.775,30.0,31.2,161.28,29.0,0.8809583233671078,0.9668478136052775,25.235714285714288,2.6999999999999993,5.128571428571428,6.4,9.600000000000001,1.8,1.83
2016-01-16,2.029448127509339,1.0147240637546695,31.424999999999997,30.3,32.8,231.37999999999997,29.8,0.8764738736377699,0.9623090774541486,25.16428571428571,3.5500000000000007,5.857142857142857,9.2,10.3,2.0,2.75
2016-01-17,1.8052934639753848,1.0029408133196582,31.425,29.8,32.4,227.95000000000002,30.2,0.8881287187067858,0.9574851883550393,25.157142857142855,3.6500000000000004,6.442857142857143,9.4,11.100000000000001,1.8,2.84
2016-01-18,1.1801224716561578,1.1801224716561578,31.875,30.5,33.4,243.53000000000003,30.2,0.9204962331413159,0.9523775757303974,24.785714285714285,4.100000000000001,6.8428571428571425,9.8,11.3,1.0,3.15
2016-01-19,3.809358045958002,1.3604850164135722,32.075,30.9,33.4,257.5,30.2,0.9834785217517178,0.9469877530760753,24.814285714285713,4.75,8.057142857142859,10.0,10.299999999999997,2.8,1.85
2016-01-20,2.096685860061201,0.9530390273005457,32.125,31.1,33.2,234.07000000000002,30.4,1.0422505997221512,0.9413173175128471,24.935714285714287,3.3499999999999996,8.342857142857143,8.9,9.600000000000001,2.2,4.0
2016-01-21,2.4649082446692265,1.1737658307948697,32.775000000000006,31.5,34.2,258.39000000000004,31.2,1.0360439643084214,0.9353679493131483,25.107142857142858,4.1,8.557142857142857,9.9,10.8,2.1,4.36
2016-01-22,2.1846460556565255,1.0923230278282627,32.925000000000004,31.5,34.2,251.10000000000002,31.2,1.066110133261303,0.9291414114031743,25.37142857142857,3.450000000000001,9.085714285714285,9.3,9.0,2.0,1.75
2016-01-23,1.6617995322229564,0.5539331774076521,30.275,27.8,29.8,9.920000000000002,31.4,1.1110571787239623,0.9226395488404876,25.628571428571426,2.0,9.5,0.4,6.0,3.0,2.04
2016-01-24,1.096487824093027,0.4568699267054279,28.674999999999997,28.5,28.4,38.25,28.4,1.0452299092458168,0.9158642882672872,25.57857142857143,1.5999999999999996,8.242857142857144,1.5,6.0,2.4,2.35
2016-01-25,0.7281916155697312,0.48546107704648744,29.775,29.0,30.0,42.925,28.8,0.9672197825866411,0.9088176373395029,25.75714285714286,1.5999999999999996,7.114285714285715,1.7,7.5,1.5,1.57
2016-01-26,2.879167316739312,1.1516669266957247,31.375000000000004,31.5,32.4,252.45000000000002,30.4,0.8679824404995454,0.901501684131884,25.814285714285713,4.0,5.957142857142856,9.9,12.0,2.5,1.9
2016-01-27,2.0321616935708438,1.0160808467854219,31.325,30.3,32.0,246.32999999999996,30.6,0.8381512848255672,0.893918596519257,25.77857142857143,3.5,5.942857142857142,10.2,12.3,2.0,3.3
2016-01-28,2.15832546481225,1.0277740308629761,31.575,30.8,32.6,261.56,30.2,0.8471572590376925,0.886070621534138,25.47142857142857,3.6500000000000004,6.128571428571428,10.4,11.3,2.1,3.02
2016-01-29,3.3933049915976325,1.0946145134185912,31.775000000000002,30.4,32.4,232.275,30.6,0.8263012876188505,0.8779600847008882,25.33571428571429,3.8000000000000007,6.2,9.5,11.899999999999999,3.1,2.33
2016-01-30,2.012243925182164,1.006121962591082,31.625,30.0,32.6,198.29000000000002,30.2,0.8266286427031831,0.869589389346611,24.97142857142857,3.5999999999999996,6.228571428571428,7.9,9.8,2.0,4.12
2016-01-31,2.8357692073819476,1.0502848916229435,32.225,30.4,32.6,175.26,30.2,0.8912270405865302,0.8609610158889943,25.014285714285712,3.6500000000000004,7.299999999999999,6.9,10.0,2.7,2.96
2016-02-01,3.0347968011537985,1.1672295389053071,31.925,30.3,33.0,216.29,30.4,0.976000607003318,0.8520775211013093,25.0,4.1,8.071428571428571,8.6,10.3,2.6,3.02
2016-02-02,3.119169630541429,1.1552480113116403,32.225,30.3,33.2,225.39999999999998,30.4,1.073396101554578,0.8429415373547828,24.985714285714288,4.199999999999999,9.057142857142855,9.2,11.600000000000001,2.7,3.58
2016-02-03,3.0418403340594007,1.2167361336237603,32.625,31.3,33.8,227.5,31.2,1.0739076850711373,0.8335557718385699,24.842857142857145,4.399999999999999,8.957142857142857,9.1,12.600000000000001,2.5,3.72
2016-02-04,2.310130406444458,0.7965966918773993,32.125,30.3,33.2,222.20000000000002,30.4,1.102572726048043,0.8239230057575542,24.964285714285715,2.9000000000000004,8.8,8.8,10.100000000000001,2.9,3.25
2016-02-05,2.00952727621681,0.7728951062372347,31.225,30.0,32.2,115.875,30.2,1.0695473919072465,0.8140460935082178,24.97857142857143,2.8000000000000007,8.571428571428571,4.5,8.5,2.6,2.58
2016-02-06,2.6941355270906144,0.9621912596752196,32.525000000000006,31.5,33.2,198.69000000000003,31.2,1.0235874765956239,0.8039279618328213,25.164285714285715,3.549999999999999,7.857142857142857,7.4,9.3,2.8,3.43
2016-02-07,2.2905255953792185,0.9543856647413411,33.325,31.6,35.6,114.81,30.8,1.0173116618933578,0.7935716089521474,25.414285714285715,3.25,7.785714285714286,4.3,9.8,2.4,2.73
2016-02-08,2.5308075574706095,1.2051464559383853,32.875,31.5,33.4,182.58,31.2,1.0036117723388434,0.7829801036770629,25.599999999999998,4.1,7.414285714285714,6.8,9.3,2.1,4.01
2016-02-09,2.221705115231751,0.8228537463821299,32.475,31.8,33.2,181.905,31.2,1.00902847477214,0.7721565844991642,25.842857142857145,2.6999999999999993,7.157142857142857,6.7,9.3,2.7,1.55
2016-02-10,1.8738874998615935,0.8147336955919973,32.325,31.0,32.6,159.96,31.2,0.96154357978221,0.7611042586607747,26.221428571428568,2.75,6.8,6.2,10.399999999999999,2.3,2.84
2016-02-11,2.1715040027764796,1.0857520013882398,32.325,31.3,32.8,197.12,31.4,0.9041146600633868,0.7498264012045686,26.335714285714285,3.8000000000000007,6.385714285714286,7.7,11.400000000000002,2.0,3.11
2016-02-12,3.1765944658381944,1.323581027432581,33.574999999999996,31.4,34.4,256.88,31.6,0.9454225614220783,0.7383263540031065,26.385714285714283,4.549999999999999,6.228571428571429,10.4,13.399999999999999,2.4,3.36
2016-02-13,2.4645687296120586,1.173604156958123,33.275,31.6,34.4,255.5,31.4,1.0240919787356992,0.7266075247685656,26.235714285714288,4.049999999999999,7.071428571428571,10.0,12.100000000000001,2.1,3.45
2016-02-14,3.4301259784210396,1.106492251103561,32.824999999999996,32.3,33.8,288.84999999999997,31.4,1.0542938212046853,0.7146733860429609,26.05,3.8499999999999996,7.442857142857142,10.6,10.099999999999998,3.1,3.72
2016-02-15,2.4870472953858194,0.7105849415388056,30.174999999999997,30.2,30.2,121.495,29.6,1.0760233335421454,0.7025274741691571,26.12857142857143,2.5,8.342857142857143,4.7,8.7,3.5,1.41
2016-02-16,1.2179247110901128,0.7164263006412428,29.624999999999996,30.3,29.6,25.85,29.4,1.0053716886279196,0.6901733882429719,25.985714285714284,2.5,8.042857142857143,1.0,8.900000000000002,1.7,1.28
2016-02-17,1.454810146452954,0.4156600418437011,28.875000000000004,29.3,28.6,18.13,28.6,0.9901677678077929,0.6776147890466889,25.800000000000004,1.5,7.228571428571429,0.7,6.800000000000001,3.5,3.94
2016-02-18,3.6937646043070145,0.9983147579208147,29.825,31.0,30.0,96.57000000000001,29.2,0.9331572458437506,0.6648553979642865,25.814285714285713,3.4000000000000004,6.442857142857142,3.7,9.8,3.7,1.7
2016-02-19,3.279516340496054,1.130867703619329,31.025,32.1,31.6,238.04000000000002,30.2,0.92066621106269,0.6518989958787126,25.88571428571429,3.75,5.871428571428572,8.8,10.100000000000001,2.9,2.71
2016-02-20,2.2628133822937357,0.9838319053451026,30.625,31.0,31.0,196.07999999999998,30.2,0.8931357362322253,0.6387494220515272,26.221428571428568,3.25,5.642857142857143,7.6,10.399999999999999,2.3,2.77
2016-02-21,2.8838458931793087,1.1535383572717235,31.425,32.5,32.2,283.5,30.2,0.8660254145732225,0.6254105729852463,26.25714285714286,3.75,5.3,10.5,11.0,2.5,3.44
2016-02-22,3.244245385952625,1.2015723651676387,31.625,32.3,32.0,261.56,30.4,0.87274628688296,0.6118864012687243,26.22142857142857,4.1,5.285714285714286,10.4,14.299999999999997,2.7,3.56
2016-02-23,3.7539996871171946,1.632173777007476,32.275,32.0,33.4,263.67,30.8,0.9428873474013647,0.5981809144059165,26.12142857142857,5.65,6.1000000000000005,10.2,12.3,2.3,3.78
2016-02-24,2.5770229476623636,1.073759561525985,30.924999999999997,31.5,31.0,232.2,30.4,1.0737084154536838,0.5842981736283684,26.12142857142857,3.6500000000000004,7.4142857142857155,8.6,9.0,2.4,4.2
2016-02-25,0.8787109908732746,0.5168888181607498,31.175,31.2,31.8,93.77999999999999,30.6,1.1677226325511527,0.5702422926917871,26.27857142857143,1.75,8.542857142857143,3.6,10.3,1.7,4.11
2016-02-26,4.151045161737704,1.2208956358052072,31.825000000000003,31.8,32.4,235.40500000000003,31.4,1.098947498299715,0.5560174366570446,26.27142857142857,4.1,8.528571428571428,8.9,10.7,3.4,3.44
2016-02-27,3.7894096154612162,1.1483059440791565,31.724999999999998,32.2,32.4,240.3,31.2,1.1118086314691262,0.5416278206559814,26.185714285714287,3.9000000000000004,8.542857142857143,8.9,10.400000000000002,3.3,4.3
2016-02-28,4.088555827944106,1.277673696232533,31.575000000000003,32.3,32.0,211.76999999999998,31.2,1.1353049227168481,0.5270777086423722,26.357142857142858,4.25,8.728571428571428,7.8,10.299999999999997,3.2,3.24
2016-02-29,4.218012595784349,1.2051464559383853,31.775000000000002,31.8,32.2,244.8,31.2,1.1530385425683922,0.5123714121284237,26.37857142857143,4.1,8.342857142857143,9.0,9.2,3.5,2.3
2016-03-01,4.02549564094338,1.0879717948495622,31.775,31.9,32.4,243.42499999999998,31.2,1.1535491269642133,0.49751328890718066,26.67142857142857,3.6500000000000004,8.142857142857142,9.1,10.299999999999997,3.7,4.97
2016-03-02,4.031440318743285,1.0078600796858213,32.025,31.8,32.8,250.51,31.4,1.07580598665594,0.48250774176121847,26.8,3.3499999999999996,7.985714285714286,9.4,10.3,4.0,4.14
2016-03-03,4.495782838622359,1.2150764428709078,31.625,31.5,32.2,256.5,30.8,1.066391774964488,0.4673592171580022,26.75,4.1,8.1,9.5,9.0,3.7,3.92
2016-03-04,2.878335238297849,1.1070520147299419,32.425000000000004,32.0,33.2,235.4,31.6,1.1661328642087962,0.45207220393230435,26.885714285714283,3.799999999999999,8.942857142857143,8.8,10.5,2.6,2.95
2016-03-05,3.598353666946431,1.383982179594781,34.125,32.7,35.6,257.28,33.0,1.1498694897694726,0.43665123195606403,26.928571428571427,4.5,8.928571428571429,9.6,11.800000000000004,2.6,4.08
2016-03-06,3.0105598919784393,1.0035199639928132,33.075,32.5,34.2,209.43,32.2,1.183537523414562,0.4211008707960896,26.900000000000002,3.4000000000000004,9.028571428571428,7.8,11.3,3.0,2.83
2016-03-07,3.86049234876245,1.245320112504016,33.775,32.4,34.6,215.6,32.4,1.144372704523173,0.40542572835999735,26.857142857142858,4.0,9.028571428571428,8.0,10.899999999999999,3.1,3.65
2016-03-08,2.819417259704013,1.1277669038816052,34.625,33.9,36.2,236.04000000000002,33.2,1.1501117983182634,0.38963044953078796,26.821428571428573,3.6500000000000004,8.885714285714286,8.4,11.599999999999998,2.5,3.96
2016-03-09,3.1107546310236516,1.1964440888552506,34.775,34.4,36.2,187.10999999999999,33.6,1.1557968138942696,0.37371971479046906,27.014285714285716,3.75,8.785714285714286,6.6,12.099999999999998,2.6,3.94
2016-03-10,5.165102408077966,1.9130008918807282,36.075,34.5,37.6,244.90499999999997,34.6,1.1827373866327593,0.35769823883312546,27.25714285714286,6.1,8.385714285714286,8.7,12.7,2.7,4.72
2016-03-11,4.974846734317705,1.7767309765420376,36.325,34.5,37.8,288.75,34.2,1.2824408793484479,0.3415707691678556,27.42142857142857,5.65,8.27142857142857,10.5,14.0,2.8,4.54
2016-03-12,5.3776516559617065,1.9917228355413727,36.625,35.5,38.0,283.81,35.2,1.3781093024644615,0.3253420847119801,27.52857142857143,5.899999999999999,8.514285714285714,10.1,14.8,2.7,4.88
2016-03-13,3.6820596184101317,1.6736634629136962,36.025,35.0,37.2,241.19000000000003,34.4,1.4649293961711176,0.30901699437494745,27.714285714285715,5.299999999999999,8.585714285714285,8.9,15.8,2.2,3.06
2016-03-14,3.987242878357196,1.4767566216137762,36.425,34.8,38.0,279.47999999999996,34.4,1.5606641817312439,0.29260033563334836,27.75,4.699999999999999,8.742857142857142,10.2,14.799999999999997,2.7,3.09
2016-03-15,4.580334253876255,1.991449675598372,37.075,34.9,38.6,282.645,35.0,1.5937265401754952,0.27609697309746883,27.814285714285717,6.350000000000001,9.057142857142857,9.9,12.7,2.3,4.9
2016-03-16,4.2230199088366405,1.6242384264756309,36.925,35.4,38.6,243.95,35.2,1.7171097932778905,0.2595117970697999,27.87857142857143,5.1,9.271428571428572,8.5,13.399999999999999,2.6,5.64
2016-03-17,4.127480710661769,1.5874925810237572,37.425,34.9,39.0,282.0,35.6,1.778223270080802,0.2428497220959356,27.928571428571427,5.0,9.542857142857143,10.0,13.399999999999999,2.6,4.23
2016-03-18,6.28101500364393,2.2432196441585464,37.724999999999994,34.6,39.4,268.155,35.4,1.7317220828155204,0.22611568550828828,27.935714285714287,7.4,9.728571428571428,10.1,16.1,2.8,5.62
2016-03-19,2.931669074850083,1.4658345374250414,34.975,34.3,35.6,256.08,33.4,1.7983633210464502,0.20931464596304847,27.800000000000004,4.9,9.671428571428573,9.7,15.799999999999997,2.0,4.26
2016-03-20,5.023283981151826,2.1840365135442723,37.575,35.8,38.6,272.25,35.6,1.7232364213155458,0.19245158197082998,27.557142857142853,7.000000000000002,9.614285714285714,9.9,16.599999999999998,2.3,5.2
2016-03-21,2.0540106683923947,1.3693404455949296,34.975,32.9,35.6,80.445,33.4,1.7961468571199137,0.1755314904214282,27.61428571428571,4.5,9.757142857142856,3.1,13.899999999999999,1.5,2.44
2016-03-22,4.677229445678074,2.033578019860032,36.824999999999996,35.5,38.2,263.625,34.8,1.7808016891172216,0.15855938510313475,27.407142857142855,6.6,8.742857142857142,9.5,15.5,2.3,5.04
2016-03-23,5.072692571066694,1.6908975236888981,37.875,35.9,39.4,299.25,35.2,1.7868200240117442,0.141540295217043,27.292857142857144,5.25,8.685714285714285,10.5,14.799999999999997,3.0,3.94
2016-03-24,4.84328623033352,1.7297450822619718,38.025,36.0,39.4,267.36,35.8,1.7963427521850683,0.12447926388678915,27.264285714285712,5.5,8.971428571428572,9.6,16.3,2.8,6.4
2016-03-25,5.304921667262246,1.711265053955563,38.075,35.5,39.6,307.8,36.0,1.8166645380762414,0.10738134666416309,27.214285714285715,5.5,8.914285714285715,10.8,14.0,3.1,5.58
2016-03-26,2.8978823181583664,0.9659607727194555,37.975,34.7,39.6,287.04,36.2,1.7406710251901012,0.09025161003104117,27.49285714285714,3.25,9.014285714285714,10.4,14.200000000000003,3.0,5.55
2016-03-27,4.588942088266551,1.4803038994408229,36.625,34.6,37.6,208.44000000000003,35.4,1.6692604873750174,0.07309512989807777,27.664285714285715,4.799999999999999,9.114285714285716,7.2,11.3,3.1,4.48
2016-03-28,2.557672354351912,0.730763529814832,33.775000000000006,33.5,34.4,189.06,34.6,1.5687272567888104,0.055916990100603484,27.871428571428574,2.450000000000001,8.72857142857143,6.9,12.2,3.5,2.32
2016-03-29,3.1145535646336535,1.1535383572717235,34.475,34.5,36.0,210.9,33.8,1.4775019831059393,0.03872228089217446,28.07857142857143,3.6999999999999993,9.271428571428572,7.4,12.0,2.7,4.68
2016-03-30,4.60948358984294,1.486930190271916,34.275,33.5,35.0,234.47500000000002,33.8,1.3517820313076094,0.021516097436222254,28.185714285714287,4.75,8.971428571428572,8.3,10.5,3.1,3.2
2016-03-31,4.23450335285517,1.5123226260197038,37.025000000000006,35.2,39.2,294.06500000000005,35.4,1.3226438408194692,0.004303538296244289,28.150000000000002,4.800000000000001,8.657142857142858,10.3,13.300000000000004,2.8,5.08
2016-04-01,3.764153636597561,1.2547178788658537,35.725,34.3,37.2,263.625,35.0,1.2915834899277168,-0.01291029607500882,28.25,3.950000000000001,8.757142857142858,9.5,13.099999999999998,3.0,4.16
2016-04-02,3.591701508237029,1.3302598178655662,36.475,35.3,37.8,299.52,35.2,1.226362464914901,-0.030120304846908114,28.142857142857142,4.299999999999997,8.571428571428571,10.4,12.999999999999996,2.7,5.17
2016-04-03,4.017658598235118,1.6740244159312994,37.625,35.6,39.6,247.51500000000001,36.4,1.2784051856500598,-0.04732138832243185,28.314285714285717,5.25,8.571428571428571,8.7,14.3,2.4,4.75
2016-04-04,4.6218967259133175,1.7118136021901176,37.675000000000004,35.5,39.0,278.19,37.2,1.3060795451486993,-0.06450844944931623,28.24285714285714,5.35,8.785714285714286,9.9,14.8,2.7,5.06
2016-04-05,5.958053743105101,2.1278763368232503,38.125,36.2,40.0,312.17,36.0,1.4462295554880258,-0.08167639533042241,28.342857142857145,6.5,9.214285714285714,10.6,13.500000000000004,2.8,6.05
2016-04-06,3.9924957053356396,1.7358676979720173,37.525,36.3,39.4,216.75,36.6,1.585420695423958,-0.09882013873287143,28.478571428571428,5.449999999999999,9.671428571428573,7.5,14.799999999999997,2.3,2.6
2016-04-07,5.164488804920401,1.912773631452,37.125,37.5,38.4,261.0,36.4,1.6209831965239727,-0.11593459959550041,28.571428571428577,6.0,9.557142857142859,8.7,15.0,2.7,6.2
2016-04-08,5.546988134344111,1.9127545290841763,38.425000000000004,36.8,40.0,318.825,37.4,1.6781904830143008,-0.1330147065341959,28.778571428571432,5.9,9.328571428571427,10.9,15.099999999999998,2.9,5.82
2016-04-09,5.840573261582058,1.8251791442443932,37.474999999999994,35.5,38.2,269.70000000000005,36.6,1.7721957187597752,-0.1500553983446526,28.992857142857144,5.550000000000001,9.528571428571428,9.3,13.0,3.2,4.91
2016-04-10,5.103585239847772,1.5465409817720521,38.125,36.5,40.0,251.54999999999998,36.4,1.8428984796710364,-0.16705162550211924,29.021428571428572,4.9,9.37142857142857,8.6,14.5,3.3,4.41
2016-04-11,5.27116313684856,1.817642460982262,38.525,36.0,39.4,300.04,36.8,1.8246865605054297,-0.18399835165768005,29.13571428571429,5.6,9.357142857142858,10.4,14.3,2.9,4.03
2016-04-12,6.648456662285193,2.2161522207617312,39.575,37.5,40.4,257.53,37.4,1.8398049689043074,-0.20089055513063506,29.242857142857144,6.75,9.428571428571429,9.1,18.4,3.0,7.32
2016-04-13,5.737001197034975,2.29480047881399,39.775,37.4,40.8,329.18,37.2,1.8524158094669474,-0.21772323039653177,29.07857142857143,6.85,9.214285714285714,10.9,14.399999999999999,2.5,5.51
2016-04-14,6.5591284749864105,2.4293068425875592,40.725,38.5,42.0,300.96,38.2,1.9322633495872295,-0.23449138957040985,29.264285714285712,6.949999999999999,9.700000000000001,9.6,14.3,2.7,6.09
2016-04-15,5.298979780540549,1.709348316303403,38.675,36.8,40.0,256.28,38.0,2.0060538083208805,-0.25119006388481935,29.457142857142856,5.25,9.828571428571427,8.6,13.999999999999996,3.1,5.33
2016-04-16,4.8164589243579705,1.6054863081193234,39.875,37.0,41.4,285.95,38.2,1.9769957779236271,-0.2678143051621742,29.535714285714285,4.949999999999999,9.5,9.5,13.8,3.0,5.87
2016-04-17,3.0023697731785535,1.1119888048809456,36.675,35.6,37.8,213.86,36.4,1.9456110870486174,-0.2843591872810034,29.692857142857143,3.75,9.528571428571428,7.4,13.400000000000002,2.7,3.32
2016-04-18,5.347256179348248,1.9097343497672314,38.625,36.8,39.8,295.96000000000004,36.8,1.883532204635602,-0.30081980763566735,29.642857142857142,5.8000000000000025,9.357142857142858,9.8,13.199999999999996,2.8,5.6
2016-04-19,2.7564956625840225,1.3126169821828677,36.625,35.4,37.6,179.49,36.6,1.8966881887477407,-0.3171912885891061,29.835714285714285,4.35,9.271428571428572,6.2,12.899999999999999,2.1,4.09
2016-04-20,4.909269924854655,1.963707969941862,37.975,36.8,39.2,291.06,36.2,1.7676117260936173,-0.3334687789181868,29.928571428571427,6.0,8.857142857142858,9.8,14.199999999999996,2.5,4.95
2016-04-21,4.634791946227666,1.931163310928194,39.225,37.3,40.4,258.42999999999995,37.2,1.7203127962547418,-0.3496474552512284,29.857142857142858,5.800000000000001,8.700000000000001,8.6,14.499999999999996,2.4,5.1
2016-04-22,1.91156438905795,0.9102687566942618,35.275,37.4,37.2,188.685,36.4,1.649149434589118,-0.36572252349726897,29.67142857142857,3.0,8.557142857142857,6.3,14.899999999999999,2.1,3.76
2016-04-23,3.6392252156286213,1.3997020060110081,38.325,37.7,40.2,314.15000000000003,36.4,1.5349952117878123,-0.3816892202666588,29.692857142857143,4.35,8.22857142857143,10.3,14.400000000000002,2.6,5.56
2016-04-24,5.328253313457944,2.3166318754164976,38.375,37.2,40.4,295.47,37.2,1.5055974543437673,-0.39754281428255595,29.75,7.0,8.342857142857143,9.8,14.100000000000001,2.3,5.69
2016-04-25,4.9895159383253755,1.9958063753301503,38.475,37.2,40.0,259.98,37.2,1.677689321563132,-0.4132786077829042,29.928571428571427,5.799999999999999,8.685714285714285,8.4,12.500000000000004,2.5,5.11
2016-04-26,1.8607525152456743,0.9793434290766707,34.475,35.3,34.0,159.225,35.6,1.6899853252149772,-0.4288919379124835,30.035714285714285,3.4000000000000004,8.485714285714286,5.5,12.699999999999996,1.9,3.63
2016-04-27,3.4082986486464995,1.5492266584756815,36.925,36.2,38.6,281.2,36.2,1.642374817628378,-0.4443781781046132,30.035714285714285,4.699999999999999,8.385714285714286,9.5,13.200000000000003,2.2,4.73
2016-04-28,4.810524948754296,2.00438539531429,37.925000000000004,37.3,40.0,296.5,36.6,1.5831632017046378,-0.45973273945210397,30.021428571428572,6.050000000000001,8.342857142857143,10.0,15.299999999999997,2.4,5.2
2016-04-29,5.187766804850618,2.25555078471766,37.875,37.3,39.0,303.0,36.6,1.59362349947408,-0.47495107206704995,29.964285714285715,6.6,8.542857142857143,10.1,14.599999999999998,2.3,4.88
2016-04-30,3.08291311905388,1.3403970082842958,34.725,36.0,35.4,184.275,35.6,1.7858066463345657,-0.4900286664290592,29.971428571428568,4.4,9.085714285714285,6.3,13.5,2.3,4.7
2016-05-01,2.0384009160459184,0.9706671028790088,35.575,35.4,37.8,231.6,35.6,1.7773345038021782,-0.5049610547215204,29.79285714285714,3.25,8.514285714285714,8.0,12.899999999999999,2.1,3.38
2016-05-02,5.854252993583543,2.168241849475386,38.375,36.8,40.8,305.395,36.4,1.5850538220111083,-0.5197438121555155,29.62142857142857,6.5,8.257142857142856,10.3,14.299999999999997,2.7,5.94
2016-05-03,4.43257063929454,1.9272046257802349,38.275,37.2,40.4,276.46,37.2,1.6096874611747134,-0.5343725582809786,29.435714285714287,5.699999999999999,8.528571428571428,9.2,14.300000000000004,2.3,5.08
2016-05-04,2.894843189492474,1.1134012267278746,38.675000000000004,36.5,40.6,316.41,37.8,1.7450962035609368,-0.548842958284719,29.592857142857145,3.5,9.057142857142857,10.6,13.3,2.6,5.24
2016-05-05,3.2215956992016412,1.2886382796806566,38.1,36.3,39.5,246.095,37.2,1.6828354275969641,-0.5631507242749186,29.628571428571426,4.25,9.214285714285714,8.3,13.299999999999997,2.5,4.43
2016-05-06,2.639211242995046,1.0556844971980184,35.525000000000006,34.5,36.8,123.625,35.6,1.5805858396493024,-0.5772916165517272,29.62857142857143,3.3499999999999996,8.971428571428572,4.3,11.5,2.5,3.4
2016-05-07,2.060316438115199,0.7358272993268569,35.525,30.0,37.0,160.27,35.2,1.409176370003639,-0.5912614448635781,29.45,2.5,8.142857142857144,6.2,8.3,2.8,3.52
2016-05-08,3.141027997255739,1.2564111989022957,34.425,35.8,35.6,213.525,34.2,1.322809268724005,-0.6050560696488488,28.964285714285715,4.1,8.128571428571428,7.3,13.099999999999998,2.5,3.47
2016-05-09,2.3064292022459068,1.0982996201170985,33.675000000000004,34.9,34.2,141.85500000000002,34.4,1.3636298538701888,-0.6186714032625031,29.007142857142856,3.6999999999999993,8.028571428571428,4.9,11.899999999999999,2.1,2.62
2016-05-10,2.1349784883627145,1.016656423029864,33.525,33.6,34.2,106.59,33.2,1.2107809639618623,-0.6321034111873487,28.907142857142855,3.3499999999999996,7.257142857142858,3.8,11.100000000000001,2.1,2.49
2016-05-26,6.727378427147479,1.5289496425335178,36.175000000000004,35.3,37.8,282.15000000000003,35.4,1.6098186879767578,-0.8190148866680801,28.650000000000002,4.699999999999999,8.72857142857143,9.9,13.599999999999998,4.4,4.86
2016-05-27,7.669677728548419,1.8261137448924807,36.875,35.4,38.8,319.54999999999995,35.6,1.5476016614941013,-0.8287700871745038,28.542857142857144,5.6,8.914285714285715,11.0,12.7,4.2,5.51
2016-05-28,6.156290455604143,1.8106736634129834,36.574999999999996,35.0,38.0,252.31500000000003,35.8,1.5731805412527573,-0.8382797052177744,28.75,5.800000000000001,9.685714285714285,8.9,13.3,3.4,4.32
2016-05-29,6.74372795342626,1.4660278159622306,35.975,34.8,37.0,264.61,35.2,1.705091344518882,-0.8475409228928311,28.642857142857142,4.699999999999999,9.742857142857144,9.4,13.299999999999997,4.6,5.08
2016-05-30,6.539271390723417,1.5569693787436705,35.425,34.6,36.8,296.40000000000003,34.4,1.671419968528989,-0.8565509959010036,28.485714285714288,5.099999999999998,9.6,10.4,12.200000000000003,4.2,4.97
2016-05-31,9.446318643660845,1.8522193418942834,36.425,34.6,38.2,308.0,35.4,1.6496635753275692,-0.865307254363206,28.414285714285715,5.85,9.585714285714285,11.0,13.200000000000003,5.1,6.36
2016-06-01,8.527209956758036,1.705441991351607,35.775,34.5,37.2,249.92000000000002,34.6,1.6959932708000107,-0.8738071036110808,28.385714285714283,5.4,10.228571428571428,8.8,12.2,5.0,5.04
2016-06-02,7.908867818760826,1.8830637663716252,35.775000000000006,34.4,37.2,300.13499999999993,34.8,1.6780565112558248,-0.8820480249558537,28.421428571428574,6.000000000000002,9.914285714285715,10.7,12.7,4.2,5.91
2016-06-03,8.217292631874816,1.7483601344414503,36.125,35.0,37.8,286.335,34.8,1.7286442432326972,-0.8900275764346767,28.357142857142854,5.6,10.028571428571428,10.1,13.3,4.7,4.95
2016-06-04,11.747466361118597,1.957911060186433,36.724999999999994,36.0,38.2,320.235,35.6,1.7175365845968358,-0.8977433935342337,28.25714285714286,6.25,9.9,11.1,14.3,6.0,7.19
2016-06-05,9.51230303133325,2.320073910081281,37.075,35.3,38.8,320.92,35.6,1.7385704984216144,-0.9051931898913974,28.32857142857143,7.25,10.214285714285714,11.3,13.799999999999997,4.1,4.18
2016-06-06,7.537933995806953,2.0372794583262035,37.125,35.3,38.6,312.4,36.2,1.8605770832957644,-0.9123747579707273,28.364285714285717,6.5,10.485714285714286,11.0,13.799999999999997,3.7,5.15
2016-06-07,7.404936348955813,2.115696099701661,37.375,36.3,39.0,297.67,36.2,1.9291928089504118,-0.9192859697186104,28.349999999999998,6.649999999999999,10.571428571428571,10.3,14.799999999999997,3.5,5.02
2016-06-08,6.795322352756709,1.7882427244096604,35.875,34.8,37.0,254.25,34.8,1.9668323457800372,-0.9259247771938498,28.478571428571428,5.9,10.471428571428572,9.0,13.099999999999998,3.8,6.32
2016-06-09,8.070899365283596,1.9216427060199037,36.475,35.2,37.8,271.7,35.4,1.9786610219311878,-0.9322892131745133,28.457142857142856,6.300000000000001,10.5,9.5,13.200000000000003,4.2,4.01
2016-06-10,7.013111373102333,1.5584691940227406,35.925,34.0,36.8,180.375,35.2,1.984172299023799,-0.9383773917408641,28.535714285714285,5.0,10.328571428571427,6.5,12.5,4.5,4.7
2016-06-11,10.568338567869056,2.2017372016393866,36.925,35.3,38.6,285.0,36.0,1.957045021821126,-0.9441875088341993,28.449999999999996,7.0,9.814285714285715,10.0,13.599999999999998,4.8,6.45
2016-06-12,12.618462932298488,2.213765426719033,36.575,35.5,38.0,315.555,35.4,1.9918773277429764,-0.9497178427914316,28.4,7.0,9.657142857142858,10.9,13.100000000000001,5.7,6.85
2016-06-13,17.69374848386361,2.184413393069582,36.575,34.2,38.2,319.68000000000006,35.4,1.9766904015483697,-0.9549667548552551,28.478571428571428,6.900000000000002,9.6,10.8,9.200000000000003,8.1,8.18
2016-06-14,17.888170085805932,2.2360212607257415,36.125,34.8,36.8,303.15999999999997,34.8,1.997709535083138,-0.9599326896597447,28.650000000000002,7.100000000000001,9.571428571428571,10.4,11.299999999999997,8.0,7.24
2016-06-15,14.856913794221237,2.092523069608625,35.575,33.4,35.4,261.16999999999996,35.0,2.014898843800864,-0.9646141756912435,28.685714285714287,7.0,9.585714285714287,9.1,9.399999999999999,7.1,6.12
2016-06-16,13.441859046297562,1.7233152623458414,34.025000000000006,32.5,34.2,37.050000000000004,33.6,2.058367464543573,-0.9690098257244062,28.75,5.800000000000001,9.6,1.3,8.0,7.8,5.96
2016-06-17,9.971069640826792,1.7805481501476417,35.125,33.2,36.0,231.84000000000003,34.6,2.0300349725901357,-0.9731183372332619,28.735714285714288,5.75,8.428571428571429,8.4,11.200000000000003,5.6,6.34
2016-06-18,11.326666939726731,1.8877778232877884,34.875,34.3,35.2,168.74,34.0,2.061760537750836,-0.9769384927771817,28.714285714285715,6.300000000000001,8.7,5.9,11.399999999999999,6.0,6.97
2016-06-19,9.931140984582015,2.0267634662412273,35.275,33.9,35.8,256.21999999999997,34.2,2.016909197986322,-0.980469160361632,28.728571428571428,6.750000000000002,8.114285714285716,9.2,12.099999999999998,4.9,4.75
2016-06-20,12.417550067830167,2.104669503022062,35.125,33.5,35.4,221.20000000000002,34.6,1.990194632203778,-0.9837092937736097,28.571428571428573,6.85,7.871428571428572,7.9,11.0,5.9,4.88
2016-06-21,10.59087049169683,1.8580474546836543,35.775,33.5,38.6,100.26,34.0,1.9788026479112752,-0.986657932891657,28.342857142857145,6.25,7.457142857142857,3.6,11.3,5.7,5.87
2016-06-22,14.861141142555427,1.9300183302020035,35.125,33.8,35.8,233.2,34.4,1.9248063899052628,-0.9893142039703663,28.157142857142855,6.25,6.485714285714286,8.0,9.299999999999997,7.7,6.88
2016-06-23,9.015967985397625,1.5817487693680041,34.525,32.7,34.6,62.37000000000001,33.8,1.9015914271328884,-0.99167731989929,28.22142857142857,5.399999999999999,6.328571428571429,2.2,8.700000000000003,5.7,5.78
2016-06-24,8.432688913576941,1.7209569211381512,33.925000000000004,33.5,34.0,5.720000000000001,33.4,1.8813676424217687,-0.993746580436178,28.2,5.699999999999999,6.457142857142856,0.2,9.8,4.9,3.27
2016-06-25,10.72392257987885,2.331287517364968,35.525,34.4,35.8,232.815,34.6,1.8728546097061272,-0.9955213724144752,28.342857142857145,7.5,5.285714285714286,8.3,12.7,4.6,4.93
2016-06-26,10.732308503797473,2.235897604957807,36.125,34.8,36.8,267.9,35.0,1.9362131374314386,-0.9970011699250151,28.264285714285716,7.250000000000002,5.628571428571429,9.5,13.199999999999996,4.8,6.32
2016-06-27,14.067142941741801,1.803479864325872,35.275000000000006,33.8,35.6,240.28500000000003,34.4,1.9660894429623785,-0.9981855344718586,28.314285714285713,5.950000000000001,5.671428571428572,8.3,9.699999999999996,7.8,7.26
2016-06-28,18.89602487850074,1.968335924843827,34.575,33.3,35.2,165.88,34.2,1.9230623517200658,-0.99907411510223,28.449999999999996,6.6,5.728571428571429,5.8,9.399999999999999,9.6,8.2
2016-06-29,10.976276299466473,1.614158279333305,34.125,32.4,34.4,100.62,33.8,1.9388178474572333,-0.9996666485105112,28.557142857142853,5.4,6.042857142857143,3.6,8.899999999999999,6.8,6.43
2016-06-30,11.280538864447491,1.9790419060434195,34.474999999999994,34.0,34.4,193.20000000000002,33.4,1.8936949830474192,-0.9999629591162655,28.385714285714283,6.5,5.414285714285714,6.9,12.0,5.7,4.48
2016-07-01,11.856895342327615,2.1557991531504754,35.425,34.5,35.8,276.85,34.6,1.9504511454296212,-0.9999629591162655,28.335714285714285,6.949999999999999,6.085714285714287,9.8,12.5,5.5,6.2
2016-07-02,11.148622564488692,2.1860044244095476,36.225,35.0,36.8,304.41499999999996,35.2,2.012571464288525,-0.9996666485105112,28.285714285714285,7.0,7.457142857142857,10.7,13.100000000000001,5.1,5.97
2016-07-03,10.06355225366777,2.580398013760967,36.675,36.6,37.2,301.35,35.4,1.9918167367234647,-0.99907411510223,28.342857142857138,7.950000000000001,7.800000000000002,10.5,15.8,3.9,6.73
2016-07-04,10.56828411698916,2.156792676936563,37.325,35.8,38.2,312.12,35.8,2.0410310808382017,-0.9981855344718586,28.414285714285715,6.550000000000001,7.942857142857144,10.8,13.799999999999997,4.9,6.61
2016-07-05,12.732370901151786,2.021011254151077,37.025,34.0,38.8,240.12,36.0,2.091504339782586,-0.9970011699250151,28.407142857142862,6.65,8.3,8.7,12.8,6.3,7.1
2016-07-06,12.055493165580689,2.232498734366794,36.075,34.8,37.0,299.75,33.6,2.099029386826479,-0.9955213724144752,28.264285714285712,7.0,8.714285714285714,11.0,15.099999999999998,5.4,6.74
2016-07-07,12.939869766858836,2.1566449611431393,36.575,34.8,37.2,297.155,35.4,2.187363737545549,-0.9937465804361781,28.164285714285715,6.799999999999999,9.771428571428572,10.3,11.899999999999999,6.0,6.81
2016-07-08,10.416264437184665,1.4880377767406665,34.475,33.5,34.4,99.925,34.4,2.212735602559795,-0.99167731989929,28.285714285714285,4.9,10.257142857142856,3.5,9.899999999999999,7.0,4.73
2016-07-09,15.595381279490983,1.4440167851380539,35.825,33.8,36.2,297.33,35.0,2.1173411202155363,-0.9893142039703664,28.32857142857143,4.75,9.357142857142858,10.2,9.299999999999997,10.8,7.66
2016-07-10,21.898992352379477,1.794999373145859,35.725,33.0,36.2,308.695,34.8,2.0113428860338947,-0.9866579328916572,28.428571428571427,5.949999999999999,9.285714285714286,10.7,8.3,12.2,9.07
2016-07-11,23.22352254808856,1.9849164571015865,36.175,33.8,36.6,317.52,35.4,1.8991430802317362,-0.9837092937736098,28.449999999999996,6.449999999999999,9.314285714285713,10.8,8.799999999999997,11.7,9.68
2016-07-12,16.061782628873573,1.9587539791309236,36.225,35.7,36.6,322.64000000000004,35.2,1.8745893345410252,-0.9804691603616321,28.521428571428572,6.449999999999999,9.314285714285715,10.9,12.200000000000003,8.2,8.11
2016-07-13,10.424673176798603,2.0849346353597205,36.575,34.4,37.2,286.72999999999996,35.4,1.8656954381095745,-0.9769384927771817,28.807142857142853,6.800000000000001,9.628571428571428,10.6,14.7,5.0,7.41
2016-07-14,4.078714978094404,1.4566839207480016,36.975,35.8,37.8,274.50999999999993,35.2,1.8446148525371355,-0.973118337233262,28.77857142857143,5.0,9.571428571428571,9.7,14.999999999999996,2.8,4.66
2016-07-15,3.408216545828397,1.5491893390129077,36.574999999999996,35.0,37.2,154.825,35.6,1.7446204181949732,-0.9690098257244063,28.699999999999996,5.1,9.485714285714286,5.5,13.7,2.2,2.44
2016-07-16,2.3201075767597685,1.054594353072622,35.575,33.5,36.0,116.97000000000001,34.2,1.753356355662436,-0.9646141756912435,28.64285714285714,3.5500000000000007,9.771428571428572,4.2,11.3,2.2,3.17
2016-07-17,1.7980956429863608,0.9989420238813116,33.425,34.8,34.4,86.88,32.2,1.6977245796530887,-0.9599326896597445,28.457142857142856,3.5,8.914285714285715,3.2,15.299999999999997,1.8,2.18
2016-07-18,10.127492646317332,1.6879154410528887,34.925,33.5,35.8,247.28000000000003,33.6,1.584002101186725,-0.9549667548552553,28.21428571428571,5.6,7.8428571428571425,8.8,10.8,6.0,6.09
2016-07-19,9.004763364438768,2.3696745695891495,36.125,34.6,37.2,264.48,34.2,1.5415733846083395,-0.9497178427914317,28.02857142857143,7.75,7.557142857142857,9.6,14.100000000000001,3.8,5.92
2016-07-20,6.088355220484029,1.963985554994848,36.475,34.8,37.2,215.45999999999998,35.4,1.6002763261023716,-0.9441875088341994,27.735714285714284,6.35,7.371428571428571,7.6,12.899999999999999,3.1,4.77
2016-07-21,8.461232036785377,1.7627566743302872,36.275,34.4,37.0,203.86999999999998,35.2,1.582997886050247,-0.9383773917408642,27.92142857142857,5.9,6.942857142857143,7.4,13.7,4.8,5.38
2016-07-22,12.926703542446038,2.0197974285071933,35.824999999999996,34.0,36.4,201.48000000000002,34.4,1.6267225651334305,-0.9322892131745134,27.814285714285713,6.75,6.614285714285714,7.3,12.8,6.4,6.45
2016-07-23,11.246931082651905,1.8744885137753173,35.325,33.5,35.6,178.24,34.6,1.6939522922040429,-0.9259247771938499,27.735714285714288,6.5,6.871428571428572,6.4,11.3,6.0,5.17
2016-07-24,7.136267935232179,1.6595971942400416,35.175,33.0,35.6,249.10000000000002,34.2,1.8110800294472853,-0.9192859697186105,27.735714285714288,5.75,7.185714285714285,9.4,13.0,4.3,4.03
2016-07-25,1.9738622020381666,0.7895448808152666,35.375,35.8,36.8,187.265,34.4,1.9054593394985322,-0.9123747579707274,27.642857142857142,2.6999999999999993,8.071428571428571,6.7,15.699999999999996,2.5,3.08
2016-07-26,2.552535101775768,1.1602432280798944,32.525,31.8,32.4,91.52499999999999,32.2,1.7771206880360146,-0.9051931898913975,27.62142857142857,3.799999999999999,7.771428571428571,3.5,11.3,2.2,2.6
2016-07-27,3.4588889212767207,1.5722222369439638,36.025,33.8,37.4,230.58,34.4,1.6043447821061212,-0.8977433935342336,27.42142857142857,5.1,6.8999999999999995,8.4,12.699999999999996,2.2,3.43
2016-07-28,2.4455166888703133,1.3586203827057295,35.025,34.6,35.8,241.12,33.6,1.548378593813138,-0.8900275764346766,27.292857142857144,4.299999999999999,7.014285714285715,8.8,14.400000000000002,1.8,3.54
2016-07-29,4.710518480858766,1.5195220905996019,35.225,33.3,36.2,247.06499999999997,34.2,1.4906448378667725,-0.8820480249558535,27.27142857142857,4.949999999999999,7.214285714285714,9.1,12.299999999999997,3.1,3.76
2016-07-30,4.15772405507953,1.2992887672123532,33.775,33.0,34.4,108.035,32.8,1.419176932451402,-0.8738071036110807,27.207142857142856,4.449999999999999,7.471428571428572,4.1,13.3,3.2,4.23
2016-07-31,10.712329833296566,1.9129160416601012,34.875,33.6,36.0,297.54,33.8,1.3370055400852645,-0.8653072543632061,26.99285714285714,6.5,7.142857142857143,10.8,12.100000000000001,5.6,4.93
2016-08-01,17.208347493680606,2.0009706388000703,34.625,32.8,35.4,245.64,33.4,1.3731939468595586,-0.8565509959010037,27.142857142857142,6.699999999999999,7.3428571428571425,8.9,10.399999999999999,8.6,4.77
2016-08-02,16.496207515707088,2.170553620487775,35.325,33.5,36.2,259.90999999999997,34.2,1.5462547694288165,-0.8475409228928312,27.092857142857138,7.25,7.6571428571428575,9.4,11.7,7.6,6.85
2016-08-03,13.035176441828106,2.172529406971351,35.125,33.8,36.0,244.35,33.8,1.690584825487085,-0.8382797052177745,27.307142857142857,7.5,8.5,9.0,13.299999999999997,6.0,5.22
2016-08-04,12.354208515790154,1.9926142767403472,35.175,33.7,36.0,287.26,33.8,1.7763429926338543,-0.828770087174504,27.264285714285712,6.649999999999999,8.585714285714285,10.6,13.200000000000003,6.2,5.98
2016-08-05,9.700164183292294,2.108731344193977,35.775,34.5,36.4,313.5,34.4,1.8669135489245143,-0.8190148866680802,27.221428571428568,6.799999999999999,8.842857142857143,11.4,14.0,4.6,4.08
2016-08-06,8.675348772836953,2.2829865191676193,36.425,35.0,37.2,331.58000000000004,35.2,1.9510862994379963,-0.8090169943749472,27.271428571428572,7.5,9.171428571428573,11.8,13.8,3.8,5.08
2016-08-07,9.77313608714337,2.2211672925325843,37.275000000000006,35.3,38.0,327.59999999999997,37.2,2.09161454971732,-0.7987793728863648,27.521428571428572,7.25,10.271428571428572,11.7,14.599999999999998,4.4,6.18
2016-08-08,4.888674103560526,2.0369475431502195,37.324999999999996,36.0,38.2,311.58000000000004,35.6,2.1356504426991036,-0.7883050558305253,27.585714285714285,6.350000000000001,10.4,10.8,14.3,2.4,4.28
2016-08-09,5.132800290085041,1.901037144475941,38.225,36.8,39.6,251.97999999999996,37.2,2.1407900004634106,-0.7775971469736268,27.764285714285716,6.0,10.671428571428573,8.6,14.999999999999996,2.7,4.57
2016-08-10,8.422966538767367,2.276477442910099,37.825,35.8,38.6,270.71999999999997,36.2,2.1022876467474343,-0.7666588193001592,28.0,7.199999999999999,10.557142857142855,9.6,15.199999999999996,3.7,5.67
2016-08-11,8.509100671613824,2.2997569382740064,37.925,35.7,38.6,315.27000000000004,36.2,2.1171373661672557,-0.7554933140726804,28.15,7.35,10.642857142857142,11.3,15.600000000000001,3.7,6.36
2016-08-12,6.337289945420514,2.5349159781682054,38.325,36.8,39.2,324.79999999999995,36.2,2.1610148892434924,-0.7441039398713608,28.264285714285712,7.800000000000001,10.742857142857144,11.2,15.599999999999998,2.5,5.0
2016-08-13,8.369348297687058,2.0923370744217644,37.775,35.8,38.6,312.4,36.8,2.221898408382668,-0.7324940716135792,28.478571428571428,6.75,10.714285714285714,11.0,14.799999999999997,4.0,6.42
2016-08-14,13.791578814474246,1.8388771752632327,37.175,33.5,38.0,286.335,36.0,2.1946627734189743,-0.7206671495538615,28.521428571428572,6.049999999999999,10.6,10.1,10.3,7.5,7.01
2016-08-15,15.83574925403526,1.7792976689927258,36.475,33.8,36.8,292.22999999999996,35.8,2.1400498995233526,-0.70862667826446,28.571428571428573,5.9,10.37142857142857,10.2,10.299999999999997,8.9,7.7
2016-08-16,18.522092675063544,2.0132709429416895,36.575,34.0,37.0,299.73,35.6,2.1032427746437103,-0.6963762255968726,28.54285714285714,6.75,10.285714285714286,10.3,9.8,9.2,8.17
2016-08-17,16.07139743879336,2.171810464701805,36.325,33.5,36.6,278.76,35.4,2.119276174424532,-0.6839194216246105,28.514285714285712,7.149999999999999,10.528571428571428,10.1,11.8,7.4,7.68
2016-08-18,10.91495876118301,2.0212886594783352,36.925,33.5,37.4,286.2,35.8,2.104323748966204,-0.6712599575675315,28.428571428571427,6.6,10.6,10.6,13.0,5.4,6.88
2016-08-19,9.287971230377075,2.5799920084380763,38.125,37.0,38.6,314.28000000000003,36.4,2.0645425662811085,-0.6584015846980489,28.300000000000004,8.05,10.5,10.8,15.8,3.6,6.27
2016-08-20,9.169160109086587,2.4781513808342126,38.925,37.5,39.6,339.15000000000003,37.4,2.070981999176804,-0.64534811322955,28.314285714285717,7.75,10.442857142857141,11.4,15.5,3.7,7.21
2016-08-21,6.86312842433161,1.9608938355233172,39.525,36.4,40.2,297.84,37.6,2.126098328664297,-0.6321034111873488,28.50714285714286,6.25,10.5,10.2,14.399999999999999,3.5,6.65
2016-08-22,3.567535035585194,1.3213092724389606,37.975,36.0,38.4,200.10000000000002,36.6,2.143529280130023,-0.6186714032625032,28.62857142857143,4.4,10.514285714285714,6.9,14.0,2.7,3.7
2016-08-23,7.955158512453766,1.559835002441915,35.725,35.0,36.0,252.9,35.2,2.0781023663366285,-0.6050560696488494,28.678571428571427,5.0,10.042857142857143,9.0,13.8,5.1,6.25
2016-08-24,11.76041258152791,2.352082516305582,37.225,36.5,38.0,318.6,35.8,2.013325803408089,-0.5912614448635782,28.535714285714285,7.5,9.857142857142858,10.8,14.0,5.0,7.48
2016-08-25,15.01282791183783,2.207768810564387,37.225,35.5,38.0,291.385,36.2,2.0390789536372003,-0.5772916165517278,28.807142857142853,7.1,9.957142857142857,10.1,13.3,6.8,7.93
2016-08-26,14.009800811217694,2.030405914669231,36.625,34.5,37.0,215.34000000000003,36.0,2.0657189752209213,-0.5631507242749187,29.071428571428573,6.75,9.885714285714286,7.4,10.8,6.9,7.44
2016-08-27,10.905024501036907,1.6276155971696875,34.475,32.5,34.2,50.85,34.0,1.9872066761110863,-0.5488429582847199,29.071428571428573,5.65,9.4,1.8,8.5,6.7,4.95
2016-08-28,13.019051898619058,2.6038103797238117,37.474999999999994,36.4,38.0,295.28999999999996,35.8,1.8657015641590113,-0.5343725582809785,28.857142857142858,8.25,8.028571428571428,10.2,14.899999999999999,5.0,7.8
2016-08-29,12.453835190390834,2.490767038078167,37.474999999999994,36.3,37.8,303.69,36.0,1.957546784759082,-0.5197438121555157,28.821428571428573,7.949999999999999,8.028571428571428,10.6,15.299999999999997,5.0,8.06
2016-08-30,6.967589463995015,1.8335761747355304,37.324999999999996,36.8,37.8,251.54999999999998,36.2,2.1246121798503976,-0.5049610547215202,28.771428571428572,6.1,8.557142857142859,8.6,15.099999999999998,3.8,6.12
2016-08-31,10.600815320454455,2.120163064090891,37.875,35.0,38.0,230.04,37.0,2.163718061606628,-0.4900286664290594,28.935714285714287,6.85,8.5,8.1,13.2,5.0,7.46
2016-09-01,11.809639733901653,2.1869703210928986,37.975,35.3,38.4,316.905,36.6,2.1305867112902437,-0.4749510720670502,28.778571428571432,7.050000000000001,8.114285714285714,11.1,13.499999999999996,5.4,7.95
2016-09-02,10.198323980635722,1.8885785149325411,36.925000000000004,34.0,37.0,261.59999999999997,36.2,2.1276154985086024,-0.4597327394521046,28.735714285714284,6.25,8.257142857142858,9.6,13.5,5.4,6.36
2016-09-03,8.103873611558303,2.0779163106559753,37.375,36.5,37.6,184.64000000000001,36.0,2.107354441403361,-0.4443781781046134,28.471428571428568,6.75,8.571428571428571,6.4,15.3,3.9,6.63
2016-09-04,10.873473703078357,1.8429616445895518,36.625,34.7,36.6,210.375,36.0,2.1716831147585447,-0.4288919379124841,28.557142857142853,6.0,9.228571428571428,7.5,13.300000000000004,5.9,7.03
2016-09-05,14.254787498028987,2.4160656776320315,38.125,36.2,38.4,241.89999999999998,36.6,2.0629904383107935,-0.41327860778290443,28.428571428571427,7.75,8.842857142857143,8.2,13.400000000000002,5.9,9.12
2016-09-06,15.742283728195824,2.281490395390699,36.925,34.0,37.0,280.28000000000003,35.8,2.052318815389917,-0.3975428142825566,28.55,7.600000000000001,8.499999999999998,9.8,10.8,6.9,8.27
2016-09-07,9.004981383100032,2.0941817170000077,36.625,35.0,36.6,238.48000000000002,36.0,2.1163065611977983,-0.3816892202666586,28.457142857142856,7.0,8.671428571428573,8.8,15.8,4.3,6.23
2016-09-08,10.85093319820613,2.21447616289921,37.225,35.7,37.6,279.13000000000005,36.0,2.112594940184815,-0.3657225234972692,28.271428571428572,7.25,8.77142857142857,10.3,17.200000000000003,4.9,7.17
2016-09-09,9.396867734513682,2.3492169336284205,37.125,36.0,37.2,291.2,35.4,2.1165243461571452,-0.34964745525122826,28.064285714285717,7.65,8.657142857142857,10.4,16.0,4.0,6.03
2016-09-10,11.469865973654015,2.293973194730803,37.875,36.2,38.0,278.76,36.2,2.1823298345422706,-0.33346877891818705,28.171428571428574,7.25,8.77142857142857,10.1,17.200000000000003,5.0,7.34
2016-09-11,13.139930945540888,2.4333205454705347,37.825,36.0,38.2,305.2,36.0,2.2131951036958175,-0.31719128858910595,27.992857142857144,8.0,9.299999999999999,10.9,16.0,5.4,8.51
2016-09-12,11.962468296888451,2.492180895185094,37.975,36.1,38.0,299.065,36.0,2.297532089535958,-0.300819807635668,27.985714285714288,8.0,9.785714285714286,10.7,16.3,4.8,7.21
2016-09-13,9.429483993230967,2.417816408520761,37.975,36.7,38.2,278.35,36.4,2.3084056920435385,-0.2843591872810036,27.764285714285716,7.6,10.142857142857142,9.5,14.800000000000004,3.9,6.59
2016-09-14,8.99809938724478,2.249524846811195,38.725,36.8,39.2,291.375,36.4,2.3278808367764046,-0.26781430516217486,27.864285714285717,6.800000000000001,10.1,10.5,18.099999999999998,4.0,7.21
2016-09-15,9.623107459600725,2.0919798825218967,39.225,36.4,39.6,267.43,37.6,2.350072712463717,-0.25119006388481957,27.957142857142856,6.5,10.342857142857143,9.4,15.899999999999999,4.6,8.62
2016-09-16,13.70482169206199,2.141378389384686,38.375,36.0,38.6,272.32,37.2,2.3325732438383864,-0.23449138957041052,28.150000000000002,6.899999999999999,10.214285714285714,9.2,12.8,6.4,8.85
2016-09-17,11.448469386740513,2.3850977889042735,38.325,35.5,38.2,282.15000000000003,36.4,2.3028820232321388,-0.21772323039653224,28.37857142857143,7.5,10.042857142857143,9.9,14.0,4.8,6.94
2016-09-18,13.430596930000258,2.2017372016393866,38.425,35.8,38.4,257.98499999999996,37.2,2.3158998223997775,-0.20089055513063528,28.50714285714286,7.0,10.014285714285714,9.1,14.899999999999999,6.1,7.82
2016-09-19,8.830729109364842,2.2076822773412106,37.675,35.6,37.4,223.57000000000002,37.2,2.282816487566756,-0.18399835165767986,28.557142857142857,6.799999999999999,9.757142857142856,7.9,14.600000000000001,4.0,6.18
2016-09-20,13.88315229073029,2.203674966782586,38.125,36.3,38.2,296.5,36.8,2.242173827874773,-0.1670516255021195,28.607142857142858,6.699999999999999,9.357142857142858,10.0,13.299999999999997,6.3,8.74
2016-09-21,21.227370321248035,2.3850977889042735,38.325,36.0,38.4,296.92499999999995,37.0,2.211582193340748,-0.15005539834465262,28.657142857142855,7.449999999999999,9.428571428571429,10.7,16.5,8.9,8.33
2016-09-22,14.154256505050874,2.5275458044733705,38.325,36.0,38.4,250.09000000000003,37.0,2.230949756496902,-0.13301470653419636,28.657142857142855,7.949999999999999,9.457142857142856,8.9,15.8,5.6,8.65
2016-09-23,5.897898700651797,1.965966233550599,37.375,36.0,37.0,252.41,36.0,2.2931734596328264,-0.11593459959550066,28.607142857142858,6.25,9.385714285714286,8.6,13.3,3.0,7.55
2016-09-24,14.331173870551133,2.388528978425189,37.925,36.0,38.0,280.0,36.0,2.268114580227957,-0.09882013873287211,28.571428571428573,7.5,9.299999999999999,10.0,16.0,6.0,7.97
2016-09-25,11.984701124738915,2.1790365681343484,37.975,36.5,38.0,288.15,36.2,2.268604750159516,-0.08167639533042288,28.5,6.75,9.314285714285713,10.2,16.5,5.5,7.84
2016-09-26,9.14966651227337,2.4728828411549646,39.325,37.3,39.2,301.6,38.2,2.26536180251594,-0.06450844944931625,28.485714285714288,7.5,9.471428571428572,10.4,16.599999999999998,3.7,7.64
2016-09-27,7.339395533963753,2.36754694643992,39.325,37.7,39.4,255.345,37.6,2.303247597346476,-0.04732138832243232,28.585714285714285,7.199999999999999,9.828571428571427,8.7,16.700000000000003,3.1,6.38
2016-09-28,8.689361212751425,2.2866740033556385,39.375,37.3,39.6,271.095,37.4,2.3266578801546665,-0.03012030484690836,28.542857142857144,6.85,9.642857142857142,9.3,16.299999999999997,3.8,7.03
2016-09-29,13.251272473066209,2.3662986559046804,38.025,36.3,38.4,274.01,35.6,2.312597339362004,-0.012910296075008843,28.742857142857144,7.25,9.442857142857141,9.4,14.299999999999997,5.6,7.26
2016-09-30,12.091109768594366,2.121247327823573,37.375,35.4,37.2,202.93999999999997,36.4,2.2895620324236203,0.004303538296243821,28.892857142857142,6.6,9.514285714285714,7.3,15.2,5.7,7.53
2016-10-01,10.389330707799042,2.5339830994631813,38.474999999999994,37.2,38.6,283.63500000000005,36.6,2.3117450458911875,0.021516097436222233,28.67142857142857,7.799999999999997,9.328571428571427,9.9,17.1,4.1,8.56
2016-10-02,6.352848301933899,2.190637345494448,38.375,37.0,38.6,247.25,37.0,2.3325242060394724,0.03872228089217399,28.764285714285712,7.0,9.314285714285715,8.6,16.5,2.9,4.82
2016-10-03,5.145368784155061,1.9789879939057926,38.775000000000006,36.8,38.6,245.70000000000002,37.2,2.334181459948058,0.05591699010060302,28.835714285714285,6.5,9.085714285714285,8.4,15.099999999999998,2.6,5.67
2016-10-04,9.193847320610871,2.2984618301527178,38.625,37.0,38.6,295.79999999999995,37.2,2.2636250531981763,0.07309512989807776,28.87142857142857,7.1,8.799999999999999,10.2,16.0,4.0,7.26
2016-10-05,7.499177963187004,1.7439948751597685,31.575,37.8,32.2,314.82,31.2,2.253755750871433,0.0902516100310407,28.821428571428573,5.5,9.014285714285714,10.8,17.299999999999997,4.3,7.73
2016-10-06,4.8043942997264955,1.6014647665754984,38.875,37.3,39.0,277.44,37.4,2.176230161129166,0.10738134666416306,28.821428571428573,5.25,9.228571428571428,9.6,16.799999999999997,3.0,5.02
2016-10-07,9.501373680103868,2.31740821465948,38.375,36.8,38.6,261.795,37.2,2.066968176939283,0.12447926388678869,28.785714285714285,7.300000000000001,9.257142857142856,9.3,17.299999999999997,4.1,8.67
2016-10-08,6.916186443674326,1.5718605553805285,38.875,36.8,38.6,299.065,37.8,2.0949911607729836,0.141540295217043,28.835714285714285,5.1,9.542857142857143,10.7,17.699999999999996,4.4,7.71
2016-10-09,12.863630742156525,2.3388419531193683,38.724999999999994,37.5,39.0,310.5,36.8,1.9575450830468903,0.15855938510313475,28.735714285714288,7.0,9.657142857142857,10.8,17.5,5.5,8.36
2016-10-10,14.944439369652555,2.4907398949420925,38.725,37.0,38.8,299.065,36.8,1.9787171698504504,0.17553149042142777,28.735714285714288,7.5,9.971428571428572,10.7,18.1,6.0,8.2
2016-10-11,9.09749930851513,1.8194998617030262,36.025000000000006,37.5,38.6,305.1,36.8,2.0518245842842076,0.19245158197082995,28.55,6.0,10.299999999999999,10.8,18.5,5.0,7.93
2016-10-12,10.745436063731079,2.6208380643246536,39.075,37.8,39.2,310.5,37.0,1.9834014459342517,0.20931464596304888,28.442857142857143,8.0,10.385714285714286,10.8,18.099999999999998,4.1,7.53
2016-10-13,7.558643037476876,2.223130305140258,39.175000000000004,37.5,39.2,264.0,37.4,2.1086647586720924,0.22611568550828803,28.385714285714283,6.75,10.385714285714286,8.8,15.0,3.4,7.59
2016-10-14,7.271193936975472,1.6909753341803424,37.925,35.8,37.8,219.95999999999998,36.4,2.197474121324201,0.2428497220959358,28.542857142857144,5.300000000000001,10.271428571428572,7.8,15.199999999999996,4.3,5.85
2016-10-15,4.021348665114636,1.4361959518266558,36.975,35.3,37.0,169.035,37.2,2.1079837098271814,0.25951179706979943,28.55,4.799999999999999,10.057142857142859,5.9,13.299999999999997,2.8,4.82
2016-10-16,4.028857214122759,1.6115428856491034,37.625,35.4,37.8,174.84,37.4,2.088603052176628,0.27609697309746883,28.65,5.35,9.371428571428572,6.2,14.399999999999999,2.5,5.26
2016-10-17,5.01702945728358,1.8581590582531775,38.125,35.2,38.4,241.66,36.8,1.9847031853951618,0.2926003356333479,28.571428571428573,5.899999999999999,8.714285714285714,8.6,14.200000000000003,2.7,5.62
2016-10-18,4.552757295272242,1.7510604981816313,37.724999999999994,34.8,38.0,240.66,36.4,1.8943344944396026,0.30901699437494723,28.592857142857145,5.5,8.414285714285715,8.4,12.299999999999997,2.6,3.9
2016-10-19,2.6097212050763043,1.18623691139832,34.375,33.1,34.2,31.86,34.4,1.8845574425079745,0.3253420847119795,28.650000000000002,3.6999999999999993,8.071428571428571,1.2,13.100000000000001,2.2,3.16
2016-10-20,3.6894472822838473,1.6770214919472033,35.675000000000004,35.3,36.0,164.905,34.2,1.6796144206613555,0.341570769167856,28.335714285714285,5.35,6.700000000000001,5.9,14.699999999999996,2.2,5.73
2016-10-21,2.9693418406217926,1.237225766925747,32.225,34.0,32.6,88.0,31.8,1.6015988759194906,0.35769823883312546,28.042857142857144,4.199999999999999,6.285714285714286,3.2,13.0,2.4,4.91
2016-10-22,5.1693683113742885,1.5664752458709965,33.125,34.0,33.2,215.275,32.6,1.536777509168834,0.3737197147904692,27.942857142857147,5.0,5.628571428571429,7.9,13.5,3.3,5.17
2016-10-23,6.405742811655637,1.8840420034281284,34.675,35.8,35.0,289.67999999999995,33.6,1.5553888368894542,0.38963044953078774,27.74285714285714,6.0,5.9142857142857155,10.2,14.799999999999997,3.4,5.29
2016-10-24,5.052415205951419,1.122758934655871,33.175,33.5,33.4,152.475,32.8,1.5943172822864577,0.4054257283599973,27.771428571428572,3.8499999999999996,6.485714285714286,5.7,13.5,4.5,4.46
2016-10-25,3.9117753717159167,1.0030193260810043,34.37499999999999,34.8,34.8,206.72,33.6,1.4892601217725567,0.42110087079608916,27.578571428571426,3.4499999999999993,6.071428571428571,7.6,15.199999999999996,3.9,5.02
2016-10-26,2.788279856956193,1.3941399284780964,34.975,33.0,35.6,216.67499999999998,34.0,1.3823970971867532,0.4366512319560638,27.37142857142857,4.75,5.957142857142857,8.1,12.5,2.0,3.85
2016-10-27,2.0192844372004455,1.442346026571747,33.625,33.4,34.2,156.31,32.2,1.4120975281981496,0.45207220393230374,27.400000000000002,4.75,6.942857142857142,5.8,12.899999999999999,1.4,3.07
2016-10-28,2.6561699747589866,1.6601062342243664,34.824999999999996,35.2,35.4,228.01500000000001,34.2,1.3785724617159416,0.46735921715800205,27.25714285714286,5.399999999999999,6.928571428571429,8.1,14.100000000000001,1.6,3.83
2016-10-29,3.2365241555655904,1.6182620777827952,34.625,34.7,35.0,207.94000000000003,34.2,1.4389839570443157,0.48250774176121763,27.35,5.099999999999998,7.628571428571427,7.4,13.200000000000003,2.0,3.25
2016-10-30,3.0879556948206113,1.3425894325307006,34.025000000000006,34.3,34.6,229.59999999999997,33.2,1.4463820758888584,0.4975132889071803,27.471428571428568,4.299999999999999,7.557142857142857,8.2,12.599999999999998,2.3,4.03
2016-10-31,1.0807454802261156,0.568813410645324,32.475,32.2,32.6,65.875,32.2,1.3690317086177972,0.5123714121284235,27.414285714285715,1.9499999999999993,7.271428571428571,2.5,11.700000000000003,1.9,0.49
2016-11-01,2.65491476559693,0.9833017650358999,33.175,33.3,33.2,221.195,32.6,1.2898966337591475,0.5270777086423724,27.357142857142858,3.299999999999999,6.814285714285714,8.3,13.299999999999997,2.7,3.7
2016-11-02,5.22212237677504,1.2736883845792781,32.225,32.0,32.2,193.815,31.4,1.2870798393241327,0.5416278206559811,27.27857142857143,4.300000000000001,6.914285714285714,7.3,10.899999999999999,4.1,3.09
2016-11-03,1.2496100087405468,0.6576894782844984,31.075,29.4,30.6,50.7,30.2,1.269872475910016,0.5560174366570446,27.25,2.25,6.799999999999999,2.0,8.099999999999998,1.9,1.5
2016-11-04,3.171849441334737,1.0937411866671507,30.575,30.6,30.2,48.355000000000004,30.4,1.1577786832975518,0.5702422926917867,27.021428571428572,3.799999999999999,6.257142857142857,1.9,10.3,2.9,2.67
2016-11-05,1.3894221385930092,1.2631110350845538,30.424999999999997,32.2,30.2,47.61000000000001,30.2,1.076869390789378,0.5842981736283683,26.635714285714283,4.35,5.371428571428572,1.8,11.500000000000004,1.1,2.6
2016-11-06,1.282379937917523,0.9864461060904022,30.475,31.3,30.4,63.75,30.2,1.0261335275467722,0.5981809144059158,26.400000000000002,3.5,4.571428571428571,2.5,11.600000000000001,1.3,1.21
2016-11-07,3.6427424460011326,1.5838010634787534,32.625,33.3,33.2,248.775,31.4,0.9752559094838725,0.6118864012687242,26.042857142857144,5.25,3.7571428571428567,9.3,13.099999999999998,2.3,1.95
2016-11-08,2.7953579024432953,1.164732459351373,32.025,32.3,32.2,214.83999999999997,31.6,1.1202541456029338,0.6254105729852457,26.1,4.0,4.728571428571429,8.2,12.199999999999996,2.4,3.54
2016-11-09,2.903511019325508,1.3197777360570488,32.275000000000006,32.0,32.6,177.55,31.8,1.14617281621943,0.6387494220515268,26.035714285714285,4.550000000000001,4.714285714285714,6.7,11.0,2.2,3.38
2016-11-10,2.1792024016126073,1.210668000895893,32.224999999999994,32.0,32.4,184.6,31.4,1.1527570092876829,0.6518989958787125,26.02857142857143,4.15,4.628571428571428,7.1,12.0,1.8,2.95
2016-11-11,1.9833715057816421,1.2396071911135262,32.075,32.5,32.4,214.0,31.4,1.2317539410893108,0.6648553979642866,26.12142857142857,4.25,5.357142857142857,8.0,11.5,1.6,2.57
2016-11-12,1.3692458450130154,0.8557786531331346,32.275,33.5,32.6,113.82000000000001,31.6,1.2525919417245073,0.6776147890466887,26.307142857142853,2.9000000000000004,6.228571428571429,4.2,12.8,1.6,2.71
2016-11-13,0.9658683567693105,0.8048902973077587,30.825,31.5,30.8,107.62499999999999,31.0,1.194401601445733,0.690173388242972,26.400000000000002,2.75,6.571428571428571,4.1,10.5,1.2,1.57
2016-11-14,1.2100452410369447,0.8643180293121033,31.025,31.8,31.0,168.96,30.4,1.1684650573339268,0.7025274741691566,26.50714285714286,3.0,6.799999999999999,6.4,10.8,1.4,1.07
2016-11-15,1.8312556260099198,1.077209191770541,31.775,31.5,32.2,185.31,31.4,1.065681766738691,0.7146733860429608,26.457142857142856,3.6499999999999986,6.385714285714286,7.1,10.8,1.7,3.81
2016-11-16,0.8290273239514401,0.5921623742510287,30.025,30.8,29.6,79.825,30.0,1.0531784427985724,0.7266075247685652,26.442857142857147,2.0,6.228571428571428,3.1,10.100000000000001,1.4,3.05
2016-11-17,0.12484853536776885,0.15606066920971107,27.525000000000002,26.8,26.8,0.0,27.6,0.949233391111998,0.7383263540031063,26.33571428571429,0.5500000000000007,5.714285714285714,0.0,6.300000000000001,0.8,0.74
2016-11-20,0.2627179987331421,0.3283974984164276,28.025,26.8,27.4,0.0,28.2,0.6568267658890048,0.7721565844991641,25.424999999999997,1.1999999999999993,3.4499999999999997,0.0,5.900000000000002,0.8,0.58
2016-11-21,0.27174222900165795,0.3882031842880828,28.525,28.2,28.4,15.36,28.4,0.5774112994071162,0.7829801036770624,25.025000000000002,1.3499999999999996,2.766666666666666,0.6,5.199999999999999,0.7,1.28
2016-11-22,1.1387476643064998,0.7117172901915623,29.925,31.1,30.4,63.24,29.4,0.49805882523644623,0.7935716089521472,24.891666666666666,2.4000000000000004,1.8,2.4,9.5,1.6,1.67
2016-11-23,0.9015745609286013,0.8196132372078193,29.125,29.2,28.2,12.399999999999999,29.2,0.43714350830661636,0.8039279618328208,24.933333333333334,2.8000000000000007,1.0166666666666666,0.5,8.8,1.1,1.42
2016-11-24,0.572079630787927,0.7150995384849087,29.825,27.7,30.0,0.0,29.2,0.4750519854660815,0.8140460935082175,24.775000000000002,2.5,0.5833333333333334,0.0,7.699999999999999,0.8,0.3
2016-11-25,1.4867683192843635,0.7825096417286124,29.825,30.5,30.0,148.20000000000002,29.2,0.5682251303452811,0.8239230057575536,24.808333333333334,2.75,0.5833333333333334,5.7,9.0,1.9,2.06
2016-11-26,1.467767425133733,0.8154263472965183,29.875,30.0,30.0,81.60000000000001,29.4,0.5988372034000428,0.8335557718385695,24.978571428571428,2.799999999999999,1.3142857142857143,3.2,9.0,1.8,2.11
2016-11-27,1.6002858743895512,0.9413446319938537,30.175000000000004,30.0,30.2,83.80999999999999,29.6,0.6515666768019902,0.8429415373547832,25.135714285714283,3.25,1.7714285714285716,3.4,10.7,1.7,2.13
2016-11-28,2.018217818159924,1.187186951858779,31.575000000000003,30.3,32.2,184.125,30.6,0.7391305530273368,0.8520775211013093,25.25,4.25,2.257142857142857,7.5,11.5,1.7,3.09
2016-11-29,2.703101497424784,1.1262922905936599,31.325000000000003,30.3,32.2,122.39999999999999,30.0,0.853271091251722,0.8609610158889945,25.099999999999998,4.1,3.2428571428571433,4.8,9.600000000000001,2.4,2.78
2016-11-30,1.8419453962670367,0.43855842768262776,28.224999999999998,26.4,27.6,0.0,28.4,0.9124960913091644,0.8695893893466109,24.97857142857143,1.6999999999999993,3.585714285714286,0.0,7.399999999999999,4.2,1.61
2016-12-01,2.4876837616376957,0.9213643561621094,31.924999999999997,30.8,33.2,205.73999999999998,30.6,0.8580596899484227,0.8779600847008883,24.678571428571427,3.3499999999999996,3.5142857142857147,8.1,10.8,2.7,3.76
2016-12-02,1.9887227013702455,1.169836883158968,33.324999999999996,32.8,34.8,256.565,32.2,0.8875260924737373,0.8860706215341378,24.900000000000002,3.9499999999999993,4.671428571428572,9.7,12.699999999999996,1.7,3.09
2016-12-03,1.324898978635247,0.9463564133108908,33.175,32.3,34.8,167.89499999999998,32.4,0.9428585555352166,0.893918596519257,24.964285714285715,3.1500000000000004,5.242857142857143,6.3,11.299999999999997,1.4,4.03
2016-12-04,1.712607546066066,1.0703797162912911,33.775,31.8,34.8,246.04999999999998,32.8,0.9615628506801269,0.9015016841318838,25.12857142857143,3.6999999999999993,5.685714285714285,9.5,11.8,1.6,1.93
2016-12-05,3.3139205412716066,1.3255682165086426,33.575,31.8,34.6,267.75,32.4,0.9799964341511894,0.9088176373395028,25.307142857142853,4.549999999999999,6.557142857142857,10.2,11.100000000000001,2.5,3.14
2016-12-06,2.640817619226301,1.200371645102864,33.025,30.6,34.0,223.835,32.2,0.9997651862440271,0.9158642882672868,25.549999999999994,4.25,6.942857142857142,8.9,10.900000000000002,2.2,3.65
2016-12-07,2.7330162339163673,1.0932064935665469,33.225,31.8,34.2,226.95000000000002,32.0,1.0103479511739135,0.9226395488404875,25.499999999999996,3.6500000000000004,7.528571428571429,8.5,10.2,2.5,2.51
2016-12-08,2.170161760377588,0.8037636149546621,32.925000000000004,31.0,33.8,183.535,32.2,1.1038691034430448,0.9291414114031743,26.071428571428573,2.799999999999999,8.742857142857144,7.1,10.3,2.7,3.11
2016-12-09,3.1346948401761536,1.0809292552331564,32.575,30.5,33.2,182.88,31.6,1.0870689975562666,0.935367949313148,26.135714285714283,3.75,8.6,7.2,10.2,2.9,2.98
2016-12-10,2.7989160812623872,0.9996128861651383,32.575,30.3,33.4,151.59000000000003,31.8,1.0743679078525792,0.941317317512847,25.985714285714288,3.5,8.242857142857142,6.2,11.7,2.8,2.87
2016-12-11,5.046445237185734,1.3639041181583063,33.225,32.7,34.8,240.48,32.2,1.081975975403186,0.9469877530760751,25.67142857142857,4.550000000000001,8.22857142857143,9.6,15.300000000000004,3.7,4.48
2016-12-12,7.566491928395559,1.7596492856733859,33.325,32.8,34.2,259.08,32.2,1.1239080328127595,0.9523775757303973,25.550000000000004,6.050000000000001,8.242857142857144,10.2,14.799999999999997,4.3,4.82
2016-12-13,3.1129690034009245,1.7294272241116246,33.775,34.2,35.0,231.34,32.4,1.1859196141220085,0.9574851883550389,25.428571428571434,5.949999999999999,8.242857142857142,8.6,14.600000000000001,1.8,3.58
2016-12-14,2.463688266187828,1.449228391875193,33.725,32.3,34.4,234.52,32.6,1.2614989825518315,0.9623090774541487,25.678571428571427,4.949999999999999,8.2,8.8,11.299999999999997,1.7,1.75
2016-12-15,2.4614467748511557,1.0701942499352852,32.975,31.3,33.6,233.1,32.2,1.3123592537387812,0.9668478136052773,25.67142857142857,3.6999999999999993,8.242857142857142,9.0,10.8,2.3,4.52
2016-12-16,2.3548028709606426,0.9056934119079394,32.225,32.5,33.0,191.7,31.6,1.350420773021727,0.9711000518829505,25.678571428571427,3.1500000000000004,8.514285714285714,7.1,11.0,2.6,1.7
2016-12-17,0.9559984820838193,0.47799924104190966,30.125,28.5,29.8,214.01999999999998,30.0,1.3253870811181248,0.9750645322571945,25.907142857142855,1.6500000000000004,8.5,8.7,7.800000000000001,2.0,1.68
2016-12-18,1.8450929552300024,0.7687887313458344,30.324999999999996,29.5,30.2,134.73000000000002,29.8,1.2508708461005205,0.9787400799669153,25.928571428571427,2.75,8.857142857142858,5.4,9.100000000000001,2.4,2.39
2016-12-19,0.5807687201224061,0.3629804500765038,27.325000000000003,27.3,26.4,4.86,27.6,1.1658543622701674,0.9821256058680006,25.914285714285715,1.4000000000000004,8.257142857142858,0.2,6.0,1.6,1.42
2016-12-20,2.962799014251698,1.1395380824044992,31.275000000000002,32.3,32.0,238.42,30.6,0.9663302428991842,0.9852201067560606,25.757142857142856,3.799999999999999,6.828571428571428,9.1,12.199999999999996,2.6,4.95
2016-12-21,1.3448326599788207,0.6724163299894104,30.825000000000003,31.4,31.2,206.31,30.2,0.882060365512452,0.9880226656636976,25.657142857142855,2.200000000000001,6.8999999999999995,7.8,9.899999999999999,2.0,1.88
2016-12-22,2.6754856248382133,1.0701942499352852,31.525,30.8,31.8,216.27,31.0,0.7710872138144831,0.9905324521322227,25.62857142857143,3.6999999999999993,6.757142857142857,8.9,13.0,2.5,3.61
2016-12-23,3.82237521596446,1.5926563399851918,32.325,29.8,33.2,231.02999999999997,31.4,0.7710872138144832,0.9927487224577402,25.400000000000002,5.5,6.742857142857143,10.2,14.3,2.4,3.76
2016-12-24,2.120682388812201,1.2474602287130594,31.275000000000002,29.3,32.0,232.78000000000003,30.0,0.8692247749683764,0.9946708199115211,24.77857142857143,4.699999999999999,7.185714285714285,10.3,13.4,1.7,2.71
2016-12-25,2.6370917699069585,1.3185458849534792,32.525,30.3,34.0,241.29999999999998,31.0,0.979147773207112,0.9962981749346077,24.492857142857144,4.800000000000001,7.414285714285713,9.5,9.8,2.0,4.17
2016-12-26,2.1281015261520477,0.8512406104608191,31.974999999999994,30.5,32.8,123.84500000000001,30.6,1.0576845094367755,0.9976303053065857,24.557142857142853,3.0,8.0,4.7,8.3,2.5,4.66
2016-12-27,1.5013082474107484,0.6527427162655428,31.125,30.2,30.8,111.155,32.2,1.1274359609202491,0.9986668162884759,24.85,2.25,8.642857142857142,4.3,8.7,2.3,1.93
2016-12-28,1.6280689916232143,0.5614031005597291,30.075,30.2,30.2,199.11999999999998,29.6,1.0578937657575411,0.9994074007397048,24.8,2.0,7.957142857142857,7.6,8.0,2.9,2.84
2016-12-29,1.30898886565656,0.5235955462626241,29.225,29.6,29.0,127.755,28.8,1.0420347329818724,0.9998518392091162,24.764285714285712,1.75,7.928571428571429,5.1,9.100000000000001,2.5,2.17
2016-12-30,1.5923479144713235,0.6369391657885294,29.275,29.7,29.4,139.7,28.8,0.9639492038857779,1.0,24.87142857142857,2.25,7.385714285714285,5.5,8.599999999999998,2.5,3.07
2016-12-31,2.2869307648465953,0.8167609874452126,29.625000000000004,29.5,29.6,151.925,29.4,0.8274181790005404,0.9998518392091162,25.264285714285716,2.950000000000001,6.714285714285714,5.9,7.5,2.8,1.3
2017-01-01,1.0533276895538726,0.5015846140732726,29.825000000000003,29.8,30.0,101.0,29.6,0.7658897159622766,0.9998518392091162,25.714285714285715,1.75,6.085714285714286,4.0,9.100000000000001,2.1,1.92
2017-01-02,0.6364523535324892,0.35358464085138286,28.525,29.5,28.2,38.25,28.8,0.64918096297939,0.9994074007397048,25.692857142857147,1.3000000000000007,5.299999999999999,1.5,8.0,1.8,1.79
2017-01-03,2.6216379646302546,1.139842593317502,29.874999999999996,29.8,30.2,179.28,29.4,0.5780872530351847,0.998666816288476,25.571428571428573,4.050000000000001,4.8428571428571425,7.2,9.8,2.3,2.64
2017-01-04,1.6959663485670113,0.8479831742835057,30.525,29.8,31.4,238.67999999999998,29.8,0.6476729497568933,0.9976303053065857,25.435714285714283,3.0500000000000007,5.257142857142857,10.2,12.8,2.0,3.24
2017-01-05,1.790697260427775,1.0533513296633972,30.925000000000004,30.2,32.2,245.65500000000003,29.8,0.6886129602888614,0.9962981749346078,25.035714285714285,3.8000000000000007,5.628571428571428,10.3,12.7,1.7,2.95
2017-01-06,2.2022281131592205,1.1011140565796103,30.875,30.0,32.0,238.62,29.8,0.7642923579175432,0.9946708199115211,24.86428571428571,4.0,6.371428571428571,9.7,10.8,2.0,2.64
2017-01-07,2.623245281382323,1.249164419705868,31.475,29.6,33.0,235.62,30.0,0.8306030566019833,0.9927487224577402,24.75,4.75,6.971428571428571,10.2,13.0,2.1,4.05
2017-01-08,2.179699092766889,1.2109439404260494,30.825,29.3,31.8,226.97999999999996,29.8,0.8923749754963627,0.9905324521322229,24.37142857142857,4.6,7.5857142857142845,9.7,11.8,1.8,2.71
2017-01-09,2.551341498283671,1.1597006810380321,31.575,30.2,32.8,255.46,30.2,0.9937120221181879,0.9880226656636976,24.107142857142858,4.25,8.4,10.6,12.2,2.2,3.2
2017-01-10,2.210309771955379,1.3814436074721117,31.375,31.0,32.6,261.96,30.2,1.1088714564305664,0.9852201067560606,23.907142857142855,5.0,9.7,11.1,14.8,1.6,3.06
2017-01-11,2.2686562681634577,1.0803125086492655,31.375,30.0,32.6,235.835,30.0,1.1433858870240818,0.9821256058680006,23.72142857142857,4.0,10.257142857142856,10.1,13.3,2.1,3.04
2017-01-12,0.6191453350776696,1.031908891796116,31.375,29.8,32.6,226.01,30.2,1.1765757919334763,0.9787400799669153,23.714285714285715,3.75,10.242857142857144,9.7,13.0,0.6,3.02
2017-01-13,2.5964439471828467,1.2982219735914233,31.425,29.9,32.6,201.45,30.4,1.1735125865238647,0.9750645322571948,23.63571428571429,4.9,10.157142857142857,8.5,12.399999999999999,2.0,3.42
2017-01-14,2.798975327994985,1.3994876639974925,31.624999999999996,30.5,33.0,257.54999999999995,30.4,1.201670860382695,0.9711000518829505,23.507142857142856,5.050000000000001,9.985714285714284,10.2,10.5,2.0,4.25
2017-01-15,2.5176906801473806,0.9683425692874541,31.375,29.9,32.2,249.48,30.6,1.2231456095672129,0.9668478136052775,23.814285714285713,3.5,9.985714285714284,9.9,9.399999999999999,2.6,2.28
2017-01-16,1.9824872063063617,0.734254520854208,30.575,30.0,31.4,156.0,29.8,1.188488270833128,0.9623090774541486,24.071428571428573,2.6000000000000014,10.014285714285714,6.5,12.0,2.7,3.16
2017-01-17,1.8472472636819026,0.8031509842095229,31.124999999999996,29.0,32.8,227.70000000000002,30.0,1.1277102479497245,0.9574851883550393,24.057142857142857,3.0,9.428571428571429,9.9,12.0,2.3,2.78
2017-01-18,1.9689456466456698,0.8560633246285522,30.775,28.5,32.0,198.47000000000003,28.8,1.0450970160550688,0.9523775757303974,23.97142857142857,3.25,9.257142857142856,8.9,12.399999999999999,2.3,3.24
2017-01-19,3.1695141313579067,1.0224239133412603,30.975,29.5,31.8,180.67000000000002,30.2,1.0130614183378241,0.9469877530760753,23.821428571428573,3.6999999999999993,9.085714285714285,8.9,18.4,3.1,2.88
2017-01-20,0.39795363173943876,0.20944927986286252,27.474999999999998,25.8,26.6,15.32,27.6,1.0117064214157019,0.9413173175128471,23.392857142857142,0.8499999999999996,8.971428571428572,0.8,13.3,1.9,4.01
2017-01-21,2.336242328255774,0.9344969313023097,30.075000000000003,31.1,31.0,220.92000000000002,29.0,0.8561674651687647,0.9353679493131483,22.742857142857144,3.25,7.871428571428572,8.4,9.600000000000001,2.5,4.55
2017-01-22,0.6836677868886128,0.3598251509940068,28.275,28.2,28.0,14.879999999999997,27.8,0.7897402176408813,0.9291414114031743,22.892857142857142,1.3499999999999996,7.614285714285715,0.6,6.800000000000001,1.9,2.15
2017-01-23,0.4324016584396847,0.20590555163794508,27.474999999999998,27.0,27.2,0.0,27.4,0.7028091578846747,0.9226395488404876,22.835714285714285,0.8000000000000007,6.2857142857142865,0.0,6.0,2.1,1.79
2017-01-24,0.5786607562264897,0.20666455579517493,26.275,25.8,25.4,2.34,26.2,0.6273307337109227,0.9158642882672872,22.835714285714285,0.75,5.357142857142857,0.1,4.800000000000001,2.8,1.11
2017-01-25,1.3500084295703796,0.5000031220631035,28.275,29.7,28.6,64.5,27.8,0.5421183867945873,0.9088176373395029,22.892857142857142,1.75,3.957142857142857,2.5,7.800000000000001,2.7,0.9
2017-01-26,0.47284180207756116,0.31522786805170744,27.625,27.8,27.4,22.005000000000003,27.4,0.49125264357095183,0.901501684131884,23.392857142857142,1.0999999999999979,3.042857142857143,0.9,6.699999999999999,1.5,3.65
2017-01-27,0.24501641186702533,0.27224045763002813,26.375,25.1,25.6,2.2600000000000002,26.2,0.39022463710101574,0.893918596519257,23.985714285714288,1.0,1.9000000000000001,0.1,5.0,0.9,1.55
2017-01-28,1.197882621980693,0.5989413109903465,29.424999999999997,30.2,30.4,167.04000000000002,28.6,0.3991948053534679,0.886070621534138,24.478571428571428,2.1500000000000004,1.8000000000000003,6.4,8.2,2.0,2.58
2017-01-29,1.6133284398098018,0.7014471477433921,29.525,30.3,30.2,192.03000000000003,29.0,0.3512582881660446,0.8779600847008882,24.45,2.5,1.5142857142857145,7.4,8.7,2.3,2.67
2017-01-30,2.014646513335793,0.8058586053343172,30.025,30.7,31.0,196.56,29.6,0.40006143055881394,0.869589389346611,24.614285714285717,2.75,2.485714285714286,7.8,11.0,2.5,3.16
2017-01-31,2.0224611421360494,1.0112305710680247,30.125,30.3,31.6,243.77999999999997,30.0,0.4857690096582957,0.8609610158889943,24.785714285714285,3.6500000000000004,3.6000000000000005,10.2,12.8,2.0,3.61
2017-02-01,1.4386228890342831,0.899139305646427,30.575000000000003,30.1,31.4,240.5,29.8,0.6007070118401313,0.8520775211013093,24.857142857142858,3.25,5.042857142857143,10.0,12.100000000000001,1.6,3.43
2017-02-02,2.286534257278592,1.0393337533084508,30.574999999999996,29.8,31.2,236.33999999999997,29.8,0.657726466637749,0.8429415373547828,24.607142857142858,3.75,6.114285714285714,10.1,12.8,2.2,4.57
2017-02-03,2.3986150864805675,1.0902795847638942,31.325000000000003,29.8,32.2,242.73999999999998,29.8,0.7611701645315695,0.8335557718385699,24.457142857142856,3.9499999999999993,7.428571428571429,10.6,13.8,2.2,3.74
2017-02-04,2.7036741363958634,1.2874638744742206,31.424999999999997,29.8,32.4,206.07999999999998,29.8,0.8780328969792646,0.8239230057575542,24.5,4.85,8.928571428571429,9.2,14.8,2.1,3.58
2017-02-05,2.2893856886984025,1.1446928443492013,32.625,30.7,33.8,246.96,31.2,0.9763932631912466,0.8140460935082178,23.97142857142857,4.199999999999999,9.328571428571427,9.8,11.0,2.0,3.32
2017-02-06,2.1318774132715377,1.2540455372185515,33.825,30.8,35.4,247.35,32.0,1.0397140769920765,0.8039279618328213,23.86428571428571,4.449999999999999,9.671428571428573,10.2,13.100000000000001,1.7,4.03
2017-02-07,2.4046198847765186,1.265589413040273,34.325,31.3,36.0,249.375,32.2,1.103740781546967,0.7935716089521474,23.728571428571428,4.35,10.014285714285714,10.5,15.100000000000001,1.9,3.88
2017-02-08,2.052055276146193,0.9771691791172349,33.925,30.5,35.2,244.62500000000003,31.8,1.140077758971574,0.7829801036770629,23.707142857142856,3.5500000000000007,10.057142857142859,10.3,13.5,2.1,3.52
2017-02-09,1.9070468851191855,1.0594704917328808,33.925,30.2,35.2,262.145,32.2,1.151224883753118,0.7721565844991642,23.664285714285715,4.0,10.1,10.9,12.3,1.8,3.72
2017-02-10,2.68291023829231,1.277576303948719,33.175,30.4,34.4,220.33999999999997,32.0,1.1541015606708938,0.7611042586607747,23.75714285714286,4.649999999999999,10.214285714285714,9.2,12.899999999999999,2.1,3.4
2017-02-11,2.23190211511712,1.0145009614168727,33.775000000000006,31.2,35.2,265.68,32.2,1.1808582348401546,0.7498264012045686,23.907142857142855,3.6999999999999993,10.014285714285714,10.8,13.2,2.2,3.61
2017-02-12,2.5567388060502374,1.0653078358542656,33.625,30.8,34.6,252.86500000000004,32.2,1.141863532974819,0.7383263540031065,24.221428571428568,3.75,10.242857142857144,10.3,12.5,2.4,3.56
2017-02-13,2.1940879020700685,0.8438799623346418,33.325,31.2,34.0,266.135,32.2,1.1305228174755424,0.7266075247685656,24.12857142857143,2.9000000000000004,10.314285714285715,10.1,9.7,2.6,3.05
2017-02-14,2.1346334209588367,0.6468586124117688,30.775000000000002,30.2,30.6,173.06,30.4,1.0719277353492698,0.7146733860429609,24.428571428571427,2.1999999999999993,10.3,6.8,9.5,3.3,2.2
2017-02-15,2.011793465549055,0.7451086909440943,30.525,30.3,30.8,143.355,29.8,0.9835376209737691,0.7025274741691571,24.67142857142857,2.5999999999999996,9.771428571428572,5.7,10.3,2.7,2.33
2017-02-16,3.007510438688932,0.970164657641591,30.575,29.8,31.0,240.59000000000003,29.8,0.9503861226633205,0.6901733882429719,24.87142857142857,3.4000000000000004,9.114285714285714,9.8,10.5,3.1,3.29
2017-02-17,2.917502403071436,1.0060353114039435,30.775000000000002,29.8,31.2,262.6,30.2,0.9376281463645647,0.6776147890466889,24.942857142857147,3.5,8.957142857142857,10.4,9.100000000000001,2.9,3.09
2017-02-18,1.8980144850687652,0.6122627371189565,29.475,29.0,29.4,114.75,29.2,0.8988365760010254,0.6648553979642865,25.12857142857143,2.1499999999999986,9.128571428571428,4.5,7.0,3.1,2.11
2017-02-19,1.548654275628801,0.7374544169660957,30.025,29.1,30.2,26.1,29.6,0.8413739725298945,0.6518989958787126,25.25714285714286,2.5,8.22857142857143,1.0,6.0,2.1,1.77
2017-02-20,1.1708424130864363,0.7317765081790226,32.175,31.6,33.0,107.31,31.0,0.7945377698315845,0.6387494220515272,25.478571428571428,2.4000000000000004,6.8999999999999995,4.2,12.100000000000001,1.6,2.62
2017-02-21,1.420403975498,1.0926184426907692,34.175,31.8,35.6,246.23999999999998,32.2,0.778522990666496,0.6254105729852463,25.364285714285717,3.6999999999999993,6.057142857142858,9.6,12.3,1.3,3.47
2017-02-22,1.9143767659569806,1.063542647753878,34.275,31.8,35.8,283.25,32.4,0.8422029664206391,0.6118864012687243,25.392857142857142,3.6500000000000004,6.457142857142857,11.0,12.100000000000001,1.8,3.7
2017-02-23,1.8613622593623216,0.9796643470328009,34.975,33.5,36.2,265.295,33.2,0.8876935316791794,0.5981809144059165,25.478571428571428,3.3000000000000007,7.214285714285714,9.7,12.3,1.9,2.91
2017-02-24,1.9053890465516825,0.7939121027298678,33.925000000000004,31.8,35.2,255.36,32.4,0.8890506301636381,0.5842981736283684,25.87857142857143,2.75,7.2,9.6,10.400000000000002,2.4,2.46
2017-02-25,1.5052481195318739,1.0751772282370529,32.675,31.0,33.2,101.08,31.8,0.8587473146387702,0.5702422926917871,26.071428571428573,2.5500000000000007,7.085714285714286,3.8,8.8,1.4,1.84
2017-02-26,0.6004699524912345,0.5458817749920313,31.425,30.3,31.8,51.8,31.0,0.9248779562270697,0.5560174366570446,26.228571428571428,2.0,6.985714285714286,2.0,8.8,1.1,1.63
2017-02-27,1.1690379583786006,0.6876693872815297,30.875,29.7,30.6,54.18,30.4,0.8975104359450604,0.5416278206559814,26.2,2.3999999999999986,7.128571428571428,2.1,7.800000000000001,1.7,3.16
2017-02-28,2.116453443492652,0.6613917010914537,30.174999999999997,30.3,30.2,85.14,29.8,0.89120941867399,0.5270777086423722,26.235714285714284,2.25,6.828571428571428,3.3,9.0,3.2,2.69
2017-03-01,0.3210741519036383,0.22933867993117021,29.2,29.3,29.0,0.0,29.2,0.8296055984455163,0.5123714121284237,26.25714285714286,0.9499999999999993,5.928571428571429,0.0,8.900000000000002,1.4,2.42
2017-03-02,0.4388464602310685,0.3134617573079061,28.725,27.9,28.6,0.0,28.2,0.7104336030422723,0.49751328890718066,26.12857142857143,1.0999999999999996,4.357142857142857,0.0,7.299999999999997,1.4,2.8
2017-03-03,1.5673603154083224,0.653066798086801,30.825,31.3,31.2,211.65,30.0,0.6152618045101444,0.48250774176121847,25.685714285714283,2.1999999999999993,2.9714285714285715,8.3,11.600000000000001,2.4,2.02
2017-03-04,2.450612211957607,1.361451228865337,31.475,32.8,31.8,172.8,30.2,0.595141046703992,0.4673592171580022,25.52857142857143,4.4,2.7857142857142856,6.4,11.599999999999998,1.8,2.63
2017-03-05,1.7914563455616748,0.9952535253120415,32.375,32.5,32.8,252.96,31.4,0.6360373325080327,0.45207220393230435,25.585714285714285,3.1500000000000004,3.1571428571428575,9.3,10.600000000000001,1.8,3.66
2017-03-06,1.6379225351433817,0.9634838442019893,32.87499999999999,33.3,33.8,218.68,31.6,0.7002332968394629,0.43665123195606403,25.771428571428572,3.1500000000000004,4.2,7.7,9.799999999999997,1.7,3.49
2017-03-07,1.170513387763236,0.6885372869195506,33.725,33.0,35.2,226.175,32.2,0.7396353621138142,0.4211008707960896,26.142857142857142,2.4499999999999993,5.0,8.3,11.5,1.7,3.12
2017-03-08,2.348746357302738,1.2361822933172304,34.875,32.9,36.4,274.89,32.4,0.7435133029463995,0.40542572835999735,26.349999999999998,4.0,5.714285714285714,10.2,11.899999999999999,1.9,3.96
2017-03-09,2.532202931171366,1.1009577961614636,34.475,33.2,35.6,268.03000000000003,33.0,0.8873481048586938,0.38963044953078796,26.650000000000002,3.5999999999999996,7.171428571428572,9.8,11.700000000000003,2.3,2.4
2017-03-10,1.2370219122294182,0.727659948370246,33.475,34.0,34.4,190.75,33.6,0.9998475389806305,0.37371971479046906,27.092857142857145,2.450000000000001,8.571428571428571,7.0,13.5,1.7,6.83
2017-03-11,1.011948844983649,0.5621938027686938,32.725,33.5,33.6,180.9,32.6,1.010503703306837,0.35769823883312546,27.342857142857145,2.0,8.385714285714286,6.7,13.0,1.8,3.15
2017-03-12,2.068651894902671,1.2168540558251006,33.824999999999996,34.0,35.0,253.425,32.6,0.8963240710073165,0.3415707691678556,27.342857142857145,3.75,8.428571428571429,9.3,13.5,1.7,4.83
2017-03-13,1.5868255130653297,0.991765945665831,33.125,33.5,34.0,222.0,32.4,0.9279812896520391,0.3253420847119801,27.349999999999998,3.25,8.428571428571429,8.0,11.5,1.6,3.92
2017-03-14,1.5865913746748295,0.9916196091717684,33.224999999999994,32.7,33.4,222.22,32.4,0.9320215898611595,0.30901699437494745,27.25714285714286,3.3499999999999996,8.471428571428572,8.2,11.200000000000003,1.6,3.52
2017-03-15,2.018070050166397,1.1871000295096454,31.825000000000003,30.9,32.0,131.325,31.4,0.975319064468619,0.29260033563334836,27.235714285714288,4.1,8.457142857142857,5.1,10.299999999999997,1.7,3.18
2017-03-16,1.5832147850670606,1.130867703619329,33.325,33.1,34.0,256.975,32.2,0.9683073124961069,0.27609697309746883,27.064285714285713,3.75,7.728571428571429,9.5,12.100000000000001,1.4,4.08
2017-03-17,1.8289541648268497,1.143096353016781,33.724999999999994,32.7,34.4,235.235,32.4,0.9725801564186592,0.2595117970697999,27.021428571428572,3.8499999999999996,7.685714285714285,9.1,13.700000000000003,1.6,3.83
2017-03-18,1.8260394964966828,1.3043139260690593,34.62499999999999,32.5,35.8,249.10000000000002,32.6,1.031928214225307,0.2428497220959356,26.821428571428573,4.25,7.985714285714285,9.4,12.0,1.4,3.02
2017-03-19,1.715183723233385,1.4293197693611543,34.775,33.5,36.0,268.0,33.0,1.1379453746967878,0.22611568550828828,26.75,4.75,8.371428571428572,10.0,13.399999999999999,1.2,4.55
2017-03-20,2.0426198202555232,1.4590141573253739,35.625,33.5,37.0,261.25,33.8,1.1682976194876526,0.20931464596304847,26.685714285714287,4.75,8.471428571428572,9.5,12.0,1.4,3.99
2017-03-21,1.949241636280913,1.1466127272240665,35.275,33.9,36.4,266.56,33.6,1.2350473640104445,0.19245158197082998,26.650000000000002,3.6500000000000004,8.685714285714285,9.8,13.399999999999999,1.7,3.85
2017-03-22,2.3162164632422395,1.2867869240234664,35.724999999999994,32.7,36.8,248.90000000000003,34.0,1.2571892380179155,0.1755314904214282,26.664285714285715,4.15,8.914285714285715,9.5,13.000000000000004,1.8,4.37
2017-03-23,2.3713219026069696,1.5808812684046463,35.375,32.8,36.6,256.40999999999997,34.2,1.2714302229484615,0.15855938510313475,26.72857142857143,5.300000000000001,9.542857142857143,9.9,13.799999999999997,1.5,4.23
2017-03-24,2.0618608104273664,1.3745738736182442,35.324999999999996,32.7,36.4,237.82000000000002,33.6,1.3357178750606498,0.141540295217043,26.564285714285713,4.799999999999999,9.6,9.4,14.800000000000004,1.5,4.1
2017-03-25,2.1906794616997045,1.5647710440712177,35.625,32.5,37.0,247.45000000000002,33.8,1.36878609228943,0.12447926388678915,26.485714285714288,5.300000000000001,9.642857142857142,9.8,14.5,1.4,4.39
2017-03-26,2.239685590466624,1.4931237269777495,35.575,32.8,37.0,270.375,33.6,1.4059942520040243,0.10738134666416309,26.307142857142857,5.0,9.700000000000001,10.3,13.099999999999998,1.5,4.66
2017-03-27,1.1788675074419892,0.982389589534991,33.225,31.5,33.8,84.48,32.4,1.415109103092109,0.09025161003104117,26.228571428571428,3.3499999999999996,9.742857142857144,3.3,11.8,1.2,2.46
2017-03-28,2.1271692434408394,1.1817606908004663,35.075,33.8,36.2,196.31499999999997,33.2,1.3470198791220545,0.07309512989807777,25.957142857142856,3.6999999999999993,8.857142857142858,7.1,12.299999999999997,1.8,3.87
2017-03-29,2.2548192219068417,1.1274096109534208,34.525,32.9,35.4,211.72,33.6,1.352041016775826,0.055916990100603484,26.021428571428572,3.6500000000000004,8.471428571428572,7.9,12.2,2.0,3.71
2017-03-30,2.9656128503595136,1.348005841072506,36.375,34.4,37.8,292.425,34.6,1.329272829194391,0.03872228089217446,26.107142857142858,4.25,8.242857142857144,10.5,13.099999999999998,2.2,4.74
2017-03-31,1.7425012271687428,0.8297624891279727,36.825,34.0,39.2,299.59999999999997,34.2,1.296004911004085,0.021516097436222254,26.38571428571429,2.75,8.328571428571427,10.7,12.0,2.1,5.21
2017-04-01,2.8618431886624593,1.4309215943312297,36.375,35.0,37.4,302.40000000000003,34.4,1.2181747132197605,0.004303538296244289,26.771428571428572,4.449999999999999,8.514285714285714,10.8,14.0,2.0,4.36
2017-04-02,1.9927748132651184,1.0488288490869044,35.325,34.8,36.2,189.57,34.6,1.1990533632569051,-0.01291029607500882,27.164285714285715,3.4000000000000004,8.657142857142857,7.1,16.199999999999996,1.9,3.87
2017-04-03,3.3283737655147774,1.447119028484686,36.125,34.4,37.4,274.215,34.6,1.1355826664153559,-0.030120304846908114,27.228571428571428,4.6,8.2,10.1,14.5,2.3,4.83
2017-04-04,3.443272901052909,1.812248895291005,37.075,35.8,38.2,289.12,35.4,1.2019725862653121,-0.04732138832243185,27.45,5.6,9.171428571428573,10.4,15.999999999999996,1.9,4.97
2017-04-05,3.1756060598216975,1.8680035646009987,36.675000000000004,35.8,37.6,284.315,35.2,1.2920423297639607,-0.06450844944931623,27.471428571428568,5.800000000000001,9.642857142857142,10.1,15.299999999999997,1.7,4.64
2017-04-06,2.5100378505155283,1.3210725529029097,36.575,35.5,38.0,283.04999999999995,35.6,1.397841465999329,-0.08167639533042241,27.664285714285715,4.199999999999999,9.957142857142857,10.2,15.5,1.9,4.46
2017-04-07,3.0728893968819193,1.807581998165835,37.025000000000006,35.8,38.0,261.795,35.6,1.3939938534036724,-0.09882013873287143,27.65,5.15,9.914285714285715,9.3,15.299999999999997,1.7,4.95
2017-04-08,1.2338792716300087,0.6494101429631625,37.275,36.0,38.4,268.8,35.8,1.5336823546947955,-0.11593459959550041,27.67142857142857,2.1999999999999993,9.714285714285714,9.6,16.0,1.9,4.19
2017-04-09,3.0138970324385346,1.6743872402436304,36.975,35.7,38.0,282.0,35.6,1.4220378616422147,-0.1330147065341959,27.67142857142857,5.0,9.542857142857143,10.0,15.000000000000004,1.8,3.92
2017-04-10,3.0367490897391383,1.5982889945995464,36.875,36.0,38.0,247.35000000000002,36.0,1.5114033460931753,-0.1500553983446526,27.885714285714283,5.0,9.957142857142857,8.5,13.8,1.9,5.06
2017-04-11,1.8712691327176274,0.8910805393893464,34.175,34.5,35.6,128.79999999999998,32.2,1.5329990555381554,-0.16705162550211924,28.164285714285715,2.9000000000000004,9.72857142857143,4.6,13.0,2.1,1.99
2017-04-12,0.9785466732699364,0.6523644488466243,35.575,35.0,36.6,126.0,34.8,1.4014035761236328,-0.18399835165768005,28.192857142857147,2.25,8.9,4.5,14.0,1.5,2.77
2017-04-13,1.9427431472033123,0.8830650669105964,32.175000000000004,33.9,31.8,85.75999999999999,32.6,1.2277408453015792,-0.20089055513063506,28.171428571428574,3.0,8.1,3.2,14.2,2.2,4.45
2017-04-14,4.333308942677296,1.604929238028628,35.75,34.8,34.0,262.08,32.4,1.1651683473026773,-0.21772323039653177,28.035714285714285,5.0,7.1000000000000005,9.6,14.999999999999996,2.7,3.29
2017-04-15,4.273672554842465,1.942578434019302,34.775,36.0,35.8,289.43,33.6,1.136217952997362,-0.23449138957040985,27.914285714285715,6.0,7.142857142857143,10.3,15.8,2.2,3.88
2017-04-16,5.066453129400454,2.3029332406365697,36.175,37.5,37.2,296.625,34.2,1.3209562802910961,-0.25119006388481935,27.928571428571427,7.0,7.242857142857143,10.5,18.5,2.2,4.23
2017-04-17,3.160958695183178,2.1073057967887854,36.525,37.0,37.4,307.125,35.0,1.410748566061516,-0.2678143051621742,27.935714285714287,6.25,7.314285714285715,10.5,15.5,1.5,6.5
2017-04-18,2.8847374381935986,1.802960898870999,36.275,36.3,37.4,242.34,34.8,1.4834652520885503,-0.2843591872810034,27.957142857142856,5.5,7.6000000000000005,8.4,14.899999999999999,1.6,5.76
2017-04-19,3.9645730198550297,1.9822865099275149,36.97500000000001,36.7,38.2,320.355,35.4,1.6137338748716437,-0.30081980763566735,28.078571428571426,5.900000000000002,8.142857142857142,11.3,16.700000000000003,2.0,4.44
2017-04-20,4.156402416836441,2.0782012084182204,37.075,37.2,38.4,314.05,35.6,1.8037227407403422,-0.3171912885891061,28.128571428571426,6.25,9.114285714285716,11.0,17.300000000000004,2.0,4.44
2017-04-21,6.872593007957426,2.6433050030605485,38.475,37.8,40.0,289.67999999999995,36.4,1.9744564752414315,-0.3334687789181868,28.37857142857143,8.05,10.228571428571428,10.2,18.799999999999997,2.6,6.94
2017-04-22,8.717336742911396,2.2940359849766834,38.625,36.8,39.6,286.5,36.8,2.1227958702459917,-0.3496474552512284,28.535714285714285,7.1,10.314285714285715,10.0,16.299999999999997,3.8,5.64
2017-04-23,2.878675296816021,1.919116864544014,38.975,37.3,40.4,299.87999999999994,36.8,2.1730040918113316,-0.36572252349726897,28.61428571428571,5.700000000000001,10.271428571428572,10.2,15.799999999999997,1.5,5.22
2017-04-24,3.923713005410259,2.0651121081106627,39.675,37.8,41.2,302.445,37.2,2.1181731809409663,-0.3816892202666588,28.77857142857143,5.999999999999998,10.228571428571428,9.9,14.499999999999996,1.9,5.51
2017-04-25,3.2691251766646094,1.8161806537025607,38.975,37.3,40.0,252.02499999999998,37.0,2.112145511129806,-0.39754281428255595,28.964285714285715,5.5,10.142857142857142,8.5,15.299999999999997,1.8,4.82
2017-04-26,3.414398134126211,1.6259038733934337,38.275,37.5,39.2,210.6,37.2,2.114034047534315,-0.4132786077829042,29.078571428571426,5.0,10.157142857142857,7.2,16.5,2.1,4.3
2017-04-27,3.506178014852996,2.06245765579588,39.125,37.3,40.0,281.675,37.0,2.0631222423151607,-0.4288919379124835,29.207142857142856,6.0,9.571428571428571,9.5,15.299999999999997,1.7,4.97
2017-04-28,3.7871174323556542,1.993219701239818,38.875,37.8,40.0,292.455,37.0,2.060873163369112,-0.4443781781046132,29.36428571428571,5.75,9.357142857142858,9.7,15.299999999999997,1.9,5.91
2017-04-29,4.285012418546418,1.947732917521099,39.375,37.0,40.2,299.0,37.4,1.9680038345375788,-0.45973273945210397,29.61428571428571,5.800000000000001,9.285714285714286,10.4,16.5,2.2,5.53
2017-04-30,4.294331616049664,1.9519689163862108,38.675,37.5,40.2,311.58000000000004,36.2,1.9185319677582098,-0.47495107206704995,29.62857142857143,5.25,9.342857142857143,10.8,17.3,2.2,5.67
2017-05-01,4.132145354838592,2.066072677419296,38.575,36.7,39.2,305.485,37.0,1.9232251180213809,-0.4900286664290592,29.55,6.25,9.428571428571429,10.7,16.300000000000004,2.0,4.86
2017-05-02,4.024221950922056,1.8291917958736614,38.775000000000006,36.3,39.6,304.65500000000003,37.2,1.9233623422083284,-0.5049610547215204,29.264285714285712,5.550000000000001,9.542857142857143,10.9,16.699999999999996,2.2,5.69
2017-05-03,2.560767483197338,1.506333813645493,38.225,36.0,38.6,209.875,36.4,1.9252210768041997,-0.5197438121555155,29.021428571428572,4.85,9.885714285714286,7.3,14.5,1.7,3.63
2017-05-04,3.8245712361037913,1.8212243981446625,38.224999999999994,37.0,39.0,313.20000000000005,37.4,1.9081396396973511,-0.5343725582809786,28.95,5.5,9.9,10.8,16.0,2.1,5.02
2017-05-05,3.313004442878118,1.656502221439059,38.225,37.0,39.0,300.9,36.2,1.8736777457471772,-0.548842958284719,28.857142857142858,5.1,10.085714285714285,10.2,15.0,2.0,3.67
2017-05-06,3.944448110174118,1.7149774392061383,38.375,36.7,39.0,241.82500000000002,36.2,1.825575248632783,-0.5631507242749186,28.764285714285712,5.25,10.157142857142857,8.5,16.500000000000004,2.3,5.38
2017-05-07,2.1226226954591154,1.0613113477295577,37.175,36.3,38.2,227.2,36.6,1.7923244660163602,-0.5772916165517272,28.72142857142857,3.5,9.885714285714286,8.0,15.799999999999997,2.0,3.4
2017-05-08,1.0307038171920484,0.490811341520023,38.125,36.8,40.0,250.68999999999997,37.0,1.6650876704939812,-0.5912614448635781,28.657142857142855,1.6999999999999993,9.485714285714286,8.6,15.299999999999997,2.1,4.7
2017-05-09,2.8077444585485547,1.2207584602385022,36.525,36.0,37.2,273.54,35.4,1.4400503367940851,-0.6050560696488488,28.74285714285714,3.799999999999999,9.185714285714285,9.4,13.8,2.3,4.75
2017-05-10,2.712449715560538,1.5069165086447431,36.875,36.7,38.0,236.57,36.0,1.353131288846205,-0.6186714032625031,28.907142857142855,4.75,8.971428571428572,8.2,15.700000000000003,1.8,4.37
2017-05-11,2.795820000565331,1.3979100002826654,36.375,34.3,37.8,201.845,34.8,1.3532145309889552,-0.6321034111873487,28.921428571428574,4.400000000000002,9.1,7.3,13.299999999999997,2.0,3.76
2017-05-12,2.8626038955230384,1.5066336292226519,35.575,35.5,36.6,267.75,34.2,1.2927410455800985,-0.6453481132295501,28.728571428571428,4.5,8.6,9.0,11.5,1.9,4.64
2017-05-13,5.874236655935729,1.8356989549799152,36.974999999999994,36.6,38.6,283.71000000000004,35.0,1.2713312466920403,-0.6584015846980488,28.764285714285712,5.25,8.428571428571429,9.8,15.3,3.2,5.2
2017-05-14,5.161509568450127,1.7205031894833756,37.025000000000006,36.4,38.2,295.28999999999996,35.8,1.2885771775168655,-0.6712599575675313,28.835714285714285,5.15,8.614285714285714,10.2,14.899999999999999,3.0,5.67
2017-05-15,6.780587317760315,1.5410425722182532,36.375,35.8,38.2,247.515,34.6,1.3827474406245537,-0.6839194216246106,28.914285714285715,4.699999999999999,8.928571428571429,8.7,14.699999999999996,4.4,6.0
2017-05-16,3.5792178045208485,1.491340751883687,36.375,35.5,37.4,126.45,35.0,1.5327804735814436,-0.6963762255968722,28.814285714285717,4.6,8.942857142857141,4.5,14.8,2.4,4.44
2017-05-17,3.638428287885854,1.0395509393959583,37.025,36.4,38.2,284.13,35.6,1.571435086673613,-0.7086266782644596,28.671428571428574,3.4000000000000004,8.242857142857144,9.9,15.399999999999999,3.5,6.09
2017-05-18,5.863821607479279,1.4659554018698198,36.425,35.9,37.2,169.625,35.6,1.5046685767809296,-0.7206671495538609,28.65,4.5,8.485714285714286,5.9,14.299999999999997,4.0,4.91
2017-05-19,5.278992950094246,1.6496852969044515,37.125,36.5,38.2,223.3,35.6,1.5143893484362374,-0.7324940716135789,28.807142857142857,5.1,8.285714285714286,7.7,15.0,3.2,5.38
2017-05-20,6.791968534097254,1.8866579261381262,37.625,36.2,36.4,289.5,33.6,1.5348253009622088,-0.7441039398713607,28.7,5.75,8.1,10.0,14.500000000000004,3.6,6.45
2017-05-21,2.7875020849363206,1.4671063604928003,36.575,35.0,37.0,59.535000000000004,35.6,1.5421051539848103,-0.7554933140726803,28.7,4.5,8.12857142857143,2.1,13.3,1.9,4.28
2017-05-22,3.545751831208483,1.477396596336868,37.375,36.0,38.2,171.69000000000003,36.2,1.505905606986157,-0.766658819300159,28.614285714285717,4.5,6.971428571428571,5.9,13.8,2.4,4.01
2017-05-23,2.126273070980002,1.1812628172111124,34.675,32.5,34.6,13.525,34.2,1.4968133247173872,-0.7775971469736269,28.707142857142856,3.75,6.571428571428571,0.5,10.899999999999999,1.8,2.08
2017-05-24,2.788936079236315,0.7339305471674513,34.425000000000004,36.3,35.2,137.0,34.8,1.4525164769070196,-0.7883050558305255,28.557142857142857,2.5,6.0,5.0,17.799999999999997,3.8,3.8
2017-05-25,3.461833552312266,1.2821605749304688,32.85,33.5,33.9,93.225,32.2,1.4088564208743757,-0.7987793728863649,28.371428571428574,4.100000000000001,5.299999999999999,3.3,10.5,2.7,2.97
2017-05-26,8.327060331980885,1.60135775615017,33.175000000000004,34.5,33.4,165.79000000000002,32.2,1.382600017025897,-0.8090169943749473,28.300000000000004,5.0,4.928571428571429,5.9,12.8,5.2,4.83
2017-05-27,9.607343245160346,1.6854988149404115,33.675,34.5,34.2,274.56,32.2,1.3756960826324283,-0.8190148866680801,28.171428571428574,5.15,4.671428571428572,9.6,11.8,5.7,5.24
2017-05-28,13.718611281204064,1.8291481708272086,33.525,34.8,33.4,185.22,32.4,1.3469590667470404,-0.8287700871745038,28.12142857142857,5.75,4.614285714285714,6.3,10.799999999999997,7.5,5.35
2017-05-29,13.42399472191264,1.4915549691014045,34.825,34.8,35.8,278.87999999999994,33.4,1.3986793253662415,-0.8382797052177744,28.271428571428572,4.699999999999999,5.214285714285714,9.6,11.499999999999996,9.0,6.47
2017-05-30,7.028366977150985,1.3781111719903893,33.074999999999996,32.4,33.2,53.099999999999994,32.6,1.4007019500468896,-0.8475409228928311,28.264285714285712,4.6,5.742857142857143,2.0,11.7,5.1,3.65
2017-05-31,7.793322538922944,1.6236088622756135,35.175,34.3,36.2,255.75999999999996,33.8,1.4288231435867864,-0.8565509959010036,28.192857142857143,5.050000000000001,5.957142857142857,9.2,12.999999999999996,4.8,5.24
2017-06-01,4.130407156989177,1.059078758202353,35.425,34.8,36.6,215.98499999999999,34.6,1.5559200457450952,-0.865307254363206,28.249999999999996,3.5,6.557142857142857,7.7,13.499999999999996,3.9,5.02
2017-06-02,9.639543033809101,1.6065905056348502,36.224999999999994,35.7,37.2,255.78,34.8,1.5240512147839358,-0.8738071036110808,28.221428571428568,5.0,7.185714285714286,8.7,12.600000000000001,6.0,6.99
2017-06-03,11.893850921572898,1.6991215602246998,35.875,34.7,36.4,231.60000000000002,34.6,1.5247987504246043,-0.8820480249558537,28.407142857142855,5.200000000000001,7.5857142857142845,8.0,11.500000000000004,7.0,8.39
2017-06-04,11.210820226742934,1.8378393814332679,36.625,34.8,38.0,306.91499999999996,34.6,1.5267448568937885,-0.8900275764346767,28.457142857142856,5.5,7.357142857142857,11.1,14.299999999999997,6.1,5.68
2017-06-05,8.62810268454741,1.5687459426449835,37.625,35.8,38.6,323.18,36.0,1.5279864584089398,-0.8977433935342337,28.207142857142856,4.75,8.042857142857143,11.3,14.399999999999999,5.5,6.61
2017-06-06,7.616851126223902,1.6558372013530223,37.724999999999994,35.0,38.8,295.21,36.0,1.5390137403437367,-0.9051931898913974,28.142857142857142,5.0,8.285714285714286,10.6,14.3,4.6,6.63
2017-06-07,8.244499852473648,1.1948550510831373,35.775,34.0,36.2,111.0,34.6,1.5786888873955414,-0.9123747579707273,28.328571428571426,3.8499999999999996,9.514285714285714,4.0,12.5,6.9,4.37
2017-06-08,9.294628174253226,1.5491046957088712,37.525000000000006,35.5,38.0,284.07,35.6,1.5174383429394733,-0.9192859697186104,28.321428571428573,5.75,8.77142857142857,10.2,15.3,6.0,5.67
2017-06-09,12.390296741812106,1.9061994987403241,37.375,35.2,38.0,262.2,35.8,1.5874420482975473,-0.9259247771938498,28.292857142857144,5.0,9.128571428571428,9.5,15.200000000000003,6.5,6.61
2017-06-10,11.96484891807528,1.7092641311536114,36.675,34.7,37.4,281.16,34.6,1.6302433330269006,-0.9322892131745133,28.035714285714285,5.25,9.242857142857144,9.9,12.600000000000001,7.0,6.2
2017-06-11,9.051387748157568,1.7747819114034447,37.075,34.8,37.6,265.09,35.4,1.6316922717310312,-0.9383773917408641,27.95714285714286,5.450000000000001,9.514285714285714,9.8,15.499999999999996,5.1,6.65
2017-06-12,8.897804844457013,2.02222837374023,37.275000000000006,35.5,38.2,198.32999999999998,35.6,1.6226840617267706,-0.9441875088341993,27.87142857142857,6.100000000000001,9.328571428571427,6.6,10.899999999999999,4.4,6.43
2017-06-13,8.138087561841017,2.0345218904602542,38.375,38.8,39.2,149.5,36.2,1.6874672661689485,-0.9497178427914316,28.07857142857143,5.9,8.657142857142857,5.0,17.799999999999997,4.0,6.76
2017-06-14,3.8532576903394613,1.242986351722407,38.875,37.0,39.8,275.5,37.4,1.7415650788985533,-0.9549667548552551,28.371428571428574,4.25,7.857142857142857,9.5,16.0,3.1,5.24
2017-06-15,2.7783301932323394,1.2628773605601542,36.725,35.5,37.4,171.0,35.8,1.7484409789898776,-0.9599326896597447,28.550000000000004,3.8499999999999996,8.642857142857142,6.0,14.0,2.2,2.71
2017-06-16,4.7253384975748824,1.5751128325249608,38.025000000000006,36.0,39.0,249.48000000000005,36.0,1.707551359682918,-0.9646141756912435,28.642857142857142,4.75,8.042857142857143,8.8,15.3,3.0,5.35
2017-06-17,5.906207622120145,1.9052282652000467,38.275,35.7,39.2,331.76,36.0,1.6602532645092947,-0.9690098257244062,28.75,5.75,7.942857142857142,11.6,14.200000000000003,3.1,4.95
2017-06-18,6.284002468952378,1.9637507715476181,38.425,37.0,39.4,325.38,36.6,1.6882481408016425,-0.9731183372332619,28.77857142857143,5.75,8.185714285714285,11.22,16.0,3.2,7.35
2017-06-19,6.091749213711895,1.6921525593644153,38.175,36.0,39.0,298.70000000000005,35.4,1.71524369225081,-0.9769384927771817,29.057142857142857,5.0,8.388571428571428,10.3,14.0,3.6,5.58
2017-06-20,8.34951605632673,1.7764927779418571,37.125,35.5,38.0,232.87999999999997,35.0,1.6680900044828368,-0.980469160361632,28.907142857142855,5.25,8.917142857142858,8.2,14.2,4.7,5.44
2017-06-21,5.4174543135696345,1.4641768415053065,37.275000000000006,35.4,38.0,218.83,36.2,1.6312287026944943,-0.9837092937736097,28.692857142857143,4.5,9.374285714285715,7.9,15.399999999999999,3.7,6.14
2017-06-22,9.248150350106005,1.849630070021201,38.025,36.0,39.0,342.0,36.4,1.6628273440920511,-0.986657932891657,28.507142857142856,5.549999999999999,9.145714285714286,11.4,12.0,5.0,7.15
2017-06-23,13.821339298100417,2.2657933275574456,38.525,35.3,38.8,334.53,36.6,1.7466491597293436,-0.9893142039703663,28.721428571428568,7.25,9.917142857142858,11.8,13.899999999999999,6.1,7.71
2017-06-24,10.617243806050846,1.4746171952848397,34.475,32.4,34.4,38.43,34.2,1.8453178018768415,-0.99167731989929,28.721428571428568,5.199999999999999,10.345714285714285,1.4,9.899999999999999,7.2,5.08
2017-06-25,10.690370485863033,1.484773678592088,34.275,32.6,34.2,27.4,33.8,1.7838019347460976,-0.993746580436178,28.557142857142857,5.1,8.88857142857143,1.0,10.400000000000002,7.2,6.36
2017-06-26,13.184737719513778,1.6903509896812536,35.125,33.8,35.2,104.895,34.6,1.7153766357524505,-0.9955213724144752,28.32857142857143,5.75,7.428571428571429,3.7,10.899999999999999,7.8,6.7
2017-06-27,18.134110107106245,2.0375404614726116,34.974999999999994,34.4,35.0,227.54999999999998,34.4,1.7151192686548558,-0.9970011699250151,28.235714285714288,6.85,6.485714285714286,8.2,13.299999999999997,8.9,7.19
2017-06-28,11.017442818868602,1.8673631896387461,35.075,32.5,35.2,135.54000000000002,34.4,1.752411794873535,-0.9981855344718586,28.142857142857142,6.15,6.485714285714287,5.4,14.8,5.9,5.98
2017-06-29,12.9940821867568,2.406311516066074,36.575,35.2,37.2,292.68,35.0,1.8100098446068835,-0.99907411510223,27.771428571428572,7.75,6.128571428571428,10.8,16.200000000000003,5.4,7.41
2017-06-30,10.86715391225546,2.4698077073307863,37.625,36.0,38.4,327.7,35.8,1.889535765470437,-0.9996666485105112,27.357142857142858,7.6,6.042857142857143,11.6,15.5,4.4,6.38
2017-07-01,7.391178571959619,1.9976158302593565,37.775,37.0,38.4,256.5,36.4,1.9186806768666285,-0.9999629591162655,27.342857142857145,6.25,6.014285714285714,9.0,17.0,3.7,5.58
2017-07-02,4.942696575637447,1.901037144475941,37.425000000000004,36.3,38.0,196.7,36.2,1.9933947675772736,-0.9999629591162655,27.49285714285714,6.0,7.1000000000000005,7.0,16.4,2.6,5.56
2017-07-03,11.085563527690072,2.409905114715233,38.125,36.2,39.0,331.415,36.6,2.0528609769892525,-0.9996666485105112,27.592857142857145,7.6,7.957142857142857,11.9,16.700000000000003,4.6,7.73
2017-07-04,9.559848256943267,2.2232205248705275,39.075,37.0,39.6,296.8,37.0,2.1556544234226784,-0.99907411510223,27.52142857142857,6.699999999999999,9.128571428571428,10.6,18.0,4.3,7.28
2017-07-05,11.768061275168137,2.3074629951310075,38.125,36.0,38.0,296.625,37.0,2.1821801467652375,-0.9981855344718586,27.557142857142853,7.65,9.471428571428572,10.5,15.5,5.1,7.71
2017-07-06,14.205772930142727,2.6803345151212694,38.025,36.8,38.6,297.96,36.4,2.2450515475498465,-0.9970011699250151,28.00714285714286,7.75,10.2,10.4,16.299999999999997,5.3,7.28
2017-07-07,12.050349891195737,2.362813704156027,37.175,35.8,38.0,230.82999999999996,36.0,2.284197690272017,-0.9955213724144752,28.228571428571428,7.25,10.142857142857142,8.2,15.299999999999997,5.1,6.43
2017-07-08,9.177697766852212,2.1343483178726075,37.525,35.6,38.0,230.32500000000002,36.2,2.2689128326756234,-0.9937465804361781,28.214285714285715,6.75,9.657142857142857,8.3,15.700000000000003,4.3,4.93
2017-07-09,5.510339551292555,1.57438272894073,37.025000000000006,35.4,37.6,204.375,36.4,2.288446045191802,-0.99167731989929,28.107142857142858,5.399999999999999,9.557142857142859,7.5,16.299999999999997,3.5,5.8
2017-07-10,12.341937342403456,2.0569895570672427,36.875,34.0,37.0,269.66999999999996,36.2,2.2417811286867715,-0.9893142039703664,27.985714285714288,6.65,9.62857142857143,10.1,14.600000000000001,6.0,6.18
2017-07-11,12.653768498396996,2.108961416399499,37.075,34.8,37.4,299.205,35.8,2.1913646204513446,-0.9866579328916572,27.821428571428573,6.9,9.37142857142857,10.9,14.699999999999996,6.0,7.5
2017-07-12,8.334957502798433,2.137168590461137,37.425,36.8,38.2,209.42,35.2,2.175041890669769,-0.9837092937736098,27.742857142857144,6.65,9.414285714285715,7.4,16.999999999999996,3.9,6.0
2017-07-13,13.386188756577377,1.8591928828579691,37.475,35.8,38.0,213.0,36.4,2.150714118574073,-0.9804691603616321,27.749999999999996,5.9,8.971428571428572,7.5,14.799999999999997,7.2,7.77
2017-07-14,16.393586619085713,2.3089558618430583,36.775,34.5,36.8,245.1,35.8,2.0334081711078875,-0.9769384927771817,27.714285714285715,7.449999999999999,8.557142857142857,8.6,12.0,7.1,7.77
2017-07-15,14.048700143493724,2.2659193779828586,36.575,35.0,36.2,203.5,35.6,2.0257141936346064,-0.973118337233262,27.764285714285712,7.25,8.614285714285716,7.4,15.0,6.2,7.37
2017-07-16,14.718697375826173,2.164514319974437,36.275,34.8,36.4,241.42499999999998,34.6,2.0445100593646424,-0.9690098257244063,27.728571428571428,6.75,8.485714285714286,8.7,14.099999999999998,6.8,7.01
2017-07-17,15.022033727224871,2.3110821118807494,37.325,35.3,37.6,226.72999999999996,36.2,2.1288145723694574,-0.9646141756912435,27.8,7.5,8.657142857142857,8.2,15.299999999999997,6.5,8.62
2017-07-18,15.671586750167133,2.1177819932658286,35.875,33.8,36.2,163.135,35.2,2.165113508771387,-0.9599326896597445,27.935714285714287,6.949999999999999,8.385714285714284,5.9,12.299999999999997,7.4,6.36
2017-07-19,12.693891986010431,2.1886020665535226,36.925000000000004,34.5,37.2,266.31,36.0,2.1663735911808626,-0.9549667548552553,27.964285714285715,7.25,7.671428571428572,9.9,15.2,5.8,6.18
2017-07-20,12.163998723411794,2.3850977889042735,37.975,36.2,38.6,329.355,36.6,2.173721230622632,-0.9497178427914317,27.764285714285712,7.449999999999999,8.028571428571428,11.7,16.1,5.1,6.12
2017-07-21,9.916537350521637,2.203674966782586,38.525000000000006,36.3,39.2,289.43,37.2,2.2488505029149612,-0.9441875088341994,27.728571428571428,6.699999999999999,8.628571428571428,10.3,16.4,4.5,5.94
2017-07-22,8.02433293534561,2.2289813709293362,38.974999999999994,37.5,39.8,305.55,37.4,2.2338103750491793,-0.9383773917408642,27.67142857142857,6.949999999999999,8.871428571428572,10.5,16.8,3.6,8.94
2017-07-23,7.850063029305625,2.180573063696007,39.325,37.0,40.2,285.325,38.2,2.2285335168986764,-0.9322892131745134,27.900000000000002,6.75,9.314285714285715,10.1,17.5,3.6,8.98
2017-07-24,6.442036887221058,2.4777064950850223,39.724999999999994,37.8,40.4,317.735,38.2,2.2308276231446147,-0.9259247771938499,27.97142857142857,7.4,9.514285714285714,10.9,17.299999999999997,2.6,6.65
2017-07-25,5.903630788229515,2.270627226242121,39.575,38.0,40.2,272.78,38.2,2.254631106459511,-0.9192859697186105,28.185714285714283,6.700000000000001,9.9,9.2,16.7,2.6,5.82
2017-07-26,7.153394371554429,2.235435741110759,40.075,38.2,41.0,296.435,38.4,2.276466139741838,-0.9123747579707274,28.471428571428568,6.649999999999999,10.37142857142857,10.1,17.700000000000003,3.2,6.7
2017-07-27,9.321129062234261,2.39003309288058,40.025000000000006,37.0,40.8,256.16499999999996,38.4,2.2831566646785864,-0.9051931898913975,28.821428571428573,6.85,10.4,9.1,17.7,3.9,5.85
2017-07-28,8.370596841944591,2.0416089858401443,39.725,37.8,40.6,294.78,38.0,2.2838617081037733,-0.8977433935342336,28.821428571428573,6.300000000000001,10.028571428571428,10.2,17.799999999999997,4.1,6.88
2017-07-29,6.874848687468289,2.455303102667246,39.625,33.5,40.2,219.95000000000002,38.0,2.2607094251119957,-0.8900275764346766,28.935714285714287,7.65,10.014285714285714,8.3,14.0,2.8,5.62
2017-07-30,2.585851634110971,1.0343406536443884,36.825,37.4,37.4,194.925,37.2,2.293041101074554,-0.8820480249558535,28.564285714285713,3.5,9.7,6.9,18.299999999999997,2.5,4.93
2017-07-31,2.8816810785354097,1.1526724314141639,34.675,35.4,34.8,223.03999999999996,34.2,2.129293613924323,-0.8738071036110807,28.564285714285713,3.5999999999999996,9.242857142857144,8.2,16.4,2.5,6.38
2017-08-01,3.6780731633118675,1.8390365816559338,34.974999999999994,36.2,35.8,265.52500000000003,34.6,1.9400030333999148,-0.8653072543632061,28.285714285714285,5.550000000000001,8.857142857142858,9.5,16.500000000000004,2.0,4.88
2017-08-02,11.646975900311938,1.9093403115265475,35.075,35.5,35.8,320.92,34.6,1.8783472270304595,-0.8565509959010037,28.042857142857144,5.950000000000003,8.9,11.3,14.2,6.1,7.5
2017-08-03,15.20127256215341,1.9488810977119757,35.824999999999996,34.8,36.8,310.75,34.6,1.8317621656612864,-0.8475409228928312,27.907142857142855,6.25,9.071428571428571,11.0,13.099999999999998,7.8,8.11
2017-08-04,13.504943452827137,1.8756865906704356,35.675,34.5,36.8,277.5,34.6,1.7687404520657712,-0.8382797052177745,27.92142857142857,5.950000000000001,9.342857142857143,10.0,13.5,7.2,7.32
2017-08-05,10.93547332563838,1.6321601978564746,35.325,33.8,36.6,276.92999999999995,34.8,1.745037252755813,-0.828770087174504,27.757142857142856,5.300000000000001,9.314285714285715,10.2,13.299999999999997,6.7,6.59
2017-08-06,7.019932404654226,1.5954391828759604,34.875,33.7,35.6,153.04500000000002,33.8,1.627445409211417,-0.8190148866680802,27.849999999999998,5.199999999999999,9.585714285714285,5.7,13.700000000000003,4.4,3.75
2017-08-07,4.672104843623519,1.8688419374494076,36.675000000000004,35.8,38.2,257.09,35.4,1.7076023419587845,-0.8090169943749472,27.65,5.75,9.414285714285715,9.4,16.9,2.5,7.73
2017-08-08,3.3717371695350096,1.1239123898450032,33.825,33.8,34.2,175.1,33.4,1.8099122713923907,-0.7987793728863648,27.67142857142857,3.5999999999999996,9.585714285714285,6.8,16.099999999999998,3.0,8.62
2017-08-09,2.9047565614830146,1.4523782807415073,33.725,34.4,34.2,242.08,32.8,1.7077516725622577,-0.7883050558305253,27.357142857142858,4.549999999999999,9.2,8.9,14.399999999999999,2.0,2.69
2017-08-10,1.2204247314535075,0.5306194484580468,33.025000000000006,34.0,33.6,182.85000000000002,33.2,1.6424713824501092,-0.7775971469736268,27.185714285714287,1.8000000000000007,8.857142857142858,6.9,15.0,2.3,4.55
2017-08-11,4.510136438721622,1.5033788129072074,33.275000000000006,33.8,33.6,223.85999999999999,32.4,1.4398625754138337,-0.7666588193001592,26.935714285714287,4.85,8.27142857142857,8.4,14.299999999999997,3.0,4.37
2017-08-12,2.8805782599495413,1.252425330412844,33.625,34.8,33.6,172.25,33.6,1.386675750019087,-0.7554933140726804,26.778571428571432,3.8499999999999996,8.042857142857143,6.5,16.599999999999998,2.3,6.32
2017-08-13,3.105486562386124,1.2939527343275516,34.224999999999994,34.0,34.8,243.42499999999998,33.2,1.332427911812854,-0.7441039398713608,26.685714285714287,4.0,7.514285714285713,9.1,14.5,2.4,3.72
2017-08-14,1.1626109072021287,0.645894948445627,31.974999999999998,30.5,32.0,17.15,31.6,1.2893584191630811,-0.7324940716135792,26.671428571428574,2.1500000000000004,8.0,0.7,12.0,1.8,1.75
2017-08-15,3.4360234901017512,1.6362016619532147,33.675,35.0,34.4,177.55,32.6,1.1146517064482553,-0.7206671495538615,26.264285714285716,5.050000000000001,6.757142857142857,6.7,17.0,2.1,4.03
2017-08-16,5.793579362367415,1.8104935507398172,33.625,34.3,34.2,263.12,33.0,1.1878358881779998,-0.70862667826446,26.371428571428574,5.75,6.742857142857143,10.4,17.999999999999996,3.2,5.26
2017-08-17,7.386808954896808,1.7587640368801922,34.225,34.8,35.2,297.02500000000003,33.6,1.2389952124634724,-0.6963762255968726,26.099999999999998,5.549999999999999,6.957142857142857,10.9,15.099999999999998,4.2,6.0
2017-08-18,8.835691466634465,1.5778020476132975,33.775,33.8,34.4,228.06,33.2,1.4144444393809221,-0.6839194216246105,26.207142857142856,5.1,7.528571428571429,8.4,13.299999999999997,5.6,4.86
2017-08-19,5.371940797542912,1.2208956358052072,32.425,32.0,32.4,43.35,32.6,1.4250763300532208,-0.6712599575675315,26.27857142857143,4.1,7.528571428571428,1.7,13.0,4.4,3.65
2017-08-20,10.910299506448219,1.7317935724520983,33.825,33.8,34.6,311.78999999999996,32.8,1.4205720879664152,-0.6584015846980489,26.135714285714283,5.5,6.842857142857143,11.4,12.899999999999999,6.3,6.9
2017-08-21,10.871053907907338,1.8743196392943686,34.225,34.3,34.8,331.485,33.6,1.4831207791270649,-0.64534811322955,26.221428571428568,6.0,7.171428571428572,12.3,14.699999999999996,5.8,6.5
2017-08-22,7.963199822860966,1.7695999606357704,33.825,33.8,34.2,243.33999999999997,33.4,1.6586100206768852,-0.6321034111873488,26.571428571428566,5.65,8.828571428571427,9.2,14.699999999999996,4.5,5.64
2017-08-23,2.3858449699762403,1.1929224849881201,33.675000000000004,35.0,34.2,181.82999999999998,33.2,1.677666920488679,-0.6186714032625032,26.564285714285713,3.7499999999999982,9.185714285714285,6.6,14.899999999999999,2.0,2.02
2017-08-24,1.720773395427778,0.9559852196820988,34.125,30.5,34.8,176.435,33.8,1.5894424825241507,-0.6050560696488494,26.885714285714283,3.1500000000000004,8.642857142857142,7.1,11.3,1.8,2.15
2017-08-25,7.235495450265727,2.009859847296035,34.625,36.5,35.2,310.8,33.8,1.4747597943529944,-0.5912614448635782,26.542857142857144,6.0,8.1,11.1,17.0,3.6,5.26
2017-08-26,12.739874358802583,2.27497756407189,34.625,35.5,35.0,314.52500000000003,34.0,1.536482337164814,-0.5772916165517278,26.664285714285715,7.25,8.485714285714286,11.5,16.3,5.6,7.91
2017-08-27,15.109525095075297,1.9371186019327304,34.875,34.8,34.6,309.69,35.6,1.6870654697743404,-0.5631507242749187,26.928571428571427,6.4,9.885714285714286,11.1,13.799999999999997,7.8,3.56
2017-08-28,13.770768990960622,1.9395449283043131,34.275,34.5,34.4,291.2,33.8,1.7163976168430017,-0.5488429582847199,27.00714285714286,6.15,9.842857142857143,10.4,13.0,7.1,6.76
2017-08-29,11.070454103951954,1.6523065826793961,34.325,34.2,34.0,227.89999999999998,33.4,1.7257155152729937,-0.5343725582809785,27.157142857142862,5.25,9.571428571428571,8.6,15.400000000000002,6.7,7.32
2017-08-30,4.192488630233658,1.3101526969480182,35.625,36.0,36.0,316.35,34.8,1.7089593184220835,-0.5197438121555157,27.164285714285715,4.25,9.485714285714286,11.4,16.5,3.2,6.36
2017-08-31,4.588934039070332,1.6996051996556782,36.375,35.8,36.8,248.39999999999998,35.6,1.7257064915592117,-0.5049610547215202,27.192857142857147,5.149999999999999,10.171428571428573,9.0,16.4,2.7,3.76
2017-09-01,3.433540981874036,1.4306420757808485,35.625,35.8,36.2,274.89,33.2,1.8319379172697232,-0.4900286664290594,27.585714285714285,4.5,10.442857142857145,10.2,17.699999999999996,2.4,6.14
2017-09-02,1.3327128665901113,0.7403960369945063,33.375,33.3,33.2,176.88,33.8,1.749192521338982,-0.4749510720670502,27.435714285714283,2.4000000000000004,10.314285714285715,6.7,13.799999999999997,1.8,1.81
2017-09-03,0.9581848355587355,0.9581848355587355,32.025,29.8,31.4,4.960000000000001,32.2,1.5299665888993559,-0.4597327394521046,27.3,3.3499999999999996,9.62857142857143,0.2,10.0,1.0,0.63
2017-09-04,2.206263422330497,1.161191274910788,34.425000000000004,34.5,34.6,217.29999999999998,34.0,1.3901189079887852,-0.4443781781046134,26.857142857142858,3.599999999999998,8.071428571428571,8.2,16.0,1.9,3.24
2017-09-05,2.844489746456037,1.2929498847527439,34.775,35.0,35.0,204.82000000000002,34.2,1.2789255289325674,-0.4288919379124841,26.642857142857142,4.199999999999999,7.757142857142857,7.7,16.8,2.2,3.69
2017-09-06,1.9197620029550224,1.010401054186854,32.574999999999996,32.5,32.6,43.095,32.0,1.2275888578001886,-0.41327860778290443,26.657142857142855,3.4000000000000004,7.628571428571428,1.7,14.3,1.9,2.32
2017-09-07,1.530801800894372,0.9004716475849247,31.925,31.8,32.0,71.53999999999999,31.2,1.1847671945485936,-0.3975428142825566,26.314285714285713,3.0,6.242857142857143,2.8,12.5,1.7,2.53
2017-09-08,0.3056957070260073,0.38211963378250907,29.325,30.0,28.2,4.870000000000001,29.4,1.0706052585384858,-0.3816892202666586,26.021428571428572,1.3499999999999996,5.357142857142857,0.2,11.3,0.8,1.29
2017-09-09,2.4321401904741964,0.7370121789315747,30.725,32.5,31.0,137.70000000000002,30.6,0.9208163382530088,-0.3657225234972692,25.650000000000002,2.5,3.928571428571428,5.4,14.0,3.3,3.56
2017-09-10,4.36365676068713,1.6161691706248629,33.275,34.0,33.4,249.70500000000004,31.8,0.9203329299583043,-0.34964745525122826,25.521428571428572,5.099999999999998,3.742857142857143,9.3,14.3,2.7,4.41
2017-09-11,1.1456447743788185,0.5728223871894093,33.075,34.7,33.6,143.26000000000002,33.2,1.0143306921106083,-0.33346877891818705,25.814285714285717,1.8499999999999996,5.042857142857143,5.2,14.300000000000004,2.0,1.97
2017-09-12,1.5936819583387374,0.6640341493078072,32.125,34.7,32.0,208.26000000000002,33.0,0.9302779938646968,-0.31719128858910595,25.964285714285715,2.3499999999999996,4.614285714285715,7.8,16.000000000000004,2.4,5.56
2017-09-13,0.7085268151451805,0.3729088500764108,31.075,31.7,31.2,139.365,32.0,0.8404328888011346,-0.300819807635668,25.978571428571428,1.25,4.628571428571429,5.7,14.5,1.9,2.67
2017-09-14,4.170026162552935,1.3451697298557854,32.074999999999996,33.5,32.2,192.35500000000002,32.0,0.7493625739282141,-0.2843591872810036,25.85,4.5,5.200000000000001,7.3,14.3,3.1,4.75
2017-09-15,6.387666154031302,1.5579673546417812,34.175,34.2,34.4,204.435,32.6,0.8128908713954799,-0.26781430516217486,25.964285714285715,5.1,5.8428571428571425,7.7,15.300000000000004,4.1,5.73
2017-09-16,5.257223999397013,1.7524079997990043,33.625,34.0,34.0,116.60000000000001,32.4,0.9808691172325188,-0.25119006388481957,26.27857142857143,5.65,6.9142857142857155,4.4,15.0,3.0,3.43
2017-09-17,5.9949689062051394,1.1528786358086807,30.675,33.0,30.4,82.05000000000001,30.2,1.125925663070723,-0.23449138957041052,26.42142857142857,3.75,6.771428571428571,3.0,11.3,5.2,5.89
2017-09-18,7.829909672161236,1.6312311817002576,33.075,34.0,32.6,127.4,32.2,1.0597413009541257,-0.21772323039653224,26.492857142857144,5.25,5.871428571428572,4.9,16.0,4.8,3.67
2017-09-19,11.620781763625086,1.8743196392943686,34.075,34.0,34.6,277.71999999999997,33.0,1.210942557312818,-0.20089055513063528,26.271428571428572,6.0,5.828571428571428,10.6,15.600000000000001,6.2,8.22
2017-09-20,11.959603071261991,2.0981759774143844,35.025,34.8,35.4,294.365,33.2,1.3838404844537553,-0.18399835165767986,26.2,6.6,6.228571428571429,11.3,17.499999999999996,5.7,6.92
2017-09-21,8.517102691078646,1.6379043636689703,35.225,34.7,36.0,279.27,33.4,1.630307216930609,-0.1670516255021195,26.428571428571427,5.300000000000001,7.028571428571429,10.7,17.200000000000003,5.2,6.5
2017-09-22,7.256424491567281,1.769859632089581,35.224999999999994,34.8,35.8,257.04999999999995,33.6,1.6721264503324922,-0.15005539834465262,26.392857142857142,5.65,7.514285714285714,9.7,16.599999999999998,4.1,5.35
2017-09-23,2.607153730564739,1.3035768652823696,35.675,36.0,36.6,210.0,34.2,1.702396775682178,-0.13301470653419636,26.385714285714283,4.1,7.799999999999999,7.5,16.0,2.0,4.7
2017-09-24,4.066382737538791,1.767992494582083,36.074999999999996,35.2,36.2,257.76,34.6,1.6382780421798018,-0.11593459959550066,26.599999999999998,5.5,8.242857142857144,9.6,16.700000000000003,2.3,4.82
2017-09-25,4.609220975100685,1.212952888184391,35.175,34.3,35.4,190.89499999999998,34.6,1.7261514505760023,-0.09882013873287211,26.52857142857143,4.15,9.185714285714285,7.3,16.299999999999997,3.8,4.37
2017-09-26,3.6270207892509196,1.007505774791922,34.975,34.6,36.0,186.73,34.4,1.666397408645164,-0.08167639533042288,26.55,3.4000000000000004,9.528571428571428,7.1,16.6,3.6,6.18
2017-09-27,4.909544058980421,1.1974497704830296,35.425,33.5,36.0,228.285,34.0,1.5425668565733859,-0.06450844944931625,26.564285714285713,3.75,9.028571428571428,8.9,15.7,4.1,2.26
2017-09-28,9.1605213540586,1.8694941538895102,34.975,35.3,38.6,290.44,35.8,1.4138916841546207,-0.04732138832243232,26.507142857142856,5.9,8.685714285714285,10.6,15.799999999999997,4.9,7.39
2017-09-29,11.611396223280654,2.3696726986287047,37.35,34.8,38.4,256.36,35.6,1.4469759399004123,-0.03012030484690836,26.692857142857143,7.9,8.67142857142857,10.4,20.299999999999997,4.9,4.78
2017-09-30,8.409016148558019,2.1022540371395046,38.325,36.0,39.2,286.125,36.4,1.532663520834573,-0.012910296075008843,26.428571428571427,6.5,8.771428571428572,10.5,17.5,4.0,6.02
2017-10-01,9.384372018168175,2.132811822310949,38.875,36.0,40.0,278.2,37.0,1.6467602596713067,0.004303538296243821,26.321428571428573,6.75,9.200000000000001,10.4,18.5,4.4,6.18
2017-10-02,7.252666465149427,2.0146295736526185,38.075,36.0,39.0,231.625,37.0,1.698877306489716,0.021516097436222233,26.307142857142857,6.35,9.314285714285715,8.5,17.5,3.6,3.79
2017-10-03,8.14385050634002,2.2621806962055606,38.875,36.0,39.4,286.125,37.2,1.8134025472708912,0.03872228089217399,26.464285714285715,6.85,9.485714285714284,10.5,17.5,3.6,4.37
2017-10-04,7.236016474383294,2.0100045762175816,38.625,36.5,39.6,245.25,37.2,1.992641821758554,0.05591699010060302,26.599999999999998,6.550000000000001,9.971428571428572,9.0,18.5,3.6,3.76
2017-10-05,4.167736519856703,1.8120593564594363,37.775,35.4,38.2,199.12499999999997,37.2,2.108721079720633,0.07309512989807776,26.82857142857143,5.75,9.985714285714284,7.5,17.7,2.3,5.4
2017-10-06,3.476672289024043,1.2876564033422382,33.675000000000004,33.5,33.6,162.225,33.8,2.1005161086591935,0.0902516100310407,26.707142857142856,4.25,9.542857142857143,6.3,15.5,2.7,3.99
2017-10-07,3.328647429543524,1.585070204544535,36.125,34.0,37.2,216.3,34.6,1.9459423521896984,0.10738134666416306,26.86428571428571,5.0,8.957142857142857,8.4,16.5,2.1,5.22
2017-10-08,3.315725220968774,1.5789167718898922,33.925,34.0,34.4,254.62499999999997,33.2,1.8720589475332743,0.12447926388678869,26.65,4.9,8.657142857142858,9.7,15.5,2.1,6.5
2017-10-09,2.5389953544844253,1.4105529747135694,34.525,34.5,35.2,238.5,33.6,1.7929310831874088,0.141540295217043,26.578571428571426,4.499999999999998,8.557142857142857,9.0,16.0,1.8,3.18
2017-10-12,0.9010451516568447,0.5631532197855279,31.825,33.5,32.4,115.875,32.0,1.3966148146575614,0.19245158197082995,25.95,2.0500000000000007,7.199999999999999,4.5,15.5,1.6,2.59
2017-10-13,3.0427932273415377,1.086711866907692,32.775,33.0,33.0,185.4,32.4,1.1884637918785768,0.20931464596304888,25.816666666666666,3.6999999999999993,6.699999999999999,7.2,14.5,2.8,2.35
2017-10-14,3.9065580311891046,1.0016815464587447,32.025000000000006,32.5,32.0,101.0,32.2,1.1549730358061523,0.22611568550828803,25.816666666666666,3.5,6.8500000000000005,4.0,14.5,3.9,3.2
2017-10-15,10.612307198187159,1.3605522048957897,31.375,32.2,31.2,130.34,31.2,1.0577415927918539,0.2428497220959358,25.733333333333334,4.5,6.116666666666667,4.9,11.200000000000003,7.8,3.42
2017-10-16,13.835630872936154,1.8952919004022128,33.074999999999996,33.5,33.2,236.5,32.0,1.021347498292837,0.25951179706979943,25.791666666666668,6.25,5.316666666666666,8.6,12.0,7.3,5.64
2017-10-17,3.8447789001421944,1.098508257183484,30.175,32.5,30.6,143.10000000000002,30.2,1.102137319240944,0.27609697309746883,25.958333333333332,3.75,5.25,6.0,17.3,3.5,3.92
2017-10-18,5.998135608681675,1.4995339021704188,31.025,33.2,30.2,199.20000000000002,30.4,1.1016188818041641,0.2926003356333479,25.657142857142862,5.0,5.357142857142857,8.0,16.6,4.0,3.16
2017-10-19,4.842056804538011,1.3834448012965745,31.924999999999997,33.7,32.0,255.91500000000002,30.4,1.21506184254341,0.30901699437494723,25.657142857142855,4.75,6.171428571428572,9.9,15.700000000000003,3.5,4.97
2017-10-20,4.474324193570432,1.7897296774281728,32.275000000000006,33.0,32.2,229.77499999999998,31.4,1.332246354187845,0.3253420847119795,25.671428571428574,5.9,6.942857142857143,9.1,15.5,2.5,3.43
2017-10-21,2.6646576595698184,1.7764384397132122,34.475,35.0,35.0,252.0,33.2,1.4326774699764855,0.341570769167856,25.6,5.65,7.214285714285714,9.6,17.5,1.5,2.53
2017-10-22,4.022711905350837,1.4366828233395847,33.425000000000004,33.5,34.0,270.40000000000003,32.6,1.543357026155695,0.35769823883312546,25.742857142857144,4.699999999999999,8.014285714285714,10.4,15.0,2.8,2.17
2017-10-23,3.9351901041304114,1.5135346554347735,33.425000000000004,34.8,34.0,262.5,32.6,1.554232828790523,0.3737197147904692,25.657142857142862,4.949999999999999,8.8,10.0,17.099999999999998,2.6,4.03
2017-10-24,2.9926537473353014,1.1970614989341206,34.425,34.0,35.0,239.875,33.0,1.4996960795094603,0.38963044953078774,25.47857142857143,4.0,9.0,9.5,17.5,2.5,5.91
2017-10-25,0.8004076627334884,0.6156982021026833,32.475,32.5,33.0,218.43999999999997,32.0,1.5137751140452653,0.4054257283599973,25.678571428571427,2.0999999999999996,9.5,8.6,14.2,1.3,0.69
2017-10-26,2.8762384189190744,1.1984326745496143,32.825,33.4,33.2,221.41499999999996,32.2,1.387512871178446,0.42110087079608916,25.75,4.0,9.585714285714285,8.7,15.899999999999999,2.4,4.86
2017-10-29,1.5734518451325403,1.0489678967550269,33.525000000000006,32.0,34.2,245.98000000000002,32.2,1.1675516949946123,0.46735921715800205,25.683333333333334,3.5,9.333333333333334,9.8,13.8,1.5,2.55
2017-10-30,1.962201999238059,1.2263762495237869,33.125,33.5,34.2,180.2,32.4,1.1029325405638526,0.48250774176121763,25.53333333333333,4.0,9.233333333333333,6.8,14.0,1.6,4.21
2017-10-31,1.6582679273890266,0.6141733064403802,31.275,30.3,31.2,75.64,31.0,1.055072806245355,0.4975132889071803,25.575,2.0,8.700000000000001,3.1,11.8,2.7,2.17
2017-11-01,2.4007129728875225,0.960285189155009,31.725,31.5,31.8,72.5,30.6,0.957924774163065,0.5123714121284235,25.433333333333334,3.3000000000000007,7.633333333333333,2.9,13.0,2.5,1.1
2017-11-02,1.4383073210708806,0.6849082481289908,31.375,28.2,31.6,149.44000000000003,32.2,1.0153559386717859,0.5270777086423724,25.366666666666664,2.4000000000000004,6.683333333333334,6.4,9.7,2.1,2.33
2017-11-03,0.2575204790603937,0.21460039921699478,29.825000000000003,28.0,29.6,0.0,29.8,0.9297685342683485,0.5416278206559811,25.01666666666667,0.8499999999999996,6.300000000000001,0.0,9.5,1.2,1.23
2017-11-04,2.13958269500502,0.7924380351870444,32.025,30.6,32.4,156.645,31.2,0.8276016578324409,0.5560174366570446,24.764285714285716,2.6999999999999993,5.4,5.9,8.100000000000001,2.7,2.38
2017-11-05,0.41402904207262414,0.41402904207262414,30.375,29.3,30.0,0.0,29.6,0.791678474915319,0.5702422926917867,24.87857142857143,1.4499999999999993,4.985714285714286,0.0,6.300000000000001,1.0,0.38
2017-11-06,0.9450647655773339,0.5906654784858336,30.775,30.3,31.0,86.29499999999999,30.4,0.7009729242464042,0.5842981736283683,25.028571428571432,2.0,3.585714285714286,3.3,8.3,1.6,1.72
2017-11-07,0.41186244330072075,0.29418745950051484,29.425,29.8,29.2,12.95,29.8,0.610157099812411,0.5981809144059158,24.978571428571428,1.0500000000000007,3.085714285714286,0.5,7.800000000000001,1.4,0.85
2017-11-08,0.8405484351775503,0.44239391325134225,30.975,31.6,31.8,114.59499999999998,30.6,0.5644448359638589,0.6118864012687242,25.192857142857143,1.6500000000000004,2.7142857142857144,4.3,9.900000000000002,1.9,2.11
2017-11-09,4.110046230031748,1.1416795083421523,30.775,30.7,30.2,176.54500000000002,30.4,0.49046036797762066,0.6254105729852457,25.428571428571427,3.9000000000000004,2.9142857142857146,6.7,8.7,3.6,3.29
2017-11-10,2.0487365019951507,0.731691607855411,30.974999999999998,31.5,31.4,175.5,31.2,0.5557134051509295,0.6387494220515268,25.857142857142854,2.6500000000000004,2.957142857142857,6.5,9.0,2.8,2.98
2017-11-11,1.2726062596110517,0.3856382604881975,30.374999999999996,31.0,30.4,59.400000000000006,30.4,0.6295835778135604,0.6518989958787125,26.392857142857142,1.4499999999999993,3.8857142857142857,2.2,8.0,3.3,1.41
2017-11-12,4.1826077349696416,1.0724635217870877,30.625,31.0,31.2,147.0,30.4,0.5714693242851537,0.6648553979642866,26.457142857142856,3.6500000000000004,3.357142857142857,5.6,9.5,3.9,4.14
2017-11-13,4.98095844624188,1.2148679137175318,32.525,32.8,32.8,260.37,31.2,0.6655313928157912,0.6776147890466887,26.471428571428568,4.1,4.1571428571428575,9.9,12.999999999999996,4.1,3.52
2017-11-14,5.178915911394421,1.6184112223107565,33.375,33.0,34.2,278.1,32.2,0.7547031692774624,0.690173388242972,26.49285714285714,5.4,5.1000000000000005,10.8,14.5,3.2,4.17
2017-11-15,3.670713288631004,1.9319543624373707,33.725,34.0,34.4,281.84000000000003,32.2,0.9438779925360683,0.7025274741691566,26.47142857142857,6.5,6.571428571428571,10.4,13.8,1.9,4.16
2017-11-16,2.8142299122286714,1.8761532748191143,34.625,34.0,35.4,299.75,33.0,1.156672342419787,0.7146733860429608,26.535714285714285,6.15,7.442857142857143,10.9,13.0,1.5,4.26
2017-11-17,2.0621652397165255,1.2888532748228285,34.125,33.5,33.6,285.82500000000005,33.4,1.2615971662022099,0.7266075247685652,26.7,4.250000000000002,8.042857142857143,10.3,11.5,1.6,3.58
2017-11-18,1.3866414185667766,0.9904581561191261,32.974999999999994,32.5,33.4,246.15,32.8,1.341191690054698,0.7383263540031063,26.807142857142857,3.25,8.585714285714285,9.0,10.3,1.4,1.37
2017-11-19,1.313602971868003,0.8757353145786686,32.675,32.0,33.2,136.25,30.8,1.427594532287688,0.749826401204568,26.857142857142858,2.9000000000000004,9.557142857142859,5.0,9.5,1.5,1.07
2017-11-20,0.7831910113554081,0.5221273409036055,32.125,31.5,32.6,140.4,31.6,1.3994905026864852,0.7611042586607742,27.0,1.75,9.471428571428573,5.2,9.0,1.5,2.21
2017-11-21,1.7426788357387282,1.0251051974933696,33.824999999999996,32.5,34.8,235.875,32.6,1.3005275637130673,0.7721565844991641,27.099999999999998,3.3999999999999986,8.8,8.5,9.5,1.7,0.46
2017-11-22,1.1465408300139348,0.5732704150069674,32.175,30.5,32.4,89.75999999999999,31.6,1.215769560167726,0.7829801036770624,27.385714285714283,1.9000000000000004,8.471428571428572,3.4,8.2,2.0,0.49
2017-11-23,1.1542879142073612,0.7214299463796007,31.275000000000002,30.5,31.2,47.25,31.4,1.0216718533919542,0.7935716089521472,27.285714285714285,2.5,7.471428571428572,1.8,8.5,1.6,1.79
2017-11-24,1.1917010635518914,0.7448131647199321,30.325,30.0,30.6,58.74,30.4,0.8567113779005952,0.8039279618328208,27.107142857142858,2.75,6.171428571428572,2.2,6.600000000000001,1.6,0.98
2017-11-25,1.2091184055094857,0.6363781081628872,29.425,28.0,29.0,0.0,29.6,0.7789913621716101,0.8140460935082175,26.957142857142856,2.3000000000000007,5.014285714285714,0.0,6.300000000000001,1.9,1.77
2017-11-26,0.5335873426093882,0.48507940237217106,28.325,27.6,27.8,0.0,27.8,0.7284084981778616,0.8239230057575536,26.6,1.75,3.7285714285714286,0.0,5.400000000000002,1.1,2.8
2017-11-27,0.16073352295553928,0.16073352295553928,27.575,26.5,27.0,0.0,27.4,0.6726005107197904,0.8335557718385695,26.264285714285716,0.5999999999999996,3.0142857142857147,0.0,4.0,1.0,2.6
2017-11-28,0.853916547327781,0.2754569507508971,28.475,28.7,28.2,5.140000000000001,28.4,0.6209728224414953,0.8429415373547832,25.907142857142862,1.25,2.2714285714285714,0.2,6.0,3.1,1.19
2017-11-29,2.6387605012324906,0.4712072323629448,29.025,29.5,28.8,85.46999999999998,28.6,0.5138802157639992,0.8520775211013093,25.614285714285717,1.5500000000000007,1.0857142857142859,3.3,7.199999999999999,5.6,1.9
2017-11-30,1.2339134123422626,0.6169567061711313,29.375,30.5,30.0,103.74000000000001,29.6,0.49929976110056745,0.8609610158889945,25.542857142857144,2.1500000000000004,1.0714285714285716,3.9,7.800000000000001,2.0,1.79
2017-12-01,0.8206171542188353,0.6312439647837195,30.174999999999997,29.6,30.4,41.68000000000001,29.6,0.48437501249935755,0.8695893893466109,25.592857142857145,2.25,1.3714285714285714,1.6,7.100000000000001,1.3,1.59
2017-12-02,0.16864798150433247,0.06745919260173298,30.725,32.0,31.0,136.935,30.4,0.4681508410798986,0.8779600847008883,25.5,1.3000000000000007,1.2857142857142858,5.1,10.3,2.5,1.28
2017-12-03,1.4961865825512901,0.7480932912756451,31.525,31.0,32.2,164.7,30.6,0.38687671028544807,0.8860706215341378,25.785714285714285,2.5,2.0142857142857142,6.1,8.0,2.0,3.56
2017-12-04,1.2314814314881908,0.8209876209921272,30.575,30.0,31.0,132.5,30.2,0.42445012298594426,0.893918596519257,26.08571428571429,3.049999999999999,2.8857142857142857,5.0,7.0,1.5,1.32
2017-12-05,0.23084185032273877,0.19236820860228232,28.325000000000003,29.5,28.0,25.75,29.0,0.5187721369911712,0.9015016841318838,26.371428571428574,0.6500000000000004,3.6,1.0,7.5,1.2,0.76
2017-12-06,0.5294530161079107,0.4813209237344642,29.974999999999998,30.5,30.4,120.32000000000001,30.0,0.5069023166842261,0.9088176373395028,26.37857142857143,1.75,3.7142857142857144,4.7,9.8,1.1,1.61
2017-12-07,1.8761377632894374,0.9380688816447187,31.475,31.0,32.2,262.59999999999997,30.2,0.5083471297373003,0.9158642882672868,26.335714285714285,3.1500000000000004,3.914285714285714,10.1,10.0,2.0,2.8
2017-12-08,1.8872832275314906,1.258188818354327,31.525,30.5,32.2,217.8,31.0,0.5542202976620986,0.9226395488404875,26.25,4.5,4.8,8.8,11.5,1.5,1.84
2017-12-09,0.9249246321990079,1.1561557902487598,32.225,31.4,33.2,244.15,31.4,0.6437838481721853,0.9291414114031743,26.064285714285713,3.9499999999999993,5.828571428571428,9.5,11.399999999999999,0.8,4.21
2017-12-10,1.3256167534924899,1.205106139538627,32.225,31.8,33.2,234.96,31.4,0.7993119335503321,0.935367949313148,25.9,4.15,6.457142857142857,8.9,10.8,1.1,2.71
2017-12-11,1.3745527693001571,1.2495934266365063,32.425000000000004,31.3,33.4,119.925,31.6,0.8645994833021867,0.941317317512847,25.814285714285713,4.300000000000001,6.8571428571428585,4.5,9.3,1.1,2.73
2017-12-12,1.339570933409524,1.0304391795457877,32.725,31.8,33.6,182.92,32.0,0.9258288841085266,0.9469877530760751,25.835714285714285,3.5500000000000007,6.785714285714286,6.8,9.8,1.3,2.49
2017-12-13,0.8950984729954159,0.6885372869195506,32.075,32.0,33.0,217.2,32.2,1.0455533085290274,0.9523775757303973,26.0,2.4499999999999993,7.614285714285714,8.0,9.7,1.3,0.87
2017-12-14,0.8589803784019415,0.613557413144244,31.375,30.3,31.8,138.595,31.2,1.0751556461268967,0.9574851883550389,26.221428571428568,2.0999999999999996,8.085714285714285,5.3,8.3,1.4,2.89
2017-12-15,1.419005969629496,0.7883366497941645,31.175,31.3,31.6,200.17000000000002,31.0,1.0287968649125434,0.9623090774541487,26.24285714285714,2.6500000000000004,7.3999999999999995,7.4,8.5,1.8,0.69
2017-12-16,2.245033637456431,1.0204698352074686,30.924999999999997,31.5,31.2,202.895,30.6,0.9616751265468056,0.9668478136052773,26.571428571428573,3.4499999999999993,7.200000000000001,7.7,10.3,2.2,2.84
2017-12-17,2.3499254668454257,0.8703427654983057,30.825000000000003,30.3,31.2,200.66,30.4,0.9422914186837641,0.9711000518829505,26.664285714285715,3.0,6.942857142857143,7.9,9.8,2.7,3.49
2017-12-18,1.7245509849444223,0.9076584131286434,30.275,30.3,31.4,193.27,30.6,0.8944680795351468,0.9750645322571945,26.521428571428572,3.1999999999999993,6.799999999999999,7.7,10.400000000000002,1.9,2.71
2017-12-19,1.8277104786665204,0.8703383231745335,28.575,30.3,28.8,88.23,28.4,0.8456202204625949,0.9787400799669153,26.3,3.0500000000000007,7.257142857142857,3.4,8.7,2.1,0.82
2017-12-20,0.21720599282137032,0.15514713772955024,26.825,26.0,26.4,2.325,27.4,0.8227486695524158,0.9821256058680006,26.16428571428571,0.5999999999999996,6.771428571428571,0.1,5.5,1.4,0.6
2017-12-21,0.2801854184567928,0.35023177307099096,27.775000000000002,27.5,27.4,2.41,27.2,0.7465500768109871,0.9852201067560606,25.607142857142858,1.25,5.642857142857143,0.1,6.800000000000001,0.8,0.85
2017-12-22,1.646182367788672,0.9683425692874541,29.325000000000003,29.6,29.4,117.73500000000001,29.0,0.7089321282290938,0.9880226656636976,25.314285714285717,3.25,4.9,4.7,9.100000000000001,1.7,2.17
2017-12-23,1.8367063971470665,1.0804155277335685,30.65,30.5,31.0,213.35000000000002,29.4,0.7346472595852781,0.9905324521322227,25.02857142857143,4.0,4.514285714285714,8.5,10.8,1.7,3.98
2017-12-24,1.585318538253933,0.8807325212521849,30.675,30.5,31.0,193.125,29.0,0.7432109299461495,0.9927487224577402,24.85,3.0999999999999996,4.628571428571428,7.5,9.5,1.8,2.68
2017-12-25,1.4589227849466653,0.6343142543246372,31.175,30.7,31.2,214.24499999999998,29.8,0.7446951807681321,0.9946708199115211,24.900000000000002,2.25,4.571428571428571,8.1,8.5,2.3,2.26
2017-12-26,1.2091189249936571,0.636378381575609,29.825000000000003,29.8,30.0,41.92000000000001,29.2,0.7056460152247028,0.9962981749346077,25.092857142857145,2.25,4.628571428571428,1.6,7.199999999999999,1.9,1.05
2017-12-27,1.722611844633658,0.7177549352640242,31.875,30.5,32.4,228.15,30.6,0.6722231664248565,0.9976303053065857,25.128571428571426,2.5500000000000007,4.371428571428571,9.0,10.3,2.4,1.95
2017-12-28,1.4334312064425532,0.8958945040265957,29.675,28.7,29.4,138.35500000000002,29.0,0.7525957089297812,0.9986668162884759,25.428571428571427,3.4000000000000004,5.642857142857143,5.9,10.5,1.6,1.88
2017-12-29,1.0474629485370135,0.698308632358009,29.525,29.0,30.2,95.0,29.2,0.8305475276377248,0.9994074007397048,25.335714285714285,2.5,6.471428571428571,3.8,8.0,1.5,1.84
2017-12-30,1.5215817800428746,0.7245627524013688,31.225,29.8,31.8,161.60000000000002,30.0,0.7919712509335184,0.9998518392091162,25.32857142857143,2.75,6.3428571428571425,6.4,9.100000000000001,2.1,1.44
2017-12-31,1.8018215001632145,1.0598950000960086,32.625,31.0,34.2,248.32,30.8,0.7411351401717755,1.0,25.349999999999998,3.75,6.042857142857144,9.7,10.8,1.7,2.71
2019-01-10,1.5980578577865427,0.760979932279306,29.875,29.0,29.6,122.58999999999999,29.0,1.00592846403983,0.9852201067560606,27.32857142857143,2.6500000000000004,8.87142857142857,4.6,4.699999999999999,2.1,2.81
2019-01-11,2.4729780583735135,0.9511454070667359,31.425000000000004,30.3,31.6,222.62999999999997,30.0,0.9571740507134449,0.9821256058680006,27.27857142857143,3.5,8.157142857142857,8.2,6.300000000000001,2.6,2.73
2019-01-12,1.6470059366623917,0.7842885412678056,30.375,30.0,30.2,140.76,29.6,0.9152567979200669,0.9787400799669153,27.228571428571428,2.8000000000000007,7.871428571428572,5.1,4.800000000000001,2.1,2.21
2019-01-13,0.7414889809772548,0.41193832276514153,28.725,27.0,28.0,0.0,28.2,0.9196726344586983,0.9750645322571948,27.33571428571429,1.5,7.542857142857143,0.0,3.0,1.8,1.16
2019-01-14,0.25342221740054777,0.31677777175068467,27.875,26.0,27.2,0.0,27.8,0.8245414640298601,0.9711000518829505,27.014285714285716,1.25,6.071428571428571,0.0,1.5,0.8,1.85
2019-01-15,2.022129059756557,0.8088516239026229,29.425,29.5,29.6,78.3,28.8,0.7368537564931046,0.9668478136052775,26.678571428571427,2.9000000000000004,4.942857142857142,2.9,5.0,2.5,2.01
2019-01-16,2.3537891079023017,0.9415156431609207,30.924999999999997,30.0,31.4,212.54999999999998,30.0,0.7205715225766307,0.9623090774541486,26.66428571428571,3.25,4.385714285714285,7.8,5.5,2.5,3.04
2019-01-17,1.7641832348999686,0.8400872547142707,29.974999999999998,30.0,30.0,267.5,29.2,0.7107853203133168,0.9574851883550393,26.628571428571426,3.0999999999999996,4.085714285714285,10.0,6.5,2.1,2.64
2019-01-18,1.6544984959417346,0.8272492479708673,29.625,29.7,29.8,153.99,29.0,0.7220863663754545,0.9523775757303974,26.642857142857142,3.0,4.857142857142857,5.9,7.199999999999999,2.0,2.75
2019-01-19,1.9736396881984943,0.8971089491811337,29.325000000000003,29.0,29.4,183.75,28.4,0.7043869150760447,0.9469877530760753,26.492857142857144,3.0999999999999996,4.528571428571428,7.0,5.5,2.2,2.22
2019-01-20,1.5995894330918712,0.6954736665616832,29.025,29.0,29.0,91.875,28.2,0.7205041162065202,0.9413173175128471,26.300000000000004,2.5,4.8,3.5,5.5,2.3,2.1
2019-01-21,1.8268593027030706,0.8699330012871764,29.924999999999997,30.0,30.0,148.5,28.8,0.7610091653203118,0.9353679493131483,26.407142857142862,3.1500000000000004,5.3,5.5,6.0,2.1,2.59
2019-01-22,1.5201145095886865,0.6909611407221302,30.424999999999997,30.5,30.8,202.76,29.4,0.8400313409683822,0.9291414114031743,26.657142857142862,2.5,6.085714285714286,7.4,6.199999999999999,2.2,1.9
2019-01-23,1.8207236046891642,0.8276016384950745,30.925,30.5,31.0,234.35,29.8,0.8231898433711689,0.9226395488404876,26.714285714285715,2.9000000000000004,6.728571428571429,8.6,6.5,2.2,2.8
2019-01-24,1.8001545941618182,0.8572164734103896,30.775,31.0,30.8,192.1,30.0,0.8069164141331909,0.9158642882672872,26.714285714285715,2.9499999999999993,6.8428571428571425,6.8,5.5,2.1,3.71
2019-01-25,2.271827712208833,0.9877511792212318,31.225,32.0,31.8,239.84999999999997,30.4,0.8093634453754935,0.9088176373395029,26.928571428571427,3.3499999999999996,6.385714285714286,8.2,5.5,2.3,2.82
2019-01-26,2.018545257815024,0.8410605240895934,31.525000000000002,32.0,32.4,134.54999999999998,30.4,0.8322922926969742,0.901501684131884,27.378571428571426,2.8499999999999996,6.714285714285714,4.6,5.5,2.4,2.75
2019-01-27,2.219326812423995,1.1096634062119974,32.525,32.0,33.0,296.625,31.4,0.8242853748267542,0.893918596519257,27.807142857142853,3.75,6.371428571428571,10.5,7.5,2.0,3.51
2019-01-28,2.456254638796404,1.228127319398202,33.125,31.0,33.8,300.78000000000003,31.6,0.883455337633942,0.886070621534138,28.092857142857138,4.300000000000001,7.371428571428571,10.8,6.300000000000001,2.0,3.15
2019-01-29,2.195329524537068,1.097664762268534,32.175,31.0,33.6,275.71500000000003,31.6,0.9346259545069456,0.8779600847008882,28.214285714285715,3.8000000000000007,8.128571428571428,9.9,6.300000000000001,2.0,3.47
2019-01-30,2.2273263294666004,0.8909305317866401,32.475,31.0,33.6,216.125,31.0,0.9927264718707176,0.869589389346611,28.278571428571432,3.25,8.485714285714286,9.1,14.5,2.5,3.04
2019-01-31,2.2791664052853235,0.8766024635712782,32.225,31.0,32.4,194.74999999999997,31.2,1.0017734566266554,0.8609610158889943,27.77857142857143,3.0999999999999996,8.557142857142857,8.2,14.5,2.6,3.13
2019-02-01,2.2054141556004616,0.7876479127144507,32.525,31.3,33.0,218.80499999999998,31.4,1.0045428837924968,0.8520775211013093,27.135714285714283,3.0,8.757142857142856,8.7,12.3,2.8,2.26
2019-02-02,1.3047779310165548,0.5930808777347976,30.824999999999996,31.3,30.4,45.269999999999996,30.2,0.9759567028629565,0.8429415373547828,26.55,2.0999999999999996,8.828571428571427,1.8,12.3,2.2,2.15
2019-02-03,0.9904896239222076,0.5502720132901153,30.825000000000003,31.0,31.2,75.0,30.4,0.9405310390979856,0.8335557718385699,25.964285714285715,1.8499999999999996,8.428571428571429,3.0,12.0,1.8,1.43
2019-02-04,0.4045781691393839,0.28898440652813134,28.174999999999997,26.5,27.2,45.0,28.2,0.8606179829662882,0.8239230057575542,25.5,1.0,7.357142857142857,2.0,8.0,1.4,1.32
2019-02-05,0.6314923340212386,0.4510659528723133,29.075,28.5,28.6,95.0,28.2,0.7264547096991353,0.8140460935082178,24.735714285714284,1.6500000000000004,6.1,4.0,9.5,1.4,1.49
2019-02-06,1.9755023584424636,0.9877511792212318,31.225,30.2,31.6,177.0,29.8,0.6340834512139609,0.8039279618328213,24.150000000000002,3.25,5.257142857142857,7.5,13.2,2.0,2.21
2019-02-07,1.7556499601882924,0.9240262948359435,31.575000000000003,31.7,32.0,268.8,30.4,0.6479149722760454,0.7935716089521474,24.12857142857143,3.0999999999999996,5.028571428571428,10.5,12.2,1.9,2.84
2019-02-08,1.4559457749541114,0.7662872499758481,31.325000000000003,31.7,31.6,168.96,30.4,0.6546898053138548,0.7829801036770629,24.392857142857142,2.4499999999999993,5.357142857142857,6.6,12.2,1.9,3.42
2019-02-09,0.9414437372032674,0.4707218686016337,30.275,30.5,30.2,84.01,30.0,0.651638282065483,0.7721565844991642,24.457142857142856,1.5,5.057142857142857,3.1,6.800000000000001,2.0,2.19
2019-02-10,1.103493088432877,0.7882093488806265,32.425,32.5,33.6,245.25,31.6,0.6341584236178882,0.7611042586607747,24.73571428571429,2.75,5.242857142857143,9.0,10.5,1.4,1.16
2019-02-11,2.53110821812113,1.0546284242171375,32.375,31.7,32.8,279.13000000000005,31.4,0.6681494715593898,0.7498264012045686,25.05714285714286,3.5,6.1000000000000005,10.3,9.2,2.4,2.97
2019-02-12,2.591374509881638,0.9254908963862993,31.375,31.0,31.4,259.47499999999997,30.6,0.7775271883721049,0.7383263540031065,25.71428571428572,3.0999999999999996,7.285714285714286,9.7,8.5,2.8,2.28
2019-02-13,2.8147242172825955,0.9079755539621275,31.625,30.0,31.8,267.65,30.6,0.8453021803026743,0.7266075247685656,26.142857142857142,3.0999999999999996,8.1,10.1,7.0,3.1,3.76
2019-02-14,0.707976613518954,0.33713172072331143,30.125,29.5,29.8,119.25,30.2,0.8339056624085165,0.7146733860429609,26.557142857142857,1.25,8.471428571428572,4.5,6.0,2.1,3.6
2019-02-15,1.4225195170196112,0.6184867465302658,31.575,30.7,31.8,210.288,30.2,0.7500635803924263,0.7025274741691571,26.685714285714287,2.1500000000000004,7.614285714285714,7.8,7.48,2.3,3.36
2019-02-16,1.3810951367894608,0.6277705167224822,31.625,33.0,32.2,183.14999999999998,31.4,0.7289492227573431,0.6901733882429719,26.880000000000003,2.0,7.785714285714286,6.6,10.5,2.2,3.27
2019-02-17,2.186055379462983,1.2144752108127683,33.425000000000004,33.0,34.4,293.55,32.2,0.7513847439174643,0.6776147890466889,26.972857142857144,3.9000000000000004,8.285714285714285,10.3,9.0,1.8,3.45
2019-02-18,1.647761541738105,1.1769725298129323,33.925,33.2,34.8,297.86,32.6,0.8122798670506273,0.6648553979642865,27.15142857142857,3.75,8.471428571428572,10.6,10.200000000000003,1.4,3.69
2019-02-19,2.625012178596048,1.0500048714384191,33.275,32.8,33.8,287.7,32.4,0.8297575964214552,0.6518989958787126,27.294285714285714,3.5,8.514285714285714,10.5,10.799999999999997,2.5,4.07
2019-02-20,2.787050712400367,1.1148202849601467,32.975,31.7,33.6,295.05,32.0,0.8475453071431867,0.6387494220515272,27.387142857142855,3.75,8.62857142857143,10.5,7.199999999999999,2.5,4.09
2019-02-21,2.9290069286576004,1.010002389192276,33.025,31.5,33.6,288.90000000000003,32.0,0.8770945544286181,0.6254105729852463,27.615714285714287,3.5,8.685714285714287,10.8,9.5,2.9,4.12
2019-02-22,2.3770083442317884,0.9904201434299118,33.625,31.5,34.4,288.40000000000003,32.4,0.9732189356384701,0.6118864012687243,27.65142857142857,3.5,9.585714285714287,10.3,7.0,2.4,3.85
2019-02-23,2.7166095446131417,1.2348225202787007,33.175,31.5,33.8,302.40000000000003,32.0,1.0263522780527052,0.5981809144059165,27.800000000000004,4.25,9.942857142857141,10.8,7.0,2.2,3.58
2019-02-24,2.270611774168201,1.0812437019848575,32.325,31.5,32.0,285.59999999999997,31.6,1.1130739928464506,0.5842981736283684,27.83571428571429,3.75,10.542857142857144,10.2,7.0,2.1,3.31
2019-02-25,1.942001544885921,0.8827279749481458,32.525,32.2,32.8,222.8,31.6,1.0940409201567491,0.5702422926917871,27.764285714285716,3.0,10.528571428571428,8.0,8.700000000000003,2.2,2.37
2019-02-26,2.2467566890124515,1.1233783445062258,32.025,32.0,32.0,187.04999999999998,31.2,1.052005983747494,0.5560174366570446,27.728571428571428,2.6500000000000004,10.157142857142857,5.8,-0.5,2.0,2.15
2019-02-27,1.2445169951715551,0.73206882068915,32.025,32.0,32.0,149.725,31.2,1.0624879084714662,0.5416278206559814,28.42142857142857,2.5,9.485714285714286,5.3,7.5,1.7,3.65
2019-02-28,1.68091926122043,0.9887760360120177,32.625,32.7,33.2,114.595,32.0,1.007809127861324,0.5270777086423722,28.442857142857143,3.25,8.742857142857144,4.1,9.500000000000004,1.7,3.06
2019-03-01,1.9774380543287315,0.9887190271643658,33.525,33.0,34.4,209.82500000000002,32.6,1.0047767916927157,0.5123714121284237,28.614285714285717,3.1999999999999993,7.785714285714286,7.7,11.5,2.0,3.71
2019-03-02,3.151104270086043,1.2119631808023241,33.525,32.5,34.2,211.76999999999998,32.8,1.0045337750833518,0.49751328890718066,28.50714285714286,3.5,7.414285714285714,7.8,10.7,2.6,3.89
2019-03-03,2.037020790397953,0.9700099001895014,33.175,32.7,33.8,196.005,32.6,1.0012681551581553,0.48250774176121847,28.385714285714283,3.3000000000000007,6.985714285714286,7.3,11.700000000000003,2.1,2.82
2019-03-04,1.801557492607008,1.0597397015335341,34.074999999999996,34.0,34.8,216.6,33.0,0.985377612044533,0.4673592171580022,28.22142857142857,3.049999999999999,6.571428571428571,7.6,11.0,1.7,3.08
2019-03-05,2.2200477018860982,1.3875298136788112,34.625,34.0,35.6,244.375,33.6,1.0106650015567313,0.45207220393230435,28.314285714285713,4.35,6.514285714285713,8.5,10.5,1.6,2.99
2019-03-06,3.475404444142398,1.737702222071199,35.824999999999996,35.0,37.0,263.9,34.6,1.0484009257242435,0.43665123195606403,27.814285714285713,5.35,6.8999999999999995,9.1,12.0,2.0,3.69
2019-03-07,2.026680382560194,1.1259335458667745,35.575,35.0,36.6,295.79999999999995,34.6,1.1920628402073934,0.4211008707960896,27.92142857142857,3.4000000000000004,7.442857142857143,10.2,12.0,1.8,4.88
2019-03-08,3.412625157710659,1.7063125788553295,36.125,35.0,37.0,295.61,35.0,1.2116567701866443,0.40542572835999735,28.071428571428573,5.300000000000001,8.314285714285715,10.3,12.600000000000001,2.0,4.97
2019-03-09,2.4983943663652814,1.4696437449207538,35.875,34.0,36.8,283.25,34.8,1.3141701347139247,0.38963044953078796,28.278571428571432,5.15,8.685714285714285,10.3,13.0,1.7,5.04
2019-03-10,3.4812399468768986,1.5823817940349538,35.824999999999996,34.0,36.6,283.25,34.8,1.3509816438737006,0.37371971479046906,28.32857142857143,5.15,9.042857142857143,10.3,13.0,2.2,4.97
2019-03-11,3.128130909431392,1.646384689174417,35.375,33.5,36.2,240.75,34.2,1.4384633429944795,0.35769823883312546,28.42142857142857,5.5,9.471428571428572,9.0,13.5,1.9,4.52
2019-03-12,3.311040544201936,1.4395828453051898,35.125,33.2,36.0,271.32,34.0,1.5222697698003196,0.3415707691678556,28.17142857142857,4.9,9.671428571428573,10.2,13.200000000000003,2.3,3.85
2019-03-13,2.817063561721876,1.408531780860938,34.525000000000006,33.0,34.6,209.82500000000002,33.2,1.529705917175517,0.3253420847119801,27.86428571428571,4.75,9.914285714285715,7.7,11.5,2.0,3.69
2019-03-14,3.0605472983010804,1.4574034753814669,35.475,34.0,36.2,291.5,34.2,1.4826815684311936,0.30901699437494745,27.614285714285717,4.85,9.714285714285714,10.6,13.0,2.1,3.6
2019-03-15,2.931989605427452,1.3961855263940246,34.775,33.0,35.2,243.9,33.6,1.5300344155047212,0.29260033563334836,27.400000000000002,4.700000000000001,9.771428571428572,9.0,11.8,2.1,4.68
2019-03-16,3.439667580178647,1.4331948250744362,34.425,33.0,34.8,271.5,33.6,1.4857305508673921,0.27609697309746883,27.17142857142857,4.75,9.585714285714285,10.0,11.7,2.4,3.34
2019-03-17,2.960479087544253,1.4802395437721265,32.574999999999996,32.0,32.2,78.3,32.6,1.480523562317918,0.2595117970697999,27.12142857142857,5.15,9.542857142857143,2.9,10.0,2.0,3.97
2019-03-18,3.8925517024568257,1.5570206809827303,34.575,33.6,35.4,240.12,33.6,1.4659318122803715,0.2428497220959356,27.05,5.300000000000001,8.485714285714286,8.7,12.0,2.5,4.21
2019-03-19,4.421136776523915,1.5789774201871125,35.175000000000004,34.5,35.8,288.6,34.0,1.4531655253958446,0.22611568550828828,27.17142857142857,5.15,8.442857142857143,10.4,13.5,2.8,3.89
2019-03-20,3.6737496854942173,1.5972824719540077,35.175,34.7,36.0,283.5,34.0,1.473079036093262,0.20931464596304847,27.335714285714285,5.250000000000002,8.471428571428572,10.0,12.700000000000003,2.3,3.83
2019-03-21,2.2567746840275444,1.504516456018363,33.074999999999996,33.0,33.2,161.56,32.6,1.5000434205351294,0.19245158197082998,27.492857142857144,5.0,8.8,5.6,8.3,1.5,3.98
2019-03-22,3.3446868930237046,1.592708044297002,35.675000000000004,35.2,36.2,294.415,34.2,1.5067738463404001,0.1755314904214282,27.685714285714287,5.050000000000001,8.085714285714285,10.1,12.100000000000001,2.1,3.31
2019-03-23,3.021984538112788,1.5905181779540989,35.224999999999994,35.2,35.8,252.9,34.4,1.5348484917551113,0.15855938510313475,27.97857142857143,4.949999999999999,8.242857142857144,9.0,14.200000000000003,1.9,3.56
2019-03-24,4.131200429571337,1.9672382997958748,36.475,35.7,37.6,288.5,35.6,1.5573232564522057,0.141540295217043,28.114285714285717,6.25,8.1,10.0,13.700000000000003,2.1,3.56
2019-03-25,5.271992013513536,2.1087968054054143,37.075,35.5,38.0,294.15,35.8,1.6268945073127414,0.12447926388678915,28.37857142857143,6.9,9.114285714285714,10.6,15.5,2.5,4.14
2019-03-26,4.70806451260675,1.9616935469194794,36.325,34.5,36.8,294.25,35.0,1.7057196679445532,0.10738134666416309,28.400000000000002,6.449999999999999,9.385714285714286,10.7,14.0,2.4,3.41
2019-03-27,4.310824629788084,2.052773633232421,37.625,36.0,38.4,296.40000000000003,35.8,1.7603934003348916,0.09025161003104117,28.364285714285717,6.5,9.428571428571429,10.4,15.0,2.1,5.58
2019-03-28,4.381265478261347,2.577214987212557,37.775,36.5,38.8,327.0,36.4,1.8254635662318077,0.07309512989807777,28.385714285714283,8.25,9.485714285714286,10.9,13.0,1.7,4.7
2019-03-29,5.245919177562134,2.7610100934537547,37.675,36.7,38.8,292.68,36.2,1.978706213545264,0.055916990100603484,28.55,8.8,10.242857142857144,10.8,19.200000000000003,1.9,5.1
2019-03-30,5.041224479046664,2.6532760416035077,37.525000000000006,36.5,38.6,299.45,36.2,2.145606506281943,0.03872228089217446,28.25714285714286,8.75,10.342857142857143,10.6,16.5,1.9,5.19
2019-03-31,5.0536510818646825,2.659816358876149,40.525,36.8,48.4,309.22999999999996,36.4,2.2974290582318586,0.021516097436222254,28.27857142857143,8.25,10.571428571428571,10.7,15.799999999999997,1.9,4.88
2019-04-01,4.593373033078386,2.087896833217448,38.325,36.5,39.0,327.75,36.8,2.3963687809576117,0.004303538296244289,28.285714285714285,6.65,10.671428571428573,11.4,15.5,2.2,5.51
2019-04-02,3.4518738897206354,1.6437494712955405,37.425,36.0,38.4,287.1,36.8,2.393383070645045,-0.01291029607500882,28.428571428571427,5.15,10.785714285714286,9.9,14.0,2.1,5.33
2019-04-03,4.766947120112319,1.9862279667134664,37.525,36.1,38.2,293.28000000000003,36.6,2.347962488413054,-0.030120304846908114,28.642857142857142,6.25,10.671428571428573,10.4,15.8,2.4,5.75
2019-04-04,5.326163711630131,2.219234879845888,38.225,36.5,38.8,320.25,37.4,2.338455964624632,-0.04732138832243185,28.6,6.85,10.671428571428573,10.5,12.0,2.4,4.53
2019-04-05,5.282803026508025,2.2968708810904457,38.35,37.0,40.0,310.0,37.3,2.2873159492865365,-0.06450844944931623,28.671428571428574,7.0,10.614285714285714,10.0,12.0,2.3,5.64
2019-04-06,5.468904052143466,2.4858654782470295,38.025,37.0,38.0,323.3,37.4,2.2210103475203495,-0.08167639533042241,29.22857142857143,7.75,10.5,10.6,13.0,2.2,4.45
2019-04-07,5.338330712032183,2.321013353057471,38.425,37.0,39.6,303.8,37.6,2.1970945527551384,-0.09882013873287143,29.550000000000004,7.0,10.5,9.8,12.0,2.3,4.65
2019-04-08,5.956607118862573,2.2910027380240665,39.275,38.1,41.0,272.19,38.0,2.14869412335247,-0.11593459959550041,29.85,7.0,10.37142857142857,8.6,12.900000000000002,2.6,6.29
2019-04-09,3.5935230574669443,1.6334195715758837,38.099999999999994,36.7,39.0,270.57,37.8,2.1777092526105584,-0.1330147065341959,30.264285714285716,5.25,9.971428571428572,8.7,11.200000000000003,2.2,5.24
2019-04-10,4.406278654274912,2.0028539337613234,38.475,37.3,39.6,275.90000000000003,37.8,2.1762335526506074,-0.1500553983446526,30.564285714285717,6.200000000000001,9.799999999999999,8.9,12.599999999999998,2.2,5.17
2019-04-11,1.6011811439658676,0.8895450799810376,33.525,37.5,34.0,219.6,36.4,2.178608690800301,-0.16705162550211924,30.964285714285715,3.0,9.585714285714285,7.2,14.0,1.8,4.9
2019-04-12,4.44447706691913,2.0202168485996044,36.275,37.0,37.4,298.275,35.8,1.9886530051053224,-0.18399835165768005,30.964285714285715,6.25,9.114285714285714,9.7,12.5,2.2,4.88
2019-04-13,5.0880799688479925,2.035231987539197,35.725,36.0,36.8,299.475,35.2,1.9491310004637736,-0.20089055513063506,30.928571428571427,6.4,9.071428571428571,9.9,11.5,2.5,4.52
2019-04-14,4.283976158658549,1.9472618902993406,37.275000000000006,36.0,38.2,307.125,36.0,1.8847547875055122,-0.21772323039653177,30.892857142857142,6.0,8.971428571428572,10.5,13.5,2.2,3.71
2019-04-15,3.796922410896032,1.72587382313456,36.675,36.7,38.2,312.605,35.8,1.8313617213972075,-0.23449138957040985,30.642857142857142,5.25,9.071428571428571,10.3,12.700000000000003,2.2,4.9
2019-04-16,1.8952892466985638,0.8614951121357107,33.775,36.0,34.2,156.0,34.8,1.7506290192701355,-0.25119006388481935,30.45714285714286,2.9000000000000004,9.314285714285715,5.2,12.0,2.2,3.87
2019-04-17,0.8810981910905551,0.4637358900476606,31.875,35.1,32.2,202.17000000000002,34.4,1.6403540964929675,-0.2678143051621742,30.3,1.5500000000000007,8.814285714285715,6.9,11.600000000000001,1.9,3.4
2019-04-18,2.699998611046976,1.5882344770864565,34.225,35.5,34.8,286.15,33.6,1.4204800902481587,-0.2843591872810034,30.057142857142857,4.950000000000001,8.528571428571428,9.7,12.0,1.7,3.92
2019-04-19,4.004860135325256,2.002430067662628,34.825,36.5,35.6,323.67499999999995,34.2,1.5202928612632187,-0.30081980763566735,29.914285714285715,6.0,8.885714285714286,10.7,12.5,2.0,4.36
2019-04-20,3.8099551093098354,1.656502221439059,35.324999999999996,36.0,36.4,309.0,34.6,1.5177518925579363,-0.3171912885891061,29.842857142857145,5.1,9.028571428571428,10.3,12.0,2.3,4.34
2019-04-21,2.295033954840425,1.4343962217752657,35.275000000000006,35.5,36.0,276.0,34.6,1.4636476402579164,-0.3334687789181868,29.807142857142857,4.5,9.085714285714285,9.2,11.0,1.6,4.14
2019-04-22,2.752259121785996,1.7201619511162474,34.825,35.7,35.4,311.06000000000006,34.4,1.3903811161830488,-0.3496474552512284,29.914285714285715,5.4,8.9,10.3,11.000000000000004,1.6,4.81
2019-04-23,2.3715348404189474,1.317519355788304,34.225,35.5,34.8,255.0,34.0,1.3895651344661466,-0.36572252349726897,29.892857142857142,4.200000000000001,8.9,8.5,11.0,1.8,5.01
2019-04-24,3.1179375314076396,1.7321875174486887,34.875,36.0,35.6,304.515,34.2,1.4547114549879459,-0.3816892202666588,29.892857142857142,5.200000000000001,9.37142857142857,10.1,11.7,1.8,4.65
2019-04-25,0.9696113475598642,0.6060070922249151,33.175,35.2,33.4,178.8,33.6,1.6359188303309498,-0.39754281428255595,30.014285714285712,1.9499999999999993,9.828571428571427,6.0,10.800000000000004,1.6,3.96
2019-04-26,1.1093732337716657,1.1093732337716657,32.675,33.7,32.0,75.01,32.4,1.4956006324935867,-0.4132786077829042,30.057142857142853,3.6500000000000004,9.299999999999999,2.6,9.700000000000003,1.0,3.0
2019-04-27,1.6330913115922778,1.2562240858402136,32.875,33.5,32.8,0.0,32.2,1.3680210847948777,-0.4288919379124835,29.857142857142858,4.0,8.142857142857142,0.0,8.5,1.3,2.26
2019-04-28,2.3729790714105228,1.2489363533739595,33.824999999999996,35.3,34.4,158.47,33.4,1.3108384939950428,-0.4443781781046132,29.75,4.0,6.671428571428572,5.3,10.799999999999997,1.9,3.89
2019-04-29,3.619414904319415,1.508089543466423,33.975,34.5,34.6,126.42000000000002,33.4,1.2843442270805705,-0.45973273945210397,29.735714285714284,4.799999999999999,6.114285714285714,4.2,8.8,2.4,3.4
2019-04-30,3.7373361251741475,1.167917539116921,32.675000000000004,34.1,33.0,110.01,32.6,1.2540481688448815,-0.47495107206704995,29.72142857142857,3.9000000000000004,5.242857142857143,3.8,10.3,3.2,4.72
2019-05-01,7.198393429885643,1.7557057146062545,34.275,36.0,34.8,267.0,33.4,1.2326764807489694,-0.4900286664290592,29.571428571428573,5.449999999999999,4.571428571428571,8.9,12.0,4.1,5.32
2019-05-02,5.743883356249929,1.8528655987902998,34.775,36.4,36.0,266.64,34.0,1.2360362232000504,-0.5049610547215204,29.55,6.0,4.3999999999999995,8.8,12.2,3.1,4.6
2019-05-03,5.158020343853893,1.9838539784053437,35.275,36.5,36.6,200.665,34.8,1.4141588669951053,-0.5197438121555155,29.621428571428574,6.0,4.8,6.7,13.100000000000001,2.6,5.2
2019-05-04,5.602883499436281,2.436036304102731,27.724999999999998,36.5,37.8,293.51,35.6,1.5390846876570592,-0.5343725582809786,29.77857142857143,7.1,5.385714285714286,9.8,13.100000000000001,2.3,5.6
2019-05-05,1.807753732592768,1.6434124841752435,35.125,36.5,36.2,235.17,34.2,1.7076292902659904,-0.548842958284719,29.878571428571426,5.25,6.785714285714286,7.8,12.7,1.1,4.5
2019-05-06,3.57003199357314,2.38002132904876,36.425,37.5,37.8,317.625,35.6,1.7639830232376024,-0.5631507242749186,29.914285714285715,6.1,7.142857142857144,10.5,14.5,1.5,4.92
2019-05-07,5.536193048441077,2.3067471035171154,37.175,36.5,38.4,336.3,36.2,1.888544706892222,-0.5772916165517272,29.935714285714283,7.1,8.042857142857143,11.4,14.0,2.4,5.51
2019-05-08,5.696206400008835,2.1908486153880133,37.475,36.7,38.8,311.37,36.4,2.0512346446636784,-0.5912614448635781,30.014285714285712,6.600000000000001,9.128571428571428,10.7,15.200000000000003,2.6,5.17
2019-05-09,5.2743196728425294,2.7759577225487,37.824999999999996,37.7,39.0,302.64000000000004,36.6,2.1133979162039296,-0.6050560696488488,29.885714285714283,8.600000000000001,9.385714285714286,10.4,17.200000000000003,1.9,5.35
2019-05-10,4.079863832509976,2.039931916254988,38.675,38.0,39.8,316.2,37.6,2.2452682195979867,-0.6186714032625031,29.714285714285715,6.0,9.614285714285716,10.2,14.0,2.0,5.17
2019-05-11,3.042633277771163,1.7897842810418605,38.525,37.4,40.0,248.67,37.6,2.253279353576507,-0.6321034111873487,29.864285714285717,5.449999999999999,10.114285714285714,8.1,13.399999999999999,1.7,5.42
2019-05-12,5.266468007432658,2.3938490942875714,38.675,37.0,39.8,325.95,37.8,2.160957635996383,-0.6453481132295501,29.97142857142857,7.1,9.871428571428572,10.6,12.5,2.2,4.46
2019-05-13,4.24196482645769,2.3566471258098276,39.075,37.3,40.2,281.32500000000005,38.2,2.2681628660124296,-0.6584015846980488,30.057142857142857,7.15,10.271428571428572,9.3,14.099999999999998,1.8,5.36
2019-05-14,7.107556346836712,2.9614818111819634,39.325,37.2,40.4,330.48,38.4,2.264823694121154,-0.6712599575675313,30.057142857142857,6.9,10.1,10.8,13.200000000000003,2.4,5.55
2019-05-15,4.786803965886774,2.2794304599460826,39.825,38.0,41.2,324.45000000000005,38.4,2.3583572237875607,-0.6839194216246106,30.214285714285715,7.000000000000002,10.014285714285714,10.3,13.0,2.1,5.48
2019-05-16,3.2867955341482,2.1911970227654667,36.625,37.4,37.4,263.075,36.0,2.371011773010142,-0.6963762255968722,30.557142857142853,6.699999999999999,9.957142857142857,8.5,12.899999999999999,1.5,4.25
2019-05-17,2.55428823222698,1.5964301451418623,36.875,32.5,38.2,243.81,36.0,2.287474530183966,-0.7086266782644596,30.821428571428573,4.9,9.685714285714285,8.6,8.3,1.6,3.8
2019-05-18,3.294787282330358,1.5689463249192181,35.675,36.8,36.2,290.4,34.6,2.2241171343106623,-0.7206671495538609,30.442857142857143,5.0,9.457142857142857,9.6,13.099999999999998,2.1,5.44
2019-05-19,3.401191970324562,2.000701159014448,35.825,36.0,36.6,306.0,35.2,2.1925688548645703,-0.7324940716135789,30.37857142857143,6.100000000000001,9.671428571428573,10.2,12.0,1.7,4.58
2019-05-20,4.918584742764922,2.235720337620419,36.825,37.0,38.2,344.09999999999997,36.0,2.136404864111267,-0.7441039398713607,30.271428571428572,6.65,9.614285714285714,11.1,12.0,2.2,4.47
2019-05-21,2.7076309803060656,1.3538154901530328,36.875,36.9,38.2,264.87999999999994,36.6,2.1191296086556375,-0.7554933140726803,30.37857142857143,4.5,9.871428571428572,8.6,12.2,2.0,5.14
2019-05-22,2.4342243884704287,1.5213902427940178,37.925,36.5,39.4,259.25,37.4,1.8894629913657899,-0.766658819300159,30.407142857142862,4.75,9.557142857142859,8.5,12.0,1.6,4.92
2019-05-23,2.3414211288915743,1.232326909942934,38.225,36.3,39.6,232.925,37.8,1.7811715317726375,-0.7775971469736269,30.264285714285716,4.0,9.299999999999999,7.7,12.099999999999998,1.9,4.21
2019-05-24,4.448902422228507,2.02222837374023,38.175,35.8,39.4,330.48,37.4,1.6441900870837043,-0.7883050558305255,30.16428571428571,6.100000000000001,9.185714285714285,10.8,10.399999999999999,2.2,5.64
2019-05-25,6.247180899615629,2.313770703561344,39.175,37.2,40.4,310.59000000000003,38.0,1.7050184054549002,-0.7987793728863649,30.485714285714288,6.949999999999999,9.5,10.2,13.500000000000004,2.7,6.36
2019-05-26,4.143350807720926,2.3018615598449585,39.625,37.5,41.0,346.875,38.2,1.8114218881180608,-0.8090169943749473,30.514285714285712,7.0,9.585714285714285,11.1,12.5,1.8,5.93
2019-05-27,4.687435946641447,2.4670715508639196,39.775,37.5,41.4,346.075,38.6,1.8544448025224196,-0.8190148866680801,30.692857142857143,7.35,9.714285714285714,10.9,11.5,1.9,5.56
2019-05-28,3.3289205493961473,1.6644602746980737,39.725,38.2,41.0,353.1,39.0,1.8874949758429196,-0.8287700871745038,30.8,5.100000000000001,9.685714285714285,11.0,12.200000000000003,2.0,5.26
2019-05-29,6.068951337697054,2.2477597547026122,40.125,38.4,41.2,308.21000000000004,39.4,1.931872802206497,-0.8382797052177744,30.98571428571429,6.449999999999999,10.028571428571428,9.8,13.899999999999999,2.7,6.07
2019-05-30,5.039890862169351,2.9646416836290297,40.175000000000004,38.5,41.2,298.45,39.2,2.035639875336296,-0.8475409228928311,31.121428571428574,8.7,10.214285714285714,9.4,13.5,1.7,4.56
2019-05-31,3.533151801847604,2.3554345345650693,39.075,37.7,40.2,183.78500000000003,38.4,2.2831134144343097,-0.8565509959010036,31.33571428571429,7.0,10.457142857142857,5.9,13.100000000000001,1.5,4.79
2019-06-01,3.7096992285643298,2.182176016802547,37.775000000000006,36.0,38.2,165.0,37.4,2.330714294552144,-0.865307254363206,31.414285714285715,6.85,9.757142857142856,5.5,12.0,1.7,4.39
2019-06-02,5.597423635769727,2.4336624503346638,38.625,37.5,39.4,164.29999999999998,37.6,2.3119150535866018,-0.8738071036110808,31.35,7.5,9.085714285714285,5.3,13.0,2.3,5.11
2019-06-03,4.65406588179797,1.662166386356418,36.375,35.0,36.4,53.550000000000004,36.2,2.330743752227988,-0.8820480249558537,31.314285714285717,5.25,8.257142857142858,1.8,10.5,2.8,4.46
2019-06-04,6.174604455577583,1.9295638923679945,38.675,36.7,39.8,247.86,37.8,2.2157573001554876,-0.8900275764346767,31.028571428571432,6.199999999999999,6.957142857142857,8.1,12.200000000000003,3.2,4.23
2019-06-05,4.532362484744063,1.743216340286178,37.675,36.5,38.4,198.66,37.6,2.253629245536905,-0.8977433935342337,30.814285714285717,5.650000000000002,6.542857142857144,6.6,12.8,2.6,4.3
2019-06-06,4.82347113604852,1.9293884544194078,38.675,36.5,39.6,269.28000000000003,38.2,2.181551614905986,-0.9051931898913974,30.62142857142857,5.85,6.085714285714286,8.8,11.8,2.5,5.51
2019-06-07,5.953204292272892,2.1261443900974615,38.525,36.7,39.2,284.58000000000004,37.8,2.0336582964474683,-0.9123747579707273,30.457142857142856,6.75,6.0,9.3,12.200000000000003,2.8,4.97
2019-06-08,8.986336163406214,2.3041887598477473,38.725,36.3,39.6,230.23,38.2,2.000902561523524,-0.9192859697186104,30.37857142857143,7.25,6.485714285714286,7.7,12.799999999999997,3.9,4.59
2019-06-09,9.173298425086458,2.4792698446179613,39.025,37.6,40.0,267.32500000000005,38.4,2.0183329533871244,-0.9259247771938498,30.364285714285717,7.699999999999999,6.8,8.5,12.3,3.7,4.99
2019-06-10,5.546991591532002,2.054441330197038,37.025,35.2,37.2,56.24,36.8,2.0248482954275953,-0.9322892131745133,30.428571428571427,2.3500000000000014,7.257142857142857,1.9,11.200000000000003,2.7,5.8
2019-06-11,13.421871173225448,2.164817931165395,38.225,36.0,39.0,332.75,37.6,2.0808875731191128,-0.9383773917408641,30.407142857142855,6.75,7.271428571428572,11.0,11.5,6.2,6.6
2019-06-12,17.658379707842368,2.487095733498925,38.300000000000004,35.5,39.2,307.44,37.6,2.114495292947313,-0.9441875088341993,30.357142857142858,8.100000000000001,7.685714285714286,10.08,10.0,7.1,7.5
2019-06-13,14.783548699187604,2.2743921075673237,38.875,34.8,39.0,298.279,37.6,2.2207637776919906,-0.9497178427914316,30.414285714285715,7.25,8.182857142857143,10.06,10.299999999999997,6.5,8.96
2019-06-14,8.600831789504802,2.26337678671179,38.525000000000006,36.0,39.4,322.38000000000005,37.6,2.270050013855979,-0.9549667548552551,30.278571428571432,7.050000000000001,8.362857142857143,10.8,12.3,3.8,5.08
2019-06-15,8.924219869283613,2.348478912969372,39.224999999999994,37.0,40.4,305.91499999999996,38.4,2.28965464194374,-0.9599326896597447,30.17142857142857,7.25,8.577142857142857,10.03,13.0,3.8,6.17
2019-06-16,9.392452087972393,2.6835577394206838,39.975,38.0,41.2,269.7,39.2,2.2959818066754005,-0.9646141756912435,30.25714285714286,7.75,8.91,8.7,14.0,3.5,6.05
2019-06-17,11.135049112813729,2.31980189850286,38.474999999999994,36.2,39.4,334.7605,37.8,2.325165791647218,-0.9690098257244062,30.192857142857143,7.150000000000002,8.93857142857143,11.03,11.700000000000003,4.8,6.49
2019-06-18,16.746145969571856,2.6581184078685487,38.975,36.3,40.2,294.87999999999994,38.2,2.3630744442623355,-0.9731183372332619,30.300000000000004,8.049999999999999,10.242857142857144,9.7,11.799999999999997,6.3,7.12
2019-06-19,18.446214506508664,2.5980583811984035,38.775,36.0,39.8,281.25,38.0,2.433545940934215,-0.9769384927771817,30.321428571428573,8.1,10.057142857142855,9.0,9.5,7.1,7.58
2019-06-20,15.536422957800584,2.1282771175069293,38.425,36.0,39.6,262.5,37.8,2.4493977477484257,-0.980469160361632,30.428571428571427,6.850000000000001,9.902857142857142,8.4,9.5,7.3,7.96
2019-06-21,20.089236753939975,2.3359577620860437,37.925000000000004,35.0,38.6,207.70000000000002,37.0,2.4285241777397983,-0.9837092937736097,30.657142857142855,7.35,9.665714285714285,6.7,8.0,8.6,6.51
2019-06-22,15.419612841755637,1.951849726804511,39.275000000000006,35.0,38.6,260.15,37.6,2.438892888507549,-0.986657932891657,30.821428571428573,6.35,9.08,8.6,9.5,7.9,7.01
2019-06-23,14.223197368425732,2.5398566729331664,38.725,36.0,39.8,309.0,38.0,2.382231576198283,-0.9893142039703663,30.785714285714285,7.850000000000001,8.875714285714285,10.3,12.0,5.6,7.66
2019-06-24,12.582549477049817,2.735336842836917,38.925,36.7,40.0,330.48,38.0,2.3617028524143513,-0.99167731989929,30.642857142857142,8.350000000000001,9.104285714285714,10.8,12.200000000000003,4.6,7.19
2019-06-25,5.526273061269045,1.7269603316465765,37.875,35.0,38.6,117.0,37.4,2.421064987319217,-0.993746580436178,30.678571428571427,5.500000000000002,9.071428571428571,4.0,11.5,3.2,6.18
2019-06-26,5.884609480116513,1.9615364933721708,37.575,35.5,38.2,146.25,36.8,2.2880424050017925,-0.9955213724144752,30.514285714285716,6.25,8.257142857142856,5.0,12.5,3.0,6.49
2019-06-27,10.852017379429066,2.583813661768825,38.675,37.0,40.0,334.32,37.6,2.197110706740902,-0.9970011699250151,30.22857142857143,8.0,7.685714285714285,11.2,14.3,4.2,7.01
2019-06-28,14.113036325754928,2.7672620246578292,38.875,36.5,40.0,272.02500000000003,37.8,2.262187355921173,-0.9981855344718586,30.028571428571432,8.850000000000001,8.085714285714285,9.3,14.5,5.1,7.5
2019-06-29,17.921614711665878,2.800252298697793,38.724999999999994,36.7,40.0,271.48,37.6,2.323802250574285,-0.99907411510223,29.778571428571432,8.8,8.457142857142857,8.8,11.700000000000003,6.4,7.63
2019-06-30,12.584212032086537,2.420040775401257,37.725,35.0,38.6,266.79999999999995,37.2,2.4450026179876114,-0.9996666485105112,29.864285714285717,7.800000000000001,8.485714285714286,9.2,12.0,5.2,6.6
2019-07-01,10.082780246277329,2.291540965063029,38.625,36.8,39.8,254.14999999999998,37.6,2.4278860611973383,-0.9999629591162655,29.72142857142857,7.75,8.328571428571427,8.5,13.799999999999997,4.4,7.77
2019-07-02,8.933254606867921,2.1269653825876,38.425,36.0,39.6,262.55,37.6,2.364486650086783,-0.9999629591162655,29.62142857142857,6.9,8.0,8.9,13.0,4.2,6.22
2019-07-03,11.312622637044782,2.6308424737313447,38.475,36.8,40.0,320.22,37.4,2.4216302287926434,-0.9996666485105112,29.657142857142862,8.0,8.700000000000001,10.8,14.299999999999997,4.3,6.42
2019-07-04,11.44163163183756,2.542584807075013,39.075,37.5,40.4,338.58000000000004,37.4,2.517245368843954,-0.99907411510223,29.714285714285715,7.75,9.528571428571428,10.8,12.3,4.5,5.98
2019-07-05,10.730146691713788,2.5547968313604255,39.075,37.5,40.0,319.77,38.4,2.5113555324591235,-0.9981855344718586,29.928571428571427,7.9,9.471428571428572,10.2,12.3,4.2,5.93
2019-07-06,10.985549759860422,2.4967158545137322,39.325,36.0,39.0,266.175,37.6,2.481003361988066,-0.9970011699250151,30.228571428571428,7.800000000000001,9.6,9.1,13.5,4.4,5.93
2019-07-07,10.053257174423964,2.393632660577134,38.625,36.7,39.6,248.64000000000001,37.6,2.4376410128189145,-0.9955213724144752,30.0,7.5,9.642857142857142,8.4,14.200000000000003,4.2,4.88
2019-07-08,11.7484816604357,3.012431194983513,39.625,37.7,40.8,351.69000000000005,38.4,2.433868424986897,-0.9937465804361781,30.085714285714285,9.05,9.528571428571428,11.4,13.700000000000003,3.9,4.65
2019-07-09,3.6551817346683535,1.6614462430310697,39.074999999999996,37.4,40.4,259.71999999999997,38.6,2.5368527435469663,-0.99167731989929,30.22142857142857,5.5,9.942857142857141,8.6,14.399999999999999,2.2,6.13
2019-07-10,5.238192319196247,1.746064106398749,36.925,36.0,38.0,272.25,37.0,2.470350009324605,-0.9893142039703664,30.321428571428573,5.6,9.9,9.0,11.5,3.0,6.76
2019-07-11,4.7611654448154805,2.267221640388324,37.225,37.0,38.2,338.55,36.8,2.3439530997056623,-0.9866579328916572,30.407142857142862,6.850000000000001,9.642857142857142,11.1,13.0,2.1,7.4
2019-07-12,6.3596732433256875,2.3554345345650693,38.875,37.8,40.2,279.3,38.6,2.3046155044647065,-0.9837092937736098,30.285714285714285,7.0,9.685714285714285,9.5,16.799999999999997,2.7,5.23
2019-07-13,2.7989220437530844,1.6464247316194616,33.725,33.5,33.6,204.60999999999999,33.8,2.2761351763510844,-0.9804691603616321,30.00714285714286,5.25,9.585714285714285,7.4,11.7,1.7,3.29
2019-07-14,4.426017621024373,1.8441740087601557,35.675,35.7,36.8,272.13000000000005,35.2,2.154665015937617,-0.9769384927771817,29.77857142857143,5.75,9.342857142857143,9.4,13.500000000000004,2.4,5.17
2019-07-15,5.826363519650033,1.664675291328581,35.525,35.2,36.6,236.57,35.8,2.076170922820906,-0.973118337233262,29.685714285714287,5.5,9.485714285714286,8.2,12.700000000000003,3.5,3.79
2019-07-16,6.678273808931966,2.3850977889042735,36.125,36.0,37.6,315.0,35.8,1.8836343651559158,-0.9690098257244063,29.4,7.5,9.028571428571428,10.5,12.0,2.8,5.24
2019-07-17,7.623751442994681,1.8151789149987336,36.025,35.0,37.2,190.125,35.8,1.9870131574235164,-0.9646141756912435,29.37142857142857,5.5,9.299999999999999,6.5,11.5,4.2,6.67
2019-07-18,18.83474202213926,1.7937849544894533,36.225,34.5,37.4,339.0,35.8,1.9968867015092286,-0.9599326896597445,29.228571428571428,5.75,8.942857142857143,11.3,9.0,10.5,5.08
2019-07-19,18.11082025894958,1.8480428835662834,35.725,33.5,36.0,244.85000000000002,35.8,1.9292528892379612,-0.9549667548552553,29.157142857142855,6.25,8.971428571428572,8.3,8.0,9.8,5.58
2019-07-20,19.73309400971261,1.973309400971261,35.275,33.5,35.8,143.28,35.6,1.8567683676667062,-0.9497178427914317,29.17142857142857,6.25,8.8,4.8,7.300000000000001,10.0,6.54
2019-07-21,9.210748771409706,1.7378771266810766,34.875,33.5,35.4,28.75,34.2,1.9034661775741062,-0.9441875088341994,29.485714285714288,5.75,8.428571428571429,1.0,9.5,5.3,5.82
2019-07-22,4.57231088007704,1.385548751538497,36.225,34.0,37.0,66.125,35.2,1.888280908705666,-0.9383773917408642,29.457142857142856,4.6,7.228571428571428,2.3,10.5,3.3,5.44
2019-07-23,7.229845226668955,1.8074613066672387,37.675,35.2,38.8,228.8,36.2,1.8484056887356541,-0.9322892131745134,29.442857142857143,5.65,6.385714285714286,8.0,13.200000000000003,4.0,5.84
2019-07-24,6.061186507679537,2.635298481599799,39.575,37.2,41.0,310.44,37.6,1.7658861912732207,-0.9259247771938499,29.242857142857144,8.35,6.028571428571429,10.4,14.700000000000003,2.3,5.51
2019-07-25,4.787629481594551,2.081578035475892,39.324999999999996,36.5,40.6,321.3,37.8,1.883046129359087,-0.9192859697186105,29.32857142857143,6.650000000000002,6.585714285714286,10.8,13.5,2.3,5.18
2019-07-26,8.801165638730545,1.8335761747355304,37.474999999999994,33.2,38.0,243.41500000000002,36.6,1.9241594266428639,-0.9123747579707274,29.292857142857144,6.4,6.514285714285713,8.9,11.700000000000003,4.8,5.49
2019-07-27,8.816957431033595,2.26075831564964,38.175,35.5,38.6,280.665,36.6,1.9220927539527566,-0.9051931898913975,28.985714285714288,7.15,6.6000000000000005,9.9,14.3,3.9,5.08
2019-07-28,9.524517650458188,2.26774229772814,38.925,35.7,39.8,326.70000000000005,37.2,1.963156884621096,-0.8977433935342336,28.771428571428572,7.25,7.328571428571429,10.8,10.900000000000002,4.2,6.8
2019-07-29,9.079037218955376,2.4537938429609123,38.725,35.0,39.6,274.56,37.4,2.0388519090563912,-0.8900275764346766,28.985714285714288,7.75,8.72857142857143,9.6,12.8,3.7,6.65
2019-07-30,5.491659255739321,2.2881913565580505,39.525000000000006,37.0,40.4,336.0,38.2,2.1914583506881646,-0.8820480249558535,28.96428571428572,7.25,9.771428571428572,11.2,14.0,2.4,6.27
2019-07-31,4.888049894309192,2.0366874559621633,39.625,36.2,40.8,213.12,38.4,2.260134072101138,-0.8738071036110807,29.164285714285715,6.449999999999999,10.228571428571428,7.2,13.200000000000003,2.4,5.6
2019-08-01,8.030950507283523,2.3620442668480948,40.775,37.0,42.0,327.78000000000003,38.8,2.174618211295761,-0.8653072543632061,29.12857142857143,8.15,9.771428571428572,10.8,13.3,3.4,6.13
2019-08-02,5.398353871152898,1.7994512903842994,38.325,35.7,39.0,165.87,37.6,2.2146848157775048,-0.8565509959010037,29.214285714285715,6.049999999999999,9.771428571428572,5.7,13.200000000000003,3.0,4.9
2019-08-03,8.816262577559664,2.38277366961072,39.925,36.8,40.8,314.82,38.2,2.209809832298757,-0.8475409228928312,29.464285714285715,8.100000000000001,9.314285714285715,10.8,15.299999999999997,3.7,6.29
2019-08-04,7.2426202429342625,2.263318825916957,39.025,36.2,39.8,285.18,37.8,2.2272405971503404,-0.8382797052177745,29.57857142857143,8.100000000000001,9.442857142857141,9.8,14.200000000000003,3.2,5.84
2019-08-05,13.005766439874506,2.3224582928347335,39.525,35.8,40.4,260.92,38.2,2.2266086726058854,-0.828770087174504,29.414285714285715,7.800000000000001,9.3,8.8,12.299999999999997,5.6,6.74
2019-08-06,12.199440395274548,2.4896817133213363,40.175,36.0,40.8,319.0,38.2,2.2078464511592886,-0.8190148866680802,29.564285714285713,8.1,9.185714285714287,11.0,14.0,4.9,5.15
2019-08-07,7.4992786919597165,1.4704468023450425,37.575,34.7,38.2,151.58,36.8,2.2366307878397578,-0.8090169943749472,29.42142857142857,4.6,9.157142857142857,5.3,12.200000000000003,5.1,5.98
2019-08-08,7.846182067686538,1.2454257250296092,34.425,32.0,34.6,141.75,34.0,2.1557392658944545,-0.7987793728863648,29.27857142857143,3.9499999999999993,8.885714285714286,5.0,7.300000000000001,6.3,5.95
2019-08-09,11.050457979592622,1.6743118150897913,34.475,32.0,34.8,106.02,34.2,1.9962223313489569,-0.7883050558305253,28.992857142857144,4.799999999999999,8.057142857142857,3.8,8.2,6.6,5.32
2019-08-10,5.909722394157953,1.84678824817436,35.675,34.6,36.6,203.66000000000003,35.6,1.9783452634497414,-0.7775971469736268,28.821428571428573,5.549999999999999,7.785714285714286,6.8,9.3,3.2,5.96
2019-08-11,14.630606308656612,2.004192645021454,37.724999999999994,35.5,39.0,245.02499999999998,36.6,1.901775917530261,-0.7666588193001592,28.935714285714287,6.5,7.214285714285714,8.1,10.5,7.3,6.71
2019-08-12,7.576850361194983,1.6120958215308474,35.375,30.5,36.6,182.85000000000002,35.4,1.8647578916880467,-0.7554933140726804,29.1,4.5,6.971428571428572,6.9,8.0,4.7,5.01
2019-08-13,7.9897636936198655,1.6305640191060948,37.675000000000004,36.0,39.2,278.29999999999995,37.0,1.7632775386446344,-0.7441039398713608,28.650000000000002,5.549999999999999,6.7,9.2,11.5,4.9,5.68
2019-08-14,12.413245223779843,2.0688742039633072,37.824999999999996,35.0,38.8,236.0,36.2,1.6405464394710287,-0.7324940716135792,28.82857142857143,6.75,6.442857142857143,8.0,11.0,6.0,6.34
2019-08-15,10.785517682276204,2.3967817071724897,38.875,35.5,40.0,256.65,37.0,1.7260360682736378,-0.7206671495538615,28.95714285714286,7.75,6.828571428571429,8.7,12.0,4.5,5.62
2019-08-16,5.345320821244835,1.527234520355667,38.574999999999996,36.2,39.8,201.95000000000002,37.6,1.8905154942940492,-0.70862667826446,29.12142857142857,5.199999999999999,7.357142857142857,7.0,14.700000000000003,3.5,5.06
2019-08-17,1.6414122725454683,0.7816248916883182,32.425,31.0,32.0,13.25,32.2,1.8695044521891744,-0.6963762255968726,29.25714285714286,2.5999999999999996,7.814285714285714,0.5,9.0,2.1,3.47
2019-08-18,1.7280489000975194,0.6171603214633998,32.625,35.0,34.0,201.25,34.0,1.717338258405454,-0.6839194216246105,28.764285714285712,2.25,6.914285714285714,7.0,12.5,2.8,4.28
2019-08-19,2.845964803919635,1.4978762125892815,34.875,35.2,35.8,248.82,34.6,1.5191907836114462,-0.6712599575675315,28.55,4.85,6.757142857142857,8.7,13.200000000000003,1.9,4.2
2019-08-20,4.683905204844282,1.873562081937713,35.475,35.6,36.4,302.12,34.4,1.5028736966197942,-0.6584015846980489,28.849999999999998,5.9,7.014285714285714,10.4,13.100000000000001,2.5,5.48
2019-08-21,8.365544687631044,1.7799031250278814,35.575,34.0,36.6,310.65000000000003,34.8,1.5375877055957392,-0.64534811322955,28.678571428571427,5.75,7.185714285714285,10.9,11.0,4.7,5.15
2019-08-22,6.3788254106803315,1.3571968958894323,32.925000000000004,32.2,32.2,133.0,33.0,1.4963061228906784,-0.6321034111873488,28.535714285714285,4.75,7.6,5.0,11.200000000000003,4.7,4.16
2019-08-23,6.224174376218942,1.6379406253207742,32.275,31.2,32.0,19.145,32.0,1.3477940069930991,-0.6186714032625032,28.12142857142857,5.6,7.071428571428571,0.7,7.699999999999999,3.8,3.62
2019-08-24,7.048746952254185,1.9579852645150515,34.325,34.5,34.8,153.7,33.4,1.3636091648452573,-0.6050560696488494,27.907142857142862,6.5,6.171428571428572,5.3,11.0,3.6,3.81
2019-08-25,7.365663084411889,1.6368140187581974,34.125,34.0,34.6,177.975,33.4,1.5316606466776477,-0.5912614448635782,28.264285714285716,5.5,6.857142857142857,6.3,11.5,4.5,5.76
2019-08-26,6.188870002615946,1.7191305562822072,33.975,33.5,34.4,70.625,33.4,1.6773254605769046,-0.5772916165517278,28.192857142857147,5.9,6.757142857142858,2.5,10.5,3.6,4.02
2019-08-27,3.8765210363342133,1.336731391839384,34.525,34.0,35.0,176.4,33.6,1.7089332239616082,-0.5631507242749187,28.142857142857142,4.35,5.871428571428572,6.3,12.0,2.9,5.26
2019-08-28,6.5642667544247155,1.9306666924778575,35.125,34.5,35.6,229.59999999999997,33.8,1.6322431253761327,-0.5488429582847199,27.99285714285714,6.199999999999999,5.285714285714286,8.2,13.0,3.4,5.93
2019-08-29,14.022145863449493,2.261636429588628,36.074999999999996,36.0,36.8,329.18,34.6,1.6537807778689864,-0.5343725582809785,27.92142857142857,7.25,4.8999999999999995,10.9,11.600000000000001,6.2,6.02
2019-08-30,14.87332251018426,2.1872533103212146,36.175,34.5,36.8,243.60000000000002,35.0,1.7829864255402998,-0.5197438121555157,28.435714285714287,7.25,5.742857142857143,8.4,11.0,6.8,7.25
2019-08-31,13.222705842705324,2.4041283350373317,36.425,35.5,37.8,302.09999999999997,34.6,1.8614596662546485,-0.5049610547215202,28.67142857142857,7.75,6.8428571428571425,10.6,14.0,5.5,7.25
2019-09-01,6.958238170565372,1.6971312611135057,36.125,36.5,36.8,281.29999999999995,35.2,1.9251943906149744,-0.4900286664290594,28.599999999999998,5.5,7.6000000000000005,9.7,15.0,4.1,5.9
2019-09-02,8.673201087300887,2.017023508674625,34.025000000000006,35.4,27.0,292.73999999999995,35.6,1.9338111395228754,-0.4749510720670502,28.707142857142856,6.5,8.085714285714285,10.2,13.399999999999999,4.3,6.47
2019-09-03,9.059171083897644,2.1569454961661054,36.875,35.7,37.6,313.04,35.8,1.9763672755789352,-0.4597327394521046,28.77142857142857,6.75,9.185714285714285,10.4,11.200000000000003,4.2,6.67
2019-09-04,9.792608813656473,2.1761352919236607,36.275,36.0,36.8,205.89999999999998,35.6,2.0935407190541815,-0.4443781781046134,29.071428571428573,6.950000000000001,9.771428571428572,7.1,14.0,4.5,5.64
2019-09-05,7.523583569462581,1.7913294213006146,36.525,35.0,37.0,230.85,35.6,2.1286076618321528,-0.4288919379124841,29.214285714285715,6.0,9.614285714285714,8.1,13.0,4.2,5.12
2019-09-06,9.87988941570856,1.8296091510571406,37.725,35.0,38.4,279.3,36.4,2.061420946362437,-0.41327860778290443,28.97142857142857,5.9,9.214285714285714,9.8,13.0,5.4,5.73
2019-09-07,17.84773199641874,2.74580492252596,38.825,36.2,39.8,321.3,36.8,2.0103289236104263,-0.3975428142825566,28.900000000000002,8.75,9.414285714285715,10.8,12.900000000000002,6.5,6.44
2019-09-08,12.437659532280296,3.109414883070074,39.474999999999994,37.0,40.4,303.85,37.6,2.05913986468023,-0.3816892202666586,29.07857142857143,9.15,9.442857142857141,10.3,15.0,4.0,5.65
2019-09-09,7.996448299456767,2.75739596532992,40.0,37.5,41.0,260.15,38.2,2.260894667816883,-0.3657225234972692,29.150000000000002,8.5,9.528571428571428,8.6,14.5,2.9,6.5
2019-09-10,2.574951558079294,1.1704325263996789,37.875,38.6,39.8,266.655,39.0,2.366662161624782,-0.34964745525122826,29.371428571428574,4.0,9.299999999999999,8.7,15.900000000000002,2.2,5.27
2019-09-11,1.8217702680625596,0.9108851340312798,35.625,36.0,36.8,200.10000000000002,36.2,2.2257317373724352,-0.33346877891818705,29.449999999999996,3.25,9.057142857142857,6.9,14.0,2.0,5.28
2019-09-12,2.243949496681343,1.1219747483406715,32.525,33.0,32.0,99.0,33.0,2.044981714816381,-0.31719128858910595,29.449999999999996,3.799999999999999,9.028571428571428,3.6,11.0,2.0,3.79
2019-09-13,2.2563754744437667,0.8678367209399103,34.325,34.7,35.0,154.55,34.2,1.9493596186792463,-0.300819807635668,29.307142857142853,3.0,8.385714285714286,5.5,13.200000000000003,2.6,4.4
2019-09-14,0.663799756229551,0.39047044484091237,33.074999999999996,34.5,33.6,130.425,33.8,1.8119635572339277,-0.2843591872810036,29.25,1.3499999999999996,7.771428571428571,4.7,13.5,1.7,3.51
2019-09-15,3.0971242643607955,1.6300654022951555,34.375,33.6,35.0,175.14,33.8,1.4754872032789208,-0.26781430516217486,28.964285714285715,5.5,6.8999999999999995,6.3,11.600000000000001,1.9,5.82
2019-09-16,6.222856124722183,1.4816324106481387,34.05,34.1,34.8,106.59,33.6,1.264151563168218,-0.25119006388481957,28.721428571428568,5.15,6.328571428571428,3.8,12.100000000000001,4.2,4.61
2019-09-17,10.024703661710726,2.045857890145046,36.325,35.1,37.4,271.68,35.0,1.0818996267851066,-0.23449138957041052,28.407142857142862,6.5,5.642857142857143,9.6,13.600000000000001,4.9,5.24
2019-09-18,5.726650244918685,2.3861042687161187,36.675,36.0,37.4,255.20000000000002,35.6,1.2069603930344448,-0.21772323039653224,28.071428571428573,7.6,5.771428571428572,8.8,14.0,2.4,5.39
2019-09-19,3.048801086943273,1.3858186758833058,35.775,35.0,36.8,186.45,35.8,1.4177059837037074,-0.20089055513063528,28.071428571428573,4.9,6.042857142857143,6.6,13.5,2.2,4.59
2019-09-20,5.816491792587027,1.7107328801726551,36.325,35.5,37.2,182.7,35.0,1.4553979733526552,-0.18399835165767986,28.178571428571427,5.699999999999999,6.471428571428572,6.3,13.0,3.4,5.73
2019-09-21,3.6456614704524304,1.585070204544535,36.724999999999994,36.0,37.8,234.0,36.0,1.5758117103859046,-0.1670516255021195,28.307142857142853,5.0,6.585714285714286,8.0,13.5,2.3,4.72
2019-09-22,1.2960366750731398,0.6171603214633998,33.875,34.3,34.6,153.45,34.2,1.7464688189149935,-0.15005539834465262,28.52142857142857,2.5,7.057142857142857,5.5,12.799999999999997,2.1,3.18
2019-09-23,1.6758398013715112,0.7980189530340529,35.075,34.1,36.2,144.075,34.2,1.6017680930818856,-0.13301470653419636,28.535714285714285,2.8499999999999996,6.942857142857143,5.1,11.700000000000003,2.1,2.57
2019-09-24,1.5985975683141076,1.065731712209405,33.075,32.0,33.2,81.0,32.4,1.5041090277084448,-0.11593459959550066,28.564285714285713,3.5,7.128571428571428,3.0,10.0,1.5,2.96
2019-09-25,1.4253078947712892,0.6787180451291853,31.775,31.5,31.8,91.52499999999999,32.0,1.3640910022890675,-0.09882013873287211,28.37857142857143,2.25,6.185714285714285,3.5,10.7,2.1,2.74
2019-09-26,0.5701841510090273,0.40727439357787665,30.925,31.5,31.0,105.0,31.4,1.1201786846337913,-0.08167639533042288,27.97142857142857,1.5,5.428571428571429,4.0,10.5,1.4,2.19
2019-09-27,1.5194039650056888,1.1687722807736067,31.975,31.5,32.2,83.7,31.4,0.9803866443044443,-0.06450844944931625,27.685714285714287,4.0,5.057142857142857,3.1,9.0,1.3,2.55
2019-09-28,0.844942829225249,0.5280892682657806,31.625,30.0,31.6,48.449999999999996,31.2,0.9029637015331516,-0.04732138832243232,27.400000000000002,1.9000000000000004,4.6000000000000005,1.9,9.0,1.6,2.52
2019-09-29,1.1838410609120973,0.6576894782844984,31.475,31.5,31.6,90.1,31.0,0.751966424921901,-0.03012030484690836,26.864285714285717,2.25,3.7285714285714286,3.4,10.0,1.8,4.27
2019-09-30,2.1755038713269466,0.988865396057703,33.675000000000004,33.3,34.8,212.905,32.6,0.7577563044677723,-0.012910296075008843,26.664285714285715,3.450000000000001,3.4285714285714284,7.9,12.699999999999996,2.2,4.08
2019-10-01,1.1212446273755359,0.8008890195539542,33.275,33.5,33.8,247.5,32.8,0.7850200820425793,0.004303538296243821,26.478571428571428,2.75,3.8285714285714283,9.0,12.0,1.4,4.05
2019-10-02,2.122720540949243,1.179289189416246,33.525,33.0,34.2,228.9,32.4,0.7471854116632292,0.021516097436222233,26.55,3.9000000000000004,4.685714285714285,8.4,11.5,1.8,3.38
2019-10-03,2.0902974565881483,1.3064359103675927,33.474999999999994,34.0,34.2,241.42499999999998,32.6,0.8186955751328094,0.03872228089217399,26.707142857142856,4.35,5.385714285714286,8.7,12.5,1.6,4.14
2019-10-04,2.619366185844983,1.455203436580546,35.425,35.5,36.4,256.5,34.0,0.9471472203884831,0.05591699010060302,26.92142857142857,4.600000000000001,6.057142857142857,9.0,14.0,1.8,3.7
2019-10-05,2.2407395703086057,1.3180821001815328,34.575,33.5,35.8,267.05,34.0,0.9880659569323316,0.07309512989807776,27.135714285714283,4.25,6.8999999999999995,9.8,12.5,1.7,3.14
2019-10-06,1.137626821290648,0.568813410645324,34.525,33.2,35.4,176.15,33.6,1.100922075777439,0.0902516100310407,27.385714285714283,2.0,8.028571428571428,6.5,12.200000000000003,2.0,3.06
2019-10-07,3.217174006726833,1.2868696026907331,34.125,33.5,34.8,251.16,32.8,1.0882254946861283,0.10738134666416306,27.47142857142857,4.300000000000001,8.471428571428572,9.1,11.8,2.5,4.03
2019-10-08,1.6037054743149393,1.1455039102249567,33.675,32.7,34.2,195.84000000000003,32.8,1.1307975242051327,0.12447926388678869,27.564285714285717,3.8499999999999996,8.642857142857142,7.2,11.000000000000004,1.4,3.52
2019-10-09,2.7158764773211823,1.2932745130100867,34.875,34.0,35.6,192.16500000000002,33.6,1.1800282228724188,0.141540295217043,27.521428571428572,4.100000000000001,8.385714285714286,6.9,12.3,2.1,3.0
2019-10-10,2.218069196950325,1.3047465864413677,34.975,33.2,35.6,229.08000000000004,33.6,1.1963118405286817,0.15855938510313475,27.607142857142858,4.4,8.17142857142857,8.3,11.200000000000003,1.7,3.08
2019-10-13,1.3898820551037199,0.8686762844398249,33.574999999999996,33.5,34.8,247.95,32.6,1.055271193781056,0.20931464596304888,27.658333333333335,3.0,7.800000000000001,8.7,10.0,1.6,3.92
2019-10-14,2.0534445484380677,1.2079085579047457,34.325,33.0,35.2,299.25,33.2,1.105248339413473,0.22611568550828803,27.89166666666667,4.0,8.166666666666666,10.5,9.0,1.7,4.05
2019-10-15,1.8905082996031404,1.4542371535408771,31.775,32.5,31.6,138.975,32.0,1.092088165282475,0.2428497220959358,28.041666666666668,4.899999999999999,8.4,5.1,10.5,1.3,4.34
2019-10-16,0.4706015760043588,0.3361439828602563,30.974999999999998,31.0,31.2,98.05000000000001,30.2,1.1435437058351283,0.25951179706979943,28.05,1.25,8.049999999999999,3.7,9.0,1.4,2.55
2019-10-17,1.7277383759790117,0.9598546533216732,33.724999999999994,32.5,34.0,196.005,32.8,0.9840219508101566,0.27609697309746883,27.825,3.200000000000001,7.516666666666667,7.3,11.3,1.8,3.6
2019-10-18,0.8881100959937824,0.8073728145398021,32.275,31.5,32.4,160.5,31.8,0.9265399619568743,0.2926003356333479,27.7,2.75,7.349999999999999,6.0,9.5,1.1,2.01
2019-10-19,0.5011749644842649,0.4176458037368874,30.975,30.2,30.6,73.08,31.2,0.9095160837544354,0.30901699437494723,27.564285714285713,1.5500000000000007,7.157142857142857,2.8,8.2,1.2,0.17
2019-10-20,0.23505183165993873,0.26116870184437635,29.675,30.3,29.2,96.755,30.2,0.8645484643348667,0.3253420847119795,27.207142857142856,1.0,6.3,3.7,8.3,0.9,1.79
2019-10-21,1.6413616776491087,0.6312929529419649,31.424999999999997,32.5,31.6,158.04999999999998,31.4,0.7777616668212312,0.341570769167856,26.87142857142857,2.25,5.585714285714286,5.8,10.5,2.6,2.68
2019-10-22,1.4426827857038962,0.8014904365021646,30.725,31.0,30.4,89.25,30.8,0.6953880089694053,0.35769823883312546,26.692857142857143,2.8499999999999996,4.914285714285714,3.4,9.5,1.8,2.44
2019-10-23,1.1146983009734668,0.6557048829255687,30.775000000000002,33.0,30.8,148.5,31.0,0.602138477963875,0.3737197147904692,26.55,2.1999999999999993,4.671428571428571,5.4,11.0,1.7,2.36
2019-10-24,1.9318419562091862,0.6231748245836084,30.025,28.5,29.6,0.0,29.8,0.6477900351160625,0.38963044953078774,26.692857142857143,2.25,4.914285714285714,0.0,7.0,3.1,2.72
2019-10-25,3.919283694539676,1.2642850627547342,32.324999999999996,32.5,32.6,147.15,31.6,0.5996929167249103,0.4054257283599973,26.428571428571427,4.25,3.8714285714285714,5.4,10.5,3.1,2.26
2019-10-26,0.22546335663123687,0.2818291957890461,29.275,27.0,27.8,0.0,30.0,0.6649660950413292,0.42110087079608916,26.5,1.0999999999999996,3.7857142857142856,0.0,5.5,0.8,0.2
2019-10-27,0.8899068341006986,0.6845437185389989,28.675,27.2,27.8,28.92,28.2,0.6455637224773519,0.4366512319560638,26.235714285714284,2.5,3.385714285714286,1.2,6.199999999999999,1.3,0.47
2019-10-28,0.3271008531279804,0.21806723541865358,28.325000000000003,27.5,27.8,51.135000000000005,28.6,0.7060458677194408,0.45207220393230374,25.942857142857147,0.8499999999999996,3.0285714285714285,2.1,6.300000000000001,1.5,0.69
2019-10-29,1.05447085624252,0.4793049346556909,29.125,28.0,28.8,39.36000000000001,28.2,0.6470136223589679,0.46735921715800205,25.528571428571432,1.6500000000000004,2.5,1.6,6.800000000000001,2.2,1.2
2019-10-30,1.3850917838393262,0.9893512741709474,31.225,31.0,31.8,199.5,30.2,0.6009871220951858,0.48250774176121763,25.292857142857144,3.4000000000000004,2.242857142857143,7.6,9.5,1.4,2.73
2019-10-31,0.9063854252423834,0.5664908907764896,29.775000000000002,29.7,29.8,47.215,29.6,0.648650892273097,0.4975132889071803,25.114285714285717,1.75,2.557142857142857,1.9,9.7,1.6,3.22
2019-11-01,1.7991820667477925,1.3839862051906096,32.675,32.6,33.8,303.05,31.6,0.6405531874435086,0.5123714121284235,25.092857142857145,4.25,2.8285714285714287,11.0,10.100000000000001,1.3,3.6
2019-11-02,1.1010624794087207,0.8469711380067082,30.775,32.5,31.4,162.0,30.8,0.6576533506486337,0.5270777086423724,25.13571428571429,2.6999999999999993,3.6285714285714286,6.0,11.0,1.3,3.56
2019-11-03,0.6439493793677762,0.5854085266979783,30.424999999999997,31.5,30.6,152.25,30.4,0.7383879138225854,0.5416278206559811,25.528571428571432,2.3499999999999996,4.485714285714286,5.8,10.5,1.1,2.57
2019-11-04,0.9902980192235387,0.7617677070950297,31.775,32.2,32.0,264.11000000000007,31.2,0.7242257435595825,0.5560174366570446,25.83571428571429,3.0999999999999996,5.142857142857143,9.8,10.500000000000004,1.3,2.86
2019-11-05,2.6016284901557345,1.4453491611976301,32.625,32.0,33.0,246.1,31.6,0.8018972395133506,0.5702422926917867,26.207142857142856,4.5,6.242857142857143,9.2,10.5,1.8,3.11
2019-11-06,3.3258677974832773,1.330347118993311,32.574999999999996,32.0,33.0,265.815,31.8,0.9399035575907704,0.5842981736283683,26.514285714285712,4.5,7.328571428571428,9.9,10.3,2.5,4.14
2019-11-07,2.6096993269825055,1.5351172511661797,33.425000000000004,33.5,34.0,271.95000000000005,32.2,0.9886172497082509,0.5981809144059158,26.6,5.0,7.6571428571428575,9.8,11.5,1.7,4.05
2019-11-08,1.7097131064500741,1.2212236474643388,33.475,33.7,34.2,202.39000000000001,32.8,1.1269924440496353,0.6118864012687242,27.014285714285716,4.15,8.785714285714286,7.4,12.700000000000003,1.4,1.99
2019-11-09,1.4080390219865442,1.0831069399896494,32.025,32.5,32.4,183.6,32.0,1.1037406500887392,0.6254105729852457,26.985714285714288,3.6500000000000004,8.27142857142857,6.8,11.0,1.3,1.59
2019-11-10,1.5284770077370982,1.5284770077370982,33.925,33.0,34.6,259.2,32.6,1.1374743360863024,0.6387494220515268,26.985714285714288,5.0,8.385714285714284,9.6,12.0,1.0,3.22
2019-11-11,1.2716383366166322,1.1560348514696654,34.125,34.2,34.8,297.995,33.0,1.2721984048061767,0.6518989958787125,27.092857142857145,3.9000000000000004,8.928571428571429,10.7,12.700000000000003,1.1,2.31
2019-11-12,2.0887728740017826,1.2286899258834016,33.574999999999996,33.0,34.0,288.75,32.6,1.3285222825739817,0.6648553979642866,27.22142857142857,4.15,9.057142857142859,10.5,11.0,1.7,3.23
2019-11-13,1.4155322391890452,1.0888709532223424,32.175,31.5,32.2,212.905,31.8,1.2975709632433776,0.6776147890466887,27.32857142857143,3.6500000000000004,9.242857142857144,7.7,7.699999999999999,1.3,2.95
2019-11-14,2.1185270574204687,1.1769594763447049,33.525,32.8,34.2,282.22,32.4,1.2630743681332393,0.690173388242972,27.442857142857143,4.0,8.928571428571429,10.3,10.799999999999997,1.8,2.62
2019-11-15,1.4860183175057822,0.9287614484411137,30.825,32.0,30.6,197.1,31.2,1.2119089717301714,0.7025274741691566,27.392857142857142,3.25,9.0,7.3,10.0,1.6,3.2
2019-11-16,0.8595375359778411,0.505610315281083,31.475,32.5,32.2,144.45000000000002,31.8,1.1701286575839964,0.7146733860429608,27.342857142857145,1.75,8.985714285714286,5.4,11.5,1.7,2.26
2019-11-17,1.8680369306145015,1.436951485088078,30.925,33.0,24.0,278.46,32.6,1.087629139768487,0.7266075247685652,27.307142857142857,4.75,8.785714285714286,10.2,11.399999999999999,1.3,2.68
2019-11-18,0.8749685009102767,0.7954259099184333,31.674999999999997,31.5,31.6,116.60000000000001,31.4,1.0745540651043413,0.7383263540031063,27.349999999999998,2.6500000000000004,8.87142857142857,4.4,10.0,1.1,2.78
2019-11-19,0.7497020266641594,0.7497020266641594,31.275000000000006,31.0,31.6,115.50000000000001,30.2,1.0230385020255939,0.749826401204568,27.157142857142855,2.5,7.971428571428571,4.4,9.5,1.0,2.81
2019-11-20,1.1069883291173355,0.7907059493695253,31.674999999999997,32.4,31.8,182.505,31.2,0.9546116592799879,0.7611042586607742,26.978571428571428,2.6500000000000004,7.1,6.9,11.899999999999999,1.4,3.3
2019-11-21,1.50060774363016,0.8827104374295058,31.925000000000004,32.4,32.2,274.23,31.6,0.9120166587295854,0.7721565844991641,26.807142857142857,3.0,6.985714285714286,9.9,9.399999999999999,1.7,3.08
2019-11-22,0.9858370430122992,0.5799041429484113,31.175,3.2,31.2,32.11,30.4,0.8699810817416999,0.7829801036770624,26.849999999999998,2.0500000000000007,6.928571428571429,2.6,-18.3,1.7,1.38
2019-11-23,1.4552261995428386,0.7659085260751782,31.125000000000004,32.0,31.6,124.19999999999999,30.4,0.8201443238141709,0.7935716089521472,24.757142857142856,2.5500000000000007,6.257142857142857,4.6,10.0,1.9,1.36
2019-11-24,0.8575698835566989,0.571713255704466,30.625,30.5,30.6,44.625,30.6,0.8573297824990417,0.8039279618328208,24.79285714285714,2.049999999999999,6.142857142857143,1.7,8.5,1.5,1.43
2019-11-25,0.4977974653327731,0.35556961809483795,29.325,28.0,28.8,12.25,29.0,0.7337243211585257,0.8140460935082175,24.642857142857142,1.25,4.928571428571429,0.5,7.0,1.4,1.84
2019-11-26,0.4533679093484529,0.4533679093484529,28.775,29.5,28.4,76.05000000000001,28.8,0.6708877080408692,0.8239230057575536,24.357142857142858,1.5999999999999996,4.371428571428571,3.0,8.3,1.0,1.94
2019-11-27,0.5548195178972022,0.46234959824766847,29.775,30.5,29.8,105.57499999999999,29.4,0.628554262710054,0.8335557718385695,24.22857142857143,1.6500000000000004,4.171428571428572,4.1,9.5,1.2,1.79
2019-11-28,0.7809625091901625,0.6508020909918021,28.474999999999998,28.0,28.0,56.925,28.4,0.5816462125497887,0.8429415373547832,24.128571428571426,2.75,3.7714285714285714,2.3,6.5,1.2,1.0
2019-11-29,0.2575204790603937,0.21460039921699478,29.325000000000003,29.5,29.0,23.265,29.6,0.5485164487729739,0.8520775211013093,23.707142857142856,0.8499999999999996,2.6857142857142855,0.9,7.300000000000001,1.2,1.63
2019-11-30,0.391953569331091,0.32662797444257585,29.025,29.0,28.0,17.674999999999997,29.0,0.4963301996684858,0.8609610158889945,25.63571428571429,1.25,2.4428571428571426,0.7,7.5,1.2,1.05
2019-12-01,0.8614920856357755,0.6626862197198273,30.425,30.5,30.6,88.39999999999999,29.8,0.43357583514954257,0.8695893893466109,25.38571428571429,2.25,1.8857142857142857,3.4,9.0,1.3,1.4
2019-12-02,0.48246764927658176,0.4020563743971515,29.124999999999996,28.0,28.6,27.225,28.4,0.4465719728660228,0.8779600847008883,25.35,1.5,2.1285714285714286,1.1,6.5,1.2,1.56
2019-12-03,0.170276969037571,0.18919663226396777,29.374999999999996,30.0,29.4,62.4,29.6,0.45321293805206764,0.8860706215341378,25.38571428571429,0.6500000000000004,2.2142857142857144,2.4,8.0,0.9,0.34
2019-12-06,1.1758823026128367,0.6916954721251981,29.975,30.0,31.6,167.375,30.0,0.3203131181234652,0.9088176373395028,25.349999999999998,2.4000000000000004,1.4666666666666668,6.5,8.5,1.7,1.99
2019-12-07,0.4544112144359307,0.4544112144359307,29.174999999999997,28.5,29.2,22.365000000000002,28.8,0.3998289636081658,0.9158642882672868,25.333333333333332,1.6500000000000004,2.4,0.9,7.300000000000001,1.0,1.54
2019-12-08,1.1661869687074515,0.7288668554421571,31.025,31.0,31.4,137.79999999999998,29.8,0.42112617027372484,0.9226395488404875,25.26666666666667,14.05,2.433333333333333,5.3,10.0,1.6,2.16
2019-12-09,0.2277709622921359,0.28471370286516984,27.925,27.2,27.8,0.0,27.6,0.4321562762274465,0.9291414114031743,25.26666666666667,1.0,2.75,0.0,5.899999999999999,0.8,0.89
2019-12-12,0.8941305217468287,0.9934783574964763,31.475000000000005,31.5,32.6,190.8,30.4,0.4655797691251517,0.9469877530760751,25.058333333333337,3.450000000000001,2.2333333333333334,7.2,10.0,0.9,2.34
2019-12-13,0.8150045416718503,0.6791704513932086,30.125,30.0,30.4,173.76,29.8,0.610040977257852,0.9523775757303973,25.433333333333337,2.4000000000000004,3.3833333333333333,6.4,5.699999999999999,1.2,1.16
2019-12-14,1.7543954924575582,0.8771977462287791,30.55,31.7,31.0,224.02999999999997,30.4,0.6079534738025204,0.9574851883550389,25.666666666666668,3.1500000000000004,3.3666666666666667,8.6,11.3,2.0,2.44
2019-12-15,1.9409749964193233,1.213109372762077,31.724999999999998,31.0,32.4,200.85,31.0,0.6784178957679953,0.9623090774541487,25.866666666666664,4.15,4.65,7.8,10.5,1.6,2.17
2019-12-16,2.042455526091448,1.134697514495249,31.924999999999997,31.5,32.8,196.875,31.2,0.7591249819879818,0.9668478136052773,25.825,3.9499999999999993,5.066666666666667,7.5,10.5,1.8,1.47
2019-12-19,1.2539615351831814,0.5015846140732726,29.674999999999997,29.0,29.6,53.550000000000004,29.4,0.866606926721648,0.9787400799669153,26.241666666666664,1.75,6.6000000000000005,2.1,7.0,2.5,0.44
2019-12-22,0.37584498023905505,0.1978131474942395,28.275,27.8,28.0,7.395,27.8,0.7221465955844728,0.9880226656636976,25.65,0.6999999999999993,4.0200000000000005,0.3,6.300000000000001,1.9,0.11
2019-12-23,0.6431792328005097,0.7146435920005663,29.675,28.2,29.6,38.96000000000001,28.8,0.5190873505309053,0.9905324521322227,25.43,2.549999999999999,2.52,1.6,7.699999999999999,0.9,1.54
2019-12-24,1.0833703654385427,0.9848821503986751,31.075000000000003,31.0,31.6,228.37499999999997,30.0,0.43507656603196876,0.9927487224577402,25.05,3.4000000000000004,1.34,8.7,9.5,1.1,2.01
2019-12-25,1.0763522363187024,0.8279632587066941,30.775,31.0,31.0,221.0,29.8,0.5267108300930864,0.9946708199115211,25.25,2.75,2.5666666666666664,8.5,10.0,1.3,2.24
2019-12-26,0.8261184493831101,1.0326480617288876,31.475,30.7,32.4,271.08000000000004,30.2,0.6143733535518525,0.9962981749346077,25.291666666666668,3.5500000000000007,3.633333333333333,10.8,11.2,0.8,3.06
2019-12-27,1.1586318905876287,1.1586318905876287,32.12499999999999,31.0,32.8,244.625,31.6,0.7028839281611217,0.9976303053065857,25.225000000000005,4.050000000000001,5.083333333333333,9.5,10.5,1.0,3.49
2019-12-28,1.3823076678497919,0.9215384452331946,31.224999999999998,30.5,31.8,254.99999999999997,30.8,0.767990779936337,0.9986668162884759,25.300000000000004,3.3499999999999996,5.714285714285714,10.2,11.0,1.5,2.21
2019-12-29,1.0808352251086968,0.9825774773715426,31.825000000000003,30.5,32.6,233.895,31.4,0.8340172208785551,0.9994074007397048,25.300000000000004,3.450000000000001,7.0857142857142845,9.3,10.7,1.1,2.59
2019-12-30,2.2006897684812112,1.3754311053007569,30.875,31.5,24.4,266.0,32.4,0.9461264108610269,0.9998518392091162,25.37142857142857,4.75,8.371428571428572,9.5,7.0,1.6,2.62
2019-12-31,1.4949703974902289,1.2458086645751907,32.15,31.0,32.8,168.0,31.6,1.0405246270467685,1.0,25.892857142857142,4.25,9.5,6.4,9.5,1.2,2.24
2020-01-01,1.9252975404941448,1.0133144949969184,33.275,32.5,34.2,220.0,32.2,1.0777998433576994,0.9998518392091162,25.892857142857142,3.4000000000000004,9.171428571428569,8.0,10.0,1.9,1.2
2020-01-02,0.5198773232504523,0.5198773232504523,30.125,29.5,30.0,48.73499999999999,29.6,1.10427859139916,0.9994074007397048,26.107142857142858,1.8000000000000007,9.1,1.9,7.699999999999999,1.0,0.49
2020-01-03,1.6548655985464868,0.7880312374030889,31.924999999999997,31.5,32.4,256.565,31.4,1.0310256287593835,0.998666816288476,26.185714285714283,3.0999999999999996,7.828571428571428,9.7,10.100000000000001,2.1,3.27
2020-01-04,1.6161372628664818,1.2431825098972937,33.325,32.0,34.0,296.625,32.2,0.9780826783044491,0.9976303053065857,26.285714285714285,4.15,7.857142857142857,10.5,7.5,1.3,3.0
2020-01-05,1.7347987198526966,1.0204698352074686,33.775,32.0,35.0,292.05,32.8,1.0240318303993206,0.9962981749346078,26.75,3.5,7.8999999999999995,11.0,10.899999999999999,1.7,2.8
2020-01-06,2.74513331131422,1.143805546380925,34.975,31.5,36.0,280.9,33.2,1.0294450243758815,0.9946708199115211,26.95,3.8499999999999996,8.142857142857142,10.6,10.0,2.4,2.88
2020-01-07,3.049013564733987,1.2196054258935949,32.85,31.5,35.6,254.125,33.2,0.9963556588159054,0.9927487224577402,26.735714285714288,4.1,8.299999999999999,9.5,9.5,2.5,2.87
2020-01-08,2.123340097773079,0.9231913468578605,35.375,31.0,36.8,212.10000000000002,33.8,0.9926123390042488,0.9905324521322229,26.807142857142857,3.25,8.742857142857144,8.4,11.5,2.3,3.37
2020-01-09,1.7460036704865094,1.1640024469910062,35.375,32.0,36.4,260.07500000000005,33.8,0.979737603555812,0.9880226656636976,26.485714285714288,3.9499999999999993,8.8,10.3,13.5,1.5,2.99
2020-01-10,2.2594137294493986,1.1891651207628413,35.525000000000006,31.0,36.8,266.175,33.2,1.0717554783758911,0.9852201067560606,26.428571428571427,4.25,10.0,10.5,11.3,1.9,2.81
2020-01-11,1.921423960308555,0.8354017218732849,32.375,30.4,33.2,160.33499999999998,31.4,1.1290603188558557,0.9821256058680006,26.271428571428572,2.9000000000000004,10.114285714285714,6.3,9.899999999999999,2.3,1.29
2020-01-12,2.786449900540782,1.071711500207993,34.175000000000004,30.5,35.6,211.56,33.0,1.0708059205667115,0.9787400799669153,25.871428571428574,3.8000000000000007,9.514285714285714,8.6,11.8,2.6,2.37
2020-01-13,2.31711748250443,1.1033892773830618,33.875,30.0,34.6,220.87500000000003,32.6,1.0781261584239294,0.9750645322571948,25.592857142857145,3.9000000000000004,9.171428571428573,9.3,12.5,2.1,2.28
2020-01-14,2.0735538338325115,1.091344123069743,35.175,30.0,36.4,249.1,33.2,1.072352405709949,0.9711000518829505,25.2,4.5,8.985714285714286,10.6,13.0,1.9,2.19
2020-01-15,1.8514206101748174,1.1571378813592608,33.224999999999994,30.0,34.0,202.44000000000003,31.8,1.0540293624493986,0.9668478136052775,24.735714285714288,4.35,9.142857142857142,8.4,11.8,1.6,2.3
2020-01-16,1.74383096199958,1.0257829188232823,35.175,31.7,36.4,230.11499999999998,33.6,1.0874502959495986,0.9623090774541486,24.571428571428573,2.5999999999999996,9.142857142857142,8.7,10.5,1.7,2.93
2020-01-17,0.29552184321832126,0.29552184321832126,29.725,27.0,29.0,39.949999999999996,29.6,1.0677046490684954,0.9574851883550393,24.74285714285714,1.75,8.914285714285715,1.7,7.0,1.0,0.53
2020-01-18,0.5500109929896738,0.3437568706185461,32.175,31.5,32.8,233.625,30.6,0.9400413237049924,0.9523775757303974,24.47857142857143,2.4000000000000004,7.6571428571428575,8.9,10.5,1.6,1.37
2020-01-19,2.627855750169662,0.9732799074702452,33.775000000000006,31.0,34.4,241.14999999999998,32.2,0.8698063449543154,0.9469877530760753,24.592857142857138,2.9499999999999993,8.028571428571428,9.1,9.0,2.7,3.47
2020-01-20,2.0130965481078,1.0065482740539,32.625,31.0,33.0,157.5,31.8,0.855744688848923,0.9413173175128471,24.864285714285717,3.4000000000000004,8.1,6.0,9.5,2.0,3.22
2020-01-21,1.3757858786740809,0.5981677733365569,32.625,31.1,32.6,158.12,31.4,0.8419102598018997,0.9353679493131483,25.22142857142857,1.75,7.628571428571428,5.9,8.600000000000001,2.3,1.94
2020-01-22,1.2340934473495584,0.47465132590367626,30.525,30.0,30.6,91.0,30.4,0.7714564955543018,0.9291414114031743,25.692857142857143,1.75,6.957142857142856,3.5,8.0,2.6,2.15
2020-01-23,1.2093561631451883,0.5497073468841764,30.525,30.5,30.4,199.8,30.2,0.673958416203504,0.9226395488404876,25.964285714285715,1.8499999999999996,6.257142857142857,7.4,7.0,2.2,2.46
2020-01-24,2.782238497666534,1.0700917298717438,31.775000000000006,31.1,32.6,265.74,31.2,0.605947620212203,0.9158642882672872,26.042857142857144,3.5500000000000007,6.071428571428571,10.3,10.600000000000001,2.6,2.64
2020-01-25,2.0169879750773134,0.8769512935118754,32.875,30.7,34.0,206.25500000000002,31.6,0.716600461162692,0.9088176373395029,26.371428571428574,2.9000000000000004,7.3,8.3,11.7,2.3,3.62
2020-01-26,1.755060658057491,0.9750336989208284,34.375,31.0,36.0,254.625,32.8,0.7927710930045963,0.901501684131884,26.171428571428574,3.5,7.214285714285714,10.5,13.5,1.8,3.11
2020-01-27,1.4458040360515938,0.9638693573677292,34.724999999999994,31.0,36.2,223.25,32.6,0.7930216346403939,0.893918596519257,25.849999999999998,3.25,7.4142857142857155,9.4,14.5,1.5,2.35
2020-01-28,1.569268107887912,1.0461787385919414,34.275,31.0,36.0,254.8,32.8,0.7869246465423695,0.886070621534138,25.49285714285714,3.8499999999999996,7.9,10.4,13.0,1.5,3.38
2020-01-29,1.9120987966373995,1.1247639980219997,34.625,31.0,35.8,258.825,32.6,0.8509262130074244,0.8779600847008882,25.164285714285715,3.950000000000001,8.542857142857143,10.5,12.7,1.7,3.71
2020-01-30,2.198969964101307,1.2216499800562817,35.1,31.1,37.0,290.95500000000004,32.3,0.9437994518814706,0.869589389346611,24.97142857142857,4.25,9.542857142857144,11.9,13.3,1.8,3.36
2020-01-31,2.3667947456632845,1.2456814450859393,35.375,31.2,37.0,263.41,33.6,1.0397912566203429,0.8609610158889943,24.607142857142858,4.15,10.185714285714285,10.6,12.7,1.9,3.76
2020-02-01,2.059437564639508,1.029718782319754,35.575,31.5,37.2,265.125,33.8,1.0648755016509421,0.8520775211013093,24.47142857142857,3.5999999999999996,10.228571428571428,10.5,12.5,2.0,3.02
2020-02-02,2.265381321103459,1.029718782319754,35.725,31.5,37.0,277.95,34.0,1.0866994286234963,0.8429415373547828,24.52857142857143,3.5999999999999996,10.542857142857144,10.9,12.0,2.2,3.89
2020-02-03,2.196637400860172,0.9984715458455328,34.925,31.5,36.0,265.225,33.6,1.0945115833947714,0.8335557718385699,24.707142857142856,3.5,10.6,10.3,11.5,2.2,3.42
2020-02-04,3.878708063592186,0.8431974051287361,34.425000000000004,31.5,35.4,182.825,33.4,1.0994547531773147,0.8239230057575542,24.99285714285714,3.1500000000000004,10.728571428571428,7.1,11.5,4.6,5.08
2020-02-05,2.2421595818107027,0.97485199209161,34.525,31.5,35.4,218.875,33.4,1.0704574198254282,0.8140460935082178,25.17142857142857,3.3000000000000007,10.257142857142856,8.5,11.5,2.3,3.25
2020-02-06,4.639228217175811,1.131519077359954,34.199999999999996,31.0,35.0,185.625,33.1,1.0490414189782296,0.8039279618328213,25.32857142857143,4.0,9.971428571428572,7.5,12.5,4.1,4.02
2020-02-07,1.6451475566735043,1.02821722292094,33.075,31.0,34.2,151.9,30.2,1.0361655757358972,0.7935716089521474,25.371428571428574,3.6500000000000004,9.342857142857143,6.2,13.0,1.6,3.32
2020-02-08,2.3617517974517765,1.2430272618167246,34.575,32.5,36.0,270.0,33.2,1.0050992582837543,0.7829801036770629,25.321428571428573,4.4,8.714285714285714,10.8,15.0,1.9,3.04
2020-02-09,2.450771623521321,1.1670341064387242,32.824999999999996,31.5,36.4,265.415,33.8,1.035571898211893,0.7721565844991642,25.285714285714285,4.1,8.757142857142856,10.9,14.3,2.1,3.38
2020-02-10,2.782049456662338,1.264567934846517,35.824999999999996,31.5,36.8,265.125,33.8,1.0551883730860316,0.7611042586607747,25.12142857142857,4.449999999999999,8.757142857142858,10.5,12.5,2.2,4.61
2020-02-11,3.61976086960064,1.1311752717502,35.225,31.5,36.0,261.9,33.4,1.0932021429433152,0.7498264012045686,25.050000000000004,4.0,8.785714285714286,9.7,9.0,3.2,4.03
2020-02-12,2.1551874357823664,0.6530871017522323,31.725,30.2,31.4,166.97999999999996,31.6,1.1343418381749528,0.7383263540031065,25.22857142857143,2.25,9.157142857142858,6.6,9.8,3.3,3.24
2020-02-13,1.6135508256487416,0.7683575360232102,31.674999999999997,30.0,32.0,137.70000000000002,30.4,1.0883754252693274,0.7266075247685656,25.164285714285715,2.75,8.885714285714286,5.4,9.0,2.1,3.58
2020-02-14,1.426495641178537,0.7132478205892685,32.325,30.5,32.4,183.15,31.8,1.036495205078364,0.7146733860429609,25.27142857142857,2.700000000000001,8.585714285714285,7.4,11.5,2.0,3.27
2020-02-15,3.059824864984862,1.2239299459939448,35.875,32.8,36.8,270.17499999999995,34.6,0.9914995761738395,0.7025274741691571,25.307142857142853,4.15,8.757142857142856,10.7,15.099999999999998,2.5,3.31
2020-02-16,3.1765550412122083,1.2706220164848834,35.825,32.8,36.8,290.4,34.6,0.9887713881991568,0.6901733882429719,25.342857142857138,4.25,8.742857142857144,11.0,12.799999999999997,2.5,3.13
2020-02-17,3.0914167223404,1.1449691564223703,36.225,31.5,37.4,251.475,34.6,1.0035696610628937,0.6776147890466889,25.635714285714283,4.200000000000001,8.757142857142856,10.5,15.100000000000001,2.7,3.92
2020-02-18,2.6945971132585846,1.2831414825040879,36.324999999999996,31.0,37.6,247.0,34.6,0.9864841212880157,0.6648553979642865,25.449999999999996,4.6,8.757142857142856,10.4,14.5,2.1,4.18
2020-02-19,2.660439537798353,1.2092906989992513,35.575,31.0,36.4,267.3,33.8,1.0081935799671424,0.6518989958787126,24.985714285714284,4.35,8.857142857142858,10.8,12.5,2.2,3.18
2020-02-20,3.433560349562301,1.1839863274352762,36.025,31.5,36.8,259.70000000000005,34.4,1.0876512367167166,0.6387494220515272,24.907142857142855,4.049999999999999,9.457142857142857,9.8,10.0,2.9,2.12
2020-02-21,4.005352767570565,1.0270135301462986,33.375,31.5,33.2,196.10000000000002,32.6,1.1470267783470118,0.6254105729852463,25.05,3.4499999999999993,10.085714285714287,7.4,10.0,3.9,2.82
2020-02-22,2.2093821411769508,0.6498182768167502,32.55,31.0,32.6,185.4,32.0,1.1918504511408732,0.6118864012687243,25.3,2.5,10.085714285714285,7.2,10.5,3.4,2.9
2020-02-23,2.578084421471403,0.859361473823801,32.625,30.7,32.6,182.52,31.2,1.109834498401274,0.5981809144059165,25.37142857142857,3.0,9.585714285714287,7.2,10.7,3.0,2.32
2020-02-24,2.524747044598141,0.9710565556146695,34.125,31.5,35.0,252.0,32.8,1.0510829923068337,0.5842981736283684,25.22142857142857,3.25,9.042857142857143,9.6,10.5,2.6,3.96
2020-02-25,2.24950550085672,0.833150185502489,34.925,32.0,36.0,275.625,33.8,1.0262383350485906,0.5702422926917871,25.550000000000004,2.9000000000000004,8.914285714285715,10.5,11.5,2.7,2.2
2020-02-26,3.1794604161244764,1.2228693908171062,36.275,32.6,37.6,268.315,34.8,0.9619538640483623,0.5560174366570446,25.907142857142862,4.050000000000001,8.928571428571429,10.3,13.100000000000001,2.6,4.89
2020-02-27,3.2868184045776636,1.1738637159205942,37.225,32.5,38.8,270.375,35.6,0.9638936771651986,0.5416278206559814,26.092857142857145,3.9499999999999993,8.857142857142858,10.5,13.5,2.8,4.07
2020-02-28,3.230451047573589,1.196463350953181,36.625,32.0,37.8,262.88,35.2,0.9624475898059585,0.5270777086423722,25.985714285714288,4.15,8.957142857142857,10.6,14.399999999999999,2.7,4.5
2020-02-29,2.6216297164499163,1.1398390071521376,36.525,32.0,37.4,281.22,35.2,0.9866547070640844,0.5123714121284237,25.742857142857144,3.8499999999999996,9.414285714285713,10.9,12.399999999999999,2.3,3.65
2020-03-01,3.1424202872097267,1.3093417863373862,37.825,33.0,39.2,279.27,36.0,1.0566576685405684,0.49751328890718066,25.75,4.35,9.942857142857141,10.7,13.8,2.4,3.74
2020-03-02,2.3876802770070515,1.404517810004148,37.725,32.7,39.0,267.08000000000004,36.0,1.1209405703282234,0.48250774176121847,25.857142857142858,4.75,10.442857142857141,8.8,4.700000000000003,1.7,4.05
2020-03-03,3.3111711307767724,1.839539517098207,38.875,33.0,40.2,263.64000000000004,36.6,1.1828636066695775,0.4673592171580022,26.442857142857143,6.15,10.328571428571431,10.4,15.3,1.8,4.37
2020-03-04,3.1391910771521694,1.6522058300800893,39.075,33.5,40.4,238.95000000000002,37.0,1.3266335111832515,0.45207220393230435,26.314285714285713,0.5,10.314285714285715,9.0,13.899999999999999,1.9,4.64
2020-03-05,2.7385128693277982,1.610889923133999,37.675,33.0,38.4,202.79999999999998,36.0,1.3879672882208205,0.43665123195606403,26.38571428571429,5.199999999999999,10.12857142857143,7.8,14.0,1.7,4.99
2020-03-06,2.8018407276286124,1.1674336365119218,36.175,32.3,36.8,122.58999999999999,35.0,1.450399603537021,0.4211008707960896,26.421428571428574,4.0,9.742857142857144,4.6,11.299999999999997,2.4,4.36
2020-03-07,3.485077068690002,1.659560508900001,38.825,34.5,40.4,245.25,37.0,1.446252501473984,0.40542572835999735,26.685714285714287,5.25,8.885714285714284,9.0,14.5,2.1,4.3
2020-03-08,3.281301153952655,1.4266526756315894,38.725,34.0,40.0,302.925,37.0,1.5204984302951077,0.38963044953078796,26.892857142857142,3.9499999999999993,8.614285714285714,10.5,10.3,2.3,5.15
2020-03-09,4.277949258995906,1.7824788579149609,39.125,34.0,40.2,306.8,36.8,1.537257128765708,0.37371971479046906,27.285714285714285,5.800000000000001,8.585714285714285,10.4,9.0,2.4,4.63
2020-03-10,3.860349444287907,1.6084789351199613,38.675000000000004,33.7,40.0,285.15500000000003,36.6,1.5912515641815383,0.35769823883312546,27.164285714285715,5.25,8.814285714285715,10.7,14.100000000000001,2.4,4.99
2020-03-11,4.365836909973666,1.7463347639894664,39.525000000000006,35.6,41.0,286.11,37.6,1.5582429096132173,0.3415707691678556,27.35,5.75,8.857142857142858,10.2,15.100000000000001,2.5,4.97
2020-03-12,4.440375092865181,1.8501562886938254,39.574999999999996,33.5,40.8,302.09999999999997,37.8,1.5716899001717,0.3253420847119801,27.564285714285713,6.1,9.028571428571428,10.6,10.0,2.4,4.44
2020-03-13,3.782691365678052,1.5761214023658552,39.575,35.8,41.0,287.7,37.6,1.6058708095373895,0.30901699437494745,27.92142857142857,5.149999999999999,9.428571428571429,10.5,16.799999999999997,2.4,3.38
2020-03-14,3.093064417314367,1.237225766925747,39.375,34.0,41.6,277.95,38.0,1.6642547760879514,0.29260033563334836,28.02857142857143,4.25,10.271428571428572,10.2,13.5,2.5,3.94
2020-03-15,4.118727287594592,1.647490915037837,39.225,33.6,40.2,292.03,37.6,1.6039212415202009,0.27609697309746883,28.02857142857143,5.450000000000001,10.442857142857141,10.6,12.100000000000001,2.5,4.59
2020-03-16,4.059300048482294,1.4497500173151052,38.5,33.1,39.3,262.08,36.8,1.635469561435379,0.2595117970697999,27.842857142857145,4.75,10.457142857142857,9.6,11.600000000000001,2.8,4.0
2020-03-17,3.614773820127723,1.1296168187899134,37.575,33.2,38.6,223.06,36.8,1.5879368699211138,0.2428497220959356,27.52857142857143,3.8499999999999996,10.342857142857142,7.6,7.700000000000003,3.2,4.59
2020-03-18,2.9341260819938584,1.086713363701429,36.724999999999994,33.7,37.4,176.70000000000002,36.2,1.5195279961596786,0.22611568550828828,27.914285714285715,3.8000000000000007,9.9,6.0,8.500000000000004,2.7,4.14
2020-03-19,3.5618523952898897,1.6961201882332808,37.425,34.5,38.0,231.0,36.4,1.4252963675471018,0.20931464596304847,28.114285714285717,5.450000000000001,9.299999999999999,7.7,9.0,2.1,4.45
2020-03-20,3.424753253665227,1.630834882697727,38.925,35.0,40.0,242.525,37.4,1.4032912103384523,0.19245158197082998,28.32857142857143,5.200000000000001,8.885714285714286,8.9,15.5,2.1,3.49
2020-03-21,4.061700794656729,1.6923753311069705,39.075,35.1,40.6,264.81,37.6,1.4111074218144342,0.1755314904214282,28.307142857142857,5.5,8.657142857142857,9.7,15.600000000000001,2.4,4.34
2020-03-22,4.014336758941554,1.9115889328293114,39.575,34.8,40.6,265.05,37.6,1.4761287881260376,0.15855938510313475,28.314285714285717,6.199999999999999,8.585714285714285,9.5,13.799999999999997,2.1,4.39
2020-03-23,9.03719075094676,1.807438150189352,39.225,35.0,40.2,277.5,37.8,1.5138570763819625,0.141540295217043,28.364285714285717,5.900000000000002,8.428571428571429,10.0,14.5,5.0,3.58
2020-03-24,4.457410940827703,1.8572545586782097,39.150000000000006,34.5,40.0,280.5,37.2,1.5649553810782832,0.12447926388678915,28.428571428571427,5.9,8.485714285714286,10.2,14.0,2.4,3.76
2020-03-25,3.676687708572877,1.671221685714944,38.925000000000004,34.5,40.0,275.4,37.4,1.6689036296337545,0.10738134666416309,28.16428571428571,5.500000000000002,8.857142857142858,10.2,15.0,2.2,4.74
2020-03-26,3.9618965938666717,1.5847586375466687,37.275,33.5,38.2,256.8,36.8,1.7524048184928278,0.09025161003104117,27.814285714285713,5.300000000000001,9.457142857142857,9.6,13.5,2.5,4.21
2020-03-27,4.718903611011427,1.8149629273120875,37.900000000000006,34.0,38.6,280.675,36.5,1.7364960255375976,0.07309512989807777,27.349999999999998,5.950000000000001,9.728571428571428,10.3,13.5,2.6,4.9
2020-03-28,4.317194665833851,1.7268778663335402,38.475,34.5,39.4,269.17499999999995,37.0,1.7628000319110775,0.055916990100603484,27.349999999999998,5.65,9.928571428571429,9.7,13.5,2.5,4.59
2020-03-29,3.7495126960048295,1.7043239527294678,39.025,36.0,40.2,295.425,37.8,1.7677289655148734,0.03872228089217446,27.41428571428571,5.450000000000001,9.928571428571429,10.1,13.5,2.2,4.83
2020-03-30,4.47008381272058,1.719263004892531,38.625,35.0,39.6,289.27500000000003,37.6,1.738119682643467,0.021516097436222254,27.607142857142858,5.500000000000002,10.014285714285714,10.5,14.899999999999999,2.6,4.16
2020-03-31,3.7593502541269492,1.6345001104899781,39.375,35.5,40.4,261.59999999999997,37.6,1.72552323331535,0.004303538296244289,27.57857142857143,5.1,10.085714285714285,9.6,16.5,2.3,4.7
2020-04-01,4.450150155713723,1.9348478937885751,39.125,35.7,40.4,245.64000000000001,37.8,1.6937011692884596,-0.01291029607500882,27.542857142857144,6.25,10.0,8.9,16.200000000000003,2.3,4.74
2020-04-02,5.294989605654106,2.1179958422616423,40.025,35.6,41.4,288.915,38.0,1.7313620561561212,-0.030120304846908114,27.62857142857143,7.0,9.814285714285713,10.3,15.100000000000001,2.5,4.09
2020-04-03,5.2142245808784375,1.862223064599442,39.525,35.2,40.6,288.86,37.8,1.8075387996868317,-0.04732138832243185,27.814285714285713,6.0,9.914285714285715,10.1,13.200000000000003,2.8,4.74
2020-04-04,1.8048536611139672,0.9024268305569836,36.474999999999994,34.0,35.8,142.79999999999998,36.6,1.8142902478707394,-0.06450844944931623,28.007142857142856,3.1500000000000004,9.885714285714286,5.1,12.0,2.0,2.57
2020-04-05,1.874474509768391,0.9372372548841955,33.375,34.0,32.6,203.4,33.8,1.6965115284740886,-0.08167639533042241,28.042857142857144,3.0,9.228571428571428,7.2,11.5,2.0,3.92
2020-04-06,3.9844549531822895,1.8111158878101314,33.825,34.8,32.8,300.56,34.2,1.5869277144961926,-0.09882013873287143,27.900000000000002,5.5,8.814285714285715,10.4,11.799999999999997,2.2,4.68
2020-04-07,4.972677719549751,2.1620337911085876,36.025,35.7,36.4,302.925,35.0,1.6000495549129925,-0.11593459959550041,28.092857142857145,6.75,8.8,10.5,13.700000000000003,2.3,4.82
2020-04-08,5.435965698707277,2.264985707794699,37.175,36.0,38.0,315.90000000000003,36.0,1.6754115092870798,-0.1330147065341959,28.321428571428573,7.15,8.928571428571429,10.8,13.5,2.4,4.05
2020-04-09,4.230891761335479,1.6923567045341914,37.0,36.0,38.0,332.45,36.2,1.7225740541450973,-0.1500553983446526,28.557142857142857,5.25,9.200000000000001,10.9,11.0,2.5,4.99
2020-04-10,4.022127906530531,1.489677002418715,33.725,35.5,33.2,257.40000000000003,33.4,1.6617684630411758,-0.16705162550211924,28.907142857142855,4.75,9.285714285714286,8.8,12.5,2.7,2.99
2020-04-11,4.446007646709733,1.7100029410422048,34.875,34.5,35.8,315.65,34.6,1.6085475970153575,-0.18399835165768005,29.0,5.4,9.1,10.7,10.0,2.6,4.43
2020-04-12,4.191284057130793,1.7463683571378303,35.075,34.7,35.6,293.5,34.2,1.7239156127989606,-0.20089055513063506,29.214285714285715,5.550000000000001,9.9,10.0,10.700000000000003,2.4,4.68
2020-04-13,4.138073437013557,1.5915667065436758,35.625,35.0,36.0,315.34999999999997,34.8,1.8395057702637658,-0.21772323039653177,29.371428571428574,5.0,10.299999999999999,10.6,10.5,2.6,4.9
2020-04-14,4.78063446037541,1.707369450134075,35.475,35.0,35.8,318.325,34.6,1.8081416015114147,-0.23449138957040985,29.49285714285714,5.300000000000001,10.328571428571427,10.7,10.5,2.8,3.56
2020-04-15,2.2141728856598184,1.3838580535373866,34.125,33.5,34.0,217.525,33.6,1.7431895528007701,-0.25119006388481935,29.621428571428574,4.4,10.357142857142858,7.7,10.5,1.6,2.73
2020-04-16,3.241210268341444,1.2964841073365776,35.974999999999994,34.8,35.8,283.635,34.2,1.617314173621154,-0.2678143051621742,29.47857142857143,4.25,9.914285714285715,9.9,12.299999999999997,2.5,4.83
2020-04-17,3.864977817449663,1.2883259391498878,37.375,34.5,37.8,313.375,35.6,1.5607609454500666,-0.2843591872810034,29.214285714285715,4.1,9.771428571428572,10.9,11.5,3.0,5.19
2020-04-18,4.330716894745023,1.6039692202759341,38.525,35.3,39.0,349.86,36.4,1.531996507840234,-0.30081980763566735,29.142857142857142,5.1,10.071428571428571,11.9,11.799999999999997,2.7,6.22
2020-04-19,4.4158877054992,1.5771027519640002,38.725,35.5,39.6,307.125,36.8,1.5168488334450525,-0.3171912885891061,29.12857142857143,4.75,10.242857142857144,10.5,12.5,2.8,6.02
2020-04-20,4.657997970309498,1.6635707036819636,38.425,35.0,39.0,350.9,36.4,1.4926680327059338,-0.3334687789181868,29.114285714285717,5.15,10.314285714285715,11.6,9.5,2.8,6.84
2020-04-21,2.1943456067379823,0.9143106694741594,34.224999999999994,35.0,33.8,253.7,35.2,1.5029543180114036,-0.3496474552512284,29.185714285714287,3.0999999999999996,10.457142857142857,8.6,11.0,2.4,2.68
2020-04-22,1.5217637065385954,1.0869740760989968,33.525000000000006,33.2,33.0,141.0,33.6,1.3896602064885584,-0.36572252349726897,29.150000000000002,3.3499999999999996,10.157142857142857,5.0,10.000000000000004,1.4,2.68
2020-04-23,3.310515193556964,1.4393544319812888,36.525000000000006,35.5,37.6,290.565,35.6,1.3472482097116456,-0.3816892202666588,29.142857142857142,4.600000000000001,9.771428571428572,9.9,12.3,2.3,4.39
2020-04-24,4.006493990393898,1.6693724959974576,37.025,35.0,37.6,271.4,35.2,1.3676582560894615,-0.39754281428255595,29.242857142857144,5.250000000000002,9.771428571428572,9.2,11.0,2.4,5.17
2020-04-25,6.025775234173936,2.1520625836335485,39.375,37.0,40.2,329.40000000000003,36.8,1.4220934784962573,-0.4132786077829042,29.35,6.35,9.528571428571428,10.8,13.0,2.8,5.46
2020-04-26,2.9696449729674557,1.4848224864837278,38.325,36.8,39.8,295.47,37.2,1.5003925304044878,-0.4288919379124835,29.50714285714286,4.75,9.37142857142857,9.8,13.299999999999997,2.0,4.25
2020-04-27,5.122117102982926,2.2270074360795333,39.925,37.2,41.4,342.71999999999997,37.8,1.4872096353358777,-0.4443781781046132,29.635714285714283,6.75,9.27142857142857,11.2,13.200000000000003,2.3,4.54
2020-04-28,2.7343172007859313,1.6084218828152537,37.375,35.0,37.4,259.6,36.4,1.5677005971069586,-0.45973273945210397,29.685714285714287,5.050000000000001,9.214285714285714,8.8,11.0,1.7,4.14
2020-04-29,6.681367887532894,2.2271226291776314,39.875,37.4,40.2,142.36999999999998,37.4,1.6668593418699724,-0.47495107206704995,29.685714285714287,6.750000000000002,9.242857142857144,4.6,12.899999999999999,3.0,5.19
2020-04-30,4.80942066136259,1.6031402204541967,39.475,36.5,40.2,278.4,37.8,1.8297377065954916,-0.4900286664290592,30.07857142857143,4.9,9.185714285714285,9.6,15.0,3.0,4.41
2020-05-01,3.7273432362604613,1.7749253506002196,36.525000000000006,35.5,37.6,308.175,35.6,1.8531356763773357,-0.5049610547215204,30.02857142857143,5.4,9.142857142857142,10.5,12.3,2.1,4.21
2020-05-02,3.9149510007590265,2.174972778199459,36.875,36.0,38.0,332.45,36.0,1.8682146556063015,-0.5197438121555155,30.007142857142856,6.65,9.328571428571427,10.9,11.0,1.8,4.77
2020-05-03,2.570115751151,1.2850578755755,36.025,35.0,35.8,240.975,35.8,1.8714875405442888,-0.5343725582809786,30.007142857142856,4.25,9.342857142857143,8.1,10.5,2.0,3.89
2020-05-04,3.68531004373587,1.4174269398984114,37.275,35.5,38.0,289.05,36.4,1.8429497389859704,-0.548842958284719,29.949999999999996,4.449999999999999,9.1,9.4,9.5,2.6,3.52
2020-05-05,3.0810542032362127,1.5405271016181064,37.224999999999994,36.0,38.4,225.0,36.8,1.7272953823886676,-0.5631507242749186,29.971428571428568,4.9,8.842857142857143,7.5,12.0,2.0,4.49
2020-05-06,1.5952378217108567,0.8395988535320299,36.474999999999994,32.0,37.0,210.89999999999998,36.6,1.7175961279319323,-0.5772916165517272,30.04285714285714,2.75,8.657142857142857,7.6,8.5,1.9,3.47
2020-05-07,2.0881055357498814,0.9491388798863096,35.125,35.0,36.8,171.0,34.6,1.5193784456968462,-0.5912614448635781,29.585714285714285,3.25,9.085714285714285,5.7,10.0,2.2,3.02
2020-05-08,2.820202632473418,1.3429536345111515,36.975,34.5,37.8,218.3,36.8,1.4259496827585765,-0.6050560696488488,29.728571428571428,4.25,8.528571428571428,7.4,10.0,2.1,3.25
2020-05-09,1.9135085295674248,0.9567542647837124,34.875,32.5,35.8,217.525,34.8,1.3642394376029954,-0.6186714032625031,29.75,3.0,8.085714285714285,7.7,8.5,2.0,3.67
2020-05-10,3.290928611999457,1.3712202549997738,36.725,35.2,36.8,240.67,36.0,1.1902082214007461,-0.6321034111873487,29.428571428571427,4.4,7.628571428571429,8.2,11.700000000000003,2.4,3.33
2020-05-13,2.2731414060019293,1.0824482885723472,33.974999999999994,34.4,34.8,206.64,33.6,1.0501679549529674,-0.6712599575675313,28.725000000000005,3.4000000000000004,6.8,7.2,11.399999999999999,2.1,2.77
2020-05-14,2.966451741455755,0.9888172471519184,34.025,34.8,34.4,268.17999999999995,34.2,1.09064286079302,-0.6839194216246106,28.883333333333336,3.5,6.733333333333334,9.2,11.299999999999997,3.0,3.94
2020-05-15,10.670748617620392,1.441993056435188,33.975,34.5,34.0,263.9,33.4,1.097255922003955,-0.6963762255968722,28.74166666666667,4.300000000000001,7.316666666666666,9.1,11.0,7.4,3.47
2020-05-16,1.871753554500089,0.7199052132692649,29.925,30.5,28.4,0.0,30.0,1.1137624923246277,-0.7086266782644596,28.658333333333335,2.5,7.6000000000000005,0.0,4.5,2.6,2.81
2020-05-17,10.261379965987782,1.5786738409211971,32.525,34.5,32.0,135.7,31.8,1.0742876504055532,-0.7206671495538609,28.658333333333335,5.0,6.316666666666666,4.6,10.0,6.5,3.88
2020-05-18,8.865737023879568,1.1366329517794318,31.625,32.6,31.0,102.78,31.2,1.1088632480591238,-0.7324940716135789,28.683333333333334,4.15,5.716666666666666,3.6,8.100000000000001,7.8,5.89
2020-05-19,13.275427212472962,1.618954538106459,30.974999999999998,32.5,30.2,25.650000000000002,30.8,1.1128303485905964,-0.7441039398713607,28.66428571428571,5.4,5.414285714285714,0.9,8.0,8.2,4.68
2020-05-20,10.386495551190858,2.0365677551354624,33.225,35.2,33.6,314.46500000000003,32.0,1.2239178766051153,-0.7554933140726803,28.807142857142853,6.5,4.942857142857143,10.9,12.700000000000003,5.1,5.8
2020-05-21,6.521986090461602,1.4493302423248005,33.425,35.1,33.8,224.57999999999998,32.8,1.3602206575427032,-0.766658819300159,28.82857142857143,5.1,5.471428571428571,7.6,11.100000000000001,4.5,5.66
2020-05-22,5.5275845622611595,1.9741373436647,34.275000000000006,35.0,34.6,244.0,33.2,1.4260082282816864,-0.7775971469736269,28.885714285714283,6.35,5.242857142857143,8.0,9.0,2.8,5.57
2020-05-23,6.059804346980469,2.019934782326823,35.225,36.0,36.2,350.9,34.6,1.5020288407430449,-0.7883050558305255,29.099999999999998,6.15,5.0857142857142845,11.6,11.5,3.0,6.2
2020-05-24,5.369192546164853,1.9175687664874477,35.425,36.0,36.0,319.0,34.6,1.6877473506084104,-0.7987793728863649,29.385714285714283,5.75,6.742857142857142,11.0,14.0,2.8,6.8
2020-05-25,1.255514569460365,1.255514569460365,33.425,33.8,33.6,73.5,32.8,1.7361609114035892,-0.8090169943749473,29.314285714285713,3.900000000000002,7.657142857142857,2.5,8.799999999999997,1.0,4.7
2020-05-26,1.503218210825807,1.073727293447005,33.225,33.0,33.4,31.240000000000002,32.6,1.7531439996437226,-0.8190148866680801,29.435714285714287,3.4499999999999993,7.5,1.1,9.2,1.4,3.53
2020-05-27,1.8907438876852916,1.2604959251235277,33.275,33.2,33.6,155.52,32.6,1.6752543932638007,-0.8287700871745038,29.421428571428574,4.0,7.528571428571428,5.4,8.800000000000004,1.5,3.36
2020-05-28,3.6666145196218443,1.6666429634644746,34.975,35.2,35.4,344.28000000000003,34.0,1.5643869889763813,-0.8382797052177744,29.41428571428571,5.050000000000001,6.742857142857142,11.4,10.000000000000004,2.2,6.0
2020-05-29,3.9160887799146056,1.8648041809117168,36.224999999999994,35.4,36.6,337.995,34.6,1.595431663424906,-0.8475409228928311,29.50714285714286,5.65,7.285714285714286,11.1,9.899999999999999,2.1,6.2
2020-05-30,4.619839254008878,2.0999269336403987,36.375,36.0,36.8,311.61,35.0,1.5798126401744799,-0.8565509959010036,29.5,6.200000000000001,7.728571428571428,10.2,10.899999999999999,2.2,6.11
2020-05-31,4.703998600980091,1.9599994170750379,37.175,36.0,37.8,309.75,35.6,1.5912400903621335,-0.865307254363206,29.542857142857144,5.85,7.528571428571429,10.5,13.0,2.4,6.47
2020-06-01,2.4175438847230883,1.4220846380724048,35.775,35.0,36.2,313.375,34.8,1.5973016118746466,-0.8738071036110808,29.614285714285717,4.35,7.457142857142857,10.9,12.5,1.7,3.75
2020-06-02,5.495299101655249,1.9626068220197317,36.225,35.2,36.6,335.71000000000004,35.0,1.6210973359620806,-0.8820480249558537,29.521428571428572,6.15,8.657142857142857,11.8,13.500000000000004,2.8,4.24
2020-06-03,6.4787697993145414,2.3138463568980505,36.025,35.5,36.4,336.0,34.8,1.7480801257581844,-0.8900275764346767,29.52857142857143,7.5,10.185714285714285,12.0,15.0,2.8,5.8
2020-06-04,5.979140757950501,2.3916563031802003,36.125,36.0,36.6,365.8,35.0,1.8985587588688309,-0.8977433935342337,29.414285714285715,7.699999999999999,11.128571428571428,11.8,10.0,2.5,5.66
2020-06-05,8.538083799941754,2.246864157879409,36.075,36.0,36.2,341.0,35.2,2.0021320931139344,-0.9051931898913974,29.52857142857143,7.15,11.185714285714287,11.0,10.0,3.8,5.35
2020-06-06,7.275240504181871,1.2763579831898018,34.625,33.0,34.0,185.60000000000002,33.8,2.0567120898236047,-0.9123747579707273,29.607142857142858,4.5,11.171428571428569,6.4,8.0,5.7,4.65
2020-06-07,12.183145331142835,1.7404493330204052,34.275000000000006,33.5,33.6,86.25,33.2,1.9390593826163767,-0.9192859697186104,29.385714285714283,5.6,10.62857142857143,3.0,9.5,7.0,4.42
2020-06-08,5.577915085189642,1.507544617618822,33.975,33.5,33.8,96.89999999999999,33.2,1.9076950848942862,-0.9259247771938498,29.27857142857143,4.9,9.557142857142859,3.4,10.0,3.7,4.58
2020-06-09,11.657848885599835,2.045236646596462,35.225,35.1,35.2,323.565,34.4,1.9199036534009173,-0.9322892131745133,29.24285714285714,6.5,8.485714285714286,11.1,11.900000000000002,5.7,5.01
2020-06-10,15.73368638949621,1.7879189078972964,34.775,34.6,34.4,195.32500000000002,34.0,1.9317079140547357,-0.9383773917408641,29.342857142857145,5.799999999999999,8.385714285714284,6.5,9.100000000000001,8.8,5.65
2020-06-11,10.93595519565604,1.4389414731126369,34.175000000000004,33.5,33.6,103.25,33.8,1.8565754213403427,-0.9441875088341993,29.63571428571429,4.699999999999999,7.6000000000000005,3.5,8.0,7.6,4.98
2020-06-12,9.647106263302234,1.7226975470182562,34.824999999999996,33.0,34.8,288.40000000000003,34.0,1.7204733027592618,-0.9497178427914316,29.421428571428574,5.35,6.414285714285714,10.3,10.0,5.6,4.5
2020-06-13,11.964002111143447,2.098947738797096,35.225,35.0,36.0,342.22499999999997,34.6,1.6455923583505256,-0.9549667548552551,28.992857142857144,6.75,6.314285714285715,11.7,11.5,5.7,5.75
2020-06-14,9.798620778566363,1.8843501497243005,35.825,34.5,36.0,336.4,35.2,1.7631051805801392,-0.9599326896597447,29.028571428571432,6.15,7.071428571428571,11.6,11.0,5.2,4.65
2020-06-15,9.334615749741097,2.029264293421978,36.275,35.5,36.4,336.3,35.6,1.7836624401092671,-0.9646141756912435,29.064285714285717,6.4,8.3,11.4,12.0,4.6,5.75
2020-06-16,6.155912757759854,1.6637602047999605,35.475,34.5,36.2,184.905,35.0,1.8581938223668608,-0.9690098257244062,29.20714285714286,5.5,9.442857142857145,6.3,10.3,3.7,5.28
2020-06-17,8.404530620963042,1.8270718741224008,36.275,35.0,36.6,351.0,35.6,1.8036971878245034,-0.9731183372332619,29.235714285714288,5.9,8.757142857142858,12.0,11.5,4.6,5.33
2020-06-18,11.585823449370602,2.1860044244095476,36.375,35.5,36.8,333.2,35.6,1.809290468713804,-0.9769384927771817,29.12142857142857,6.949999999999999,9.542857142857143,11.2,11.5,5.3,5.75
2020-06-19,9.456598223464933,2.251571005586889,36.725,36.0,37.2,384.0,36.0,1.9160137474705057,-0.980469160361632,29.157142857142855,7.0,10.642857142857142,12.8,12.0,4.2,5.61
2020-06-20,12.664777364050016,1.7114564005472994,36.025,34.5,36.2,303.85,35.2,1.991567098694596,-0.9837092937736097,29.442857142857143,5.5,11.0,10.3,10.0,7.4,6.4
2020-06-21,16.046625032940778,1.7633653882352505,34.075,33.5,33.2,109.15,34.2,1.9362111932303392,-0.986657932891657,29.478571428571428,5.449999999999999,10.799999999999999,3.7,8.0,9.1,5.88
2020-06-22,11.529236424731407,1.8595542620534526,34.975,34.0,35.0,249.47500000000002,34.0,1.9189276558747608,-0.9893142039703663,29.55,6.0,9.671428571428573,8.5,9.3,6.2,6.48
2020-06-23,0.683291845066439,1.1388197417773984,33.075,31.7,32.4,0.0,32.8,1.894683365679257,-0.99167731989929,29.52857142857143,3.8000000000000007,9.257142857142856,0.0,7.199999999999999,0.6,2.86
2020-06-24,1.5676406263321012,0.7838203131660506,33.225,32.5,32.8,13.725,33.4,1.8196918709617482,-0.993746580436178,29.349999999999998,2.549999999999999,8.357142857142858,0.5,10.100000000000001,2.0,1.32
2020-06-27,9.214246685072412,1.9196347260567528,32.775,33.5,33.6,311.92,32.4,1.3698361024203412,-0.9981855344718586,28.525000000000002,6.200000000000001,4.266666666666667,11.2,11.3,4.8,3.6
2020-06-28,5.887004661007764,1.5492117528967801,33.224999999999994,34.0,34.2,335.23999999999995,32.6,1.40453249000525,-0.99907411510223,28.25,5.0,4.416666666666667,11.6,10.2,3.8,4.12
2020-06-29,4.071862738689511,1.5661010533421196,34.725,36.0,35.8,279.65000000000003,33.6,1.3688402174488383,-0.9996666485105112,28.150000000000002,4.899999999999999,5.733333333333333,9.4,12.5,2.6,4.97
2020-06-30,2.56363599064014,1.1146243437565826,32.675000000000004,33.8,32.6,31.790000000000003,32.2,1.3199313493302827,-0.9999629591162655,28.21666666666667,3.75,5.883333333333333,1.1,9.799999999999997,2.3,4.62
2020-07-01,7.3699988385533315,1.7139532182682167,33.975,34.4,34.4,321.34499999999997,33.4,1.3158987829934803,-0.9999629591162655,28.349999999999998,5.349999999999998,6.066666666666666,11.1,10.899999999999999,4.3,5.34
2020-07-02,5.7736789976677505,1.8624770960218548,34.725,35.0,35.6,321.55,33.8,1.4709209338438411,-0.9996666485105112,28.599999999999998,5.9,7.833333333333333,10.9,11.0,3.1,4.23
2020-07-03,4.4238176323826,1.263947894966457,33.225,33.2,33.0,56.7,32.8,1.5268575284407004,-0.99907411510223,28.728571428571428,4.35,8.27142857142857,2.0,9.700000000000003,3.5,4.54
2020-07-04,6.150397389383961,1.7084437192733226,33.325,34.5,33.6,184.45000000000002,32.6,1.5699928693298233,-0.9981855344718586,28.885714285714283,5.699999999999999,8.185714285714285,6.2,9.5,3.6,4.92
2020-07-05,11.514766678825847,1.9516553692925163,34.125,35.0,34.8,317.625,33.2,1.539822725503619,-0.9970011699250151,29.157142857142855,6.25,7.471428571428572,10.5,9.5,5.9,5.6
2020-07-06,12.815216864352212,2.0669704619922924,34.025,34.4,34.0,338.66,34.2,1.5973146707030101,-0.9955213724144752,29.349999999999998,6.6,7.314285714285715,11.8,11.399999999999999,6.2,4.61
2020-07-07,5.676085900276663,2.1022540371395046,34.725,35.1,35.4,334.11,33.8,1.6688674433673205,-0.9937465804361781,29.2,6.5,7.6571428571428575,11.1,10.0,2.7,4.99
2020-07-08,1.9086026873803434,0.9543013436901717,33.625,34.5,34.0,154.96,33.6,1.8099573995648808,-0.99167731989929,29.37142857142857,3.299999999999999,9.085714285714285,5.2,9.399999999999999,2.0,4.72
2020-07-09,2.517393415715583,1.0945188763980798,34.975,35.4,35.6,193.965,34.2,1.7014357031965885,-0.9893142039703664,29.49285714285714,3.3000000000000007,8.242857142857142,6.7,12.899999999999999,2.3,5.12
2020-07-10,0.6225449962585918,0.32765526118873256,32.025000000000006,32.5,32.2,131.28,32.6,1.5917273861074777,-0.9866579328916572,29.414285714285715,1.1499999999999986,7.642857142857143,4.8,10.3,1.9,4.95
2020-07-11,2.656917741799641,1.3983777588419162,33.975,34.0,34.6,276.45,32.6,1.457971295567803,-0.9837092937736098,29.271428571428572,4.300000000000001,8.042857142857143,9.7,11.0,1.9,4.27
2020-07-12,6.66156828370406,1.5860876865962048,33.425000000000004,33.6,33.8,251.60000000000002,32.6,1.4136761583633162,-0.9804691603616321,29.092857142857145,5.299999999999999,8.542857142857143,8.5,8.0,4.2,3.71
2020-07-13,6.024150715283554,1.8825470985261104,34.324999999999996,34.5,34.8,294.27,33.6,1.3614522036924146,-0.9769384927771817,29.0,6.050000000000001,8.257142857142856,10.2,11.3,3.2,3.53
2020-07-14,2.6666945384447995,1.4814969658026664,34.925,35.0,35.6,330.96,33.8,1.3351060089115314,-0.973118337233262,29.021428571428572,4.5500000000000025,8.028571428571428,11.2,10.899999999999999,1.8,3.8
2020-07-15,5.092629741687636,1.6975432472292122,34.425,35.0,34.8,277.3,33.8,1.2464264272919832,-0.9690098257244063,28.942857142857143,5.299999999999999,8.042857142857143,9.4,11.0,3.0,4.74
2020-07-16,8.226804001079202,1.5522271700149437,33.675,35.0,34.0,251.60000000000002,33.2,1.3526038420832747,-0.9646141756912435,28.900000000000002,5.0,8.642857142857142,8.5,10.8,5.3,5.37
2020-07-17,3.919494904010378,1.4516647792631028,33.925000000000004,33.6,34.0,164.07999999999998,33.6,1.417990741171398,-0.9599326896597445,28.99285714285714,4.75,8.9,5.6,8.600000000000001,2.7,6.36
2020-07-18,1.9344362090833398,1.0746867828240776,34.974999999999994,35.5,35.6,280.8,34.6,1.5785635294677367,-0.9549667548552553,29.271428571428572,3.6000000000000014,9.014285714285714,9.6,12.5,1.8,2.86
2020-07-19,1.7566788552178005,0.6506217982288149,32.324999999999996,33.0,32.4,165.88,31.2,1.5323219614651882,-0.9497178427914317,29.37857142857143,2.25,9.0,5.8,8.8,2.7,2.91
2020-07-20,0.8667033591137614,0.5098255053610361,30.949999999999996,30.6,30.0,112.56,30.4,1.398683977412704,-0.9441875088341994,29.235714285714288,1.8499999999999996,8.614285714285714,4.2,7.600000000000001,1.7,3.87
2020-07-21,2.1036699299610238,1.5026213785435885,34.275,34.0,34.8,297.0,33.6,1.2025808926748363,-0.9383773917408642,28.942857142857143,4.800000000000001,7.757142857142857,9.9,8.0,1.4,4.4
2020-07-22,0.6883402754057004,0.43021267212856273,31.975,33.5,32.0,174.195,32.8,1.2055986659235394,-0.9322892131745134,29.00714285714286,1.5,7.571428571428571,6.3,11.7,1.6,2.83
2020-07-23,2.3899062768096075,1.257845408847162,34.275000000000006,33.6,35.0,327.845,33.4,1.024551440909161,-0.9259247771938499,28.742857142857144,3.9499999999999993,7.128571428571428,11.9,12.100000000000001,1.9,3.13
2020-07-24,3.5055879605779077,1.3483030617607337,33.925,33.5,34.6,266.0,33.4,0.9824969035994778,-0.9192859697186105,28.45,4.5,7.614285714285714,9.5,11.0,2.6,3.88
2020-07-25,4.721239759488732,1.049164390997496,32.175,32.0,32.2,132.07000000000002,31.8,0.9677309439562822,-0.9123747579707274,28.264285714285712,3.5999999999999996,8.171428571428573,4.7,7.800000000000001,4.5,3.97
2020-07-26,6.0559242051826825,1.2884945117409963,31.375,32.0,31.4,41.25,30.6,0.9640848879810563,-0.9051931898913975,28.1,4.5,7.471428571428571,1.5,9.0,4.7,2.57
2020-07-27,5.233352423309526,1.4537090064748683,31.475,32.0,31.6,97.125,31.4,1.0552095613399393,-0.8977433935342336,27.942857142857147,5.0,6.857142857142857,3.5,8.5,3.6,2.48
2020-07-28,0.8557517923012914,0.4075008534768054,29.275,28.8,28.0,0.0,29.2,1.1900500614990581,-0.8900275764346766,28.07857142857143,1.75,6.757142857142857,0.0,7.300000000000001,2.1,1.48
2020-07-29,8.258112056565826,1.0453306400716236,30.825000000000003,31.0,30.4,144.42499999999998,30.4,1.0336042722038035,-0.8820480249558535,27.385714285714283,3.5999999999999996,5.3428571428571425,5.3,7.5,7.9,5.89
2020-07-30,8.276162489082711,1.6890127528740226,32.025000000000006,33.5,32.2,285.0,31.4,1.1214782676242407,-0.8738071036110807,27.328571428571426,5.549999999999999,5.2,10.0,10.0,4.9,3.11
2020-07-31,9.341607190909489,1.9064504471243855,33.325,34.5,34.2,373.75,32.6,1.1830736024852209,-0.8653072543632061,27.464285714285715,6.25,4.928571428571429,13.0,11.5,4.9,6.94
2020-08-01,11.472638418216158,1.365790287882876,31.425,33.2,31.2,116.4,31.4,1.2628089432514569,-0.8565509959010037,27.571428571428573,4.75,5.428571428571429,4.0,8.200000000000003,8.4,5.65
2020-08-02,17.471209018177504,1.4204234974128052,31.225,32.0,31.0,89.125,30.8,1.3080412142350826,-0.8475409228928312,27.714285714285715,4.75,5.328571428571428,3.1,6.5,12.3,6.88
2020-08-03,16.615550685156396,1.361930384029213,30.075000000000003,30.2,29.4,5.54,29.8,1.326888212188198,-0.8382797052177745,27.892857142857142,4.75,5.557142857142857,0.2,5.0,12.2,6.78
2020-08-04,17.315948504795532,1.6335800476222202,31.225,32.7,31.2,224.8,30.8,1.3137769804102473,-0.828770087174504,27.885714285714283,5.699999999999999,5.0857142857142845,8.0,9.200000000000003,10.6,8.51
2020-08-05,15.551922649451674,1.747407039264233,31.075000000000003,33.0,31.0,209.0,30.6,1.4889311510024494,-0.8190148866680802,28.307142857142857,5.85,6.228571428571428,7.6,11.0,8.9,5.93
2020-08-06,11.76835623966548,1.060212273843737,30.200000000000003,31.0,29.6,25.425,30.0,1.5892277794585365,-0.8090169943749472,28.342857142857145,3.75,6.557142857142857,0.9,5.5,11.1,6.25
2020-08-07,20.338445261529202,1.5766236636844342,30.775000000000002,32.5,30.8,103.25,30.4,1.4993991395970672,-0.7987793728863648,28.307142857142857,5.35,5.257142857142857,3.5,6.0,12.9,5.71
2020-08-08,16.57181074504145,1.5934433408693702,31.174999999999997,33.8,31.4,137.005,31.0,1.4522810276770741,-0.7883050558305253,28.414285714285715,5.4,3.9,4.7,9.299999999999997,10.4,5.93
2020-08-09,12.435171582550547,1.120285728157707,24.375,31.8,30.8,45.44,31.0,1.4848028923894303,-0.7775971469736268,28.42142857142857,3.9499999999999993,4.0,1.6,6.800000000000001,11.1,5.57
2020-08-10,10.5068539490778,1.479838584377155,32.925000000000004,33.6,33.0,249.89999999999998,32.2,1.4419260682101307,-0.7666588193001592,28.37142857142857,5.0,3.7857142857142856,8.5,8.400000000000002,7.1,5.1
2020-08-11,19.57854298545283,2.0608992616266137,33.575,34.8,34.2,328.635,32.8,1.4587700968312654,-0.7554933140726804,28.614285714285717,6.700000000000001,4.971428571428571,10.9,9.299999999999997,9.5,6.58
2020-08-12,21.07168653321937,2.4501961085138806,34.025,34.5,34.2,299.0,33.0,1.519815698831893,-0.7441039398713608,28.907142857142855,8.05,5.385714285714286,10.4,11.5,8.6,7.59
2020-08-13,16.83720646174716,2.4760597737863472,34.575,34.5,34.6,322.0,33.4,1.6202141372961285,-0.7324940716135792,29.085714285714285,8.1,5.785714285714286,11.5,13.0,6.8,7.41
2020-08-14,16.517693829199402,2.173380766999921,33.825,34.2,34.0,258.3,33.0,1.8224780658593585,-0.7206671495538615,29.05,7.25,7.3,9.0,11.000000000000004,7.6,7.15
2020-08-15,14.720488655908683,2.26469056244749,34.525,34.5,34.0,312.0,33.0,1.9077290806187135,-0.70862667826446,28.935714285714287,7.450000000000001,8.085714285714285,10.4,9.0,6.5,7.33
2020-08-16,10.924694336229406,1.88356798900507,33.775,34.0,33.4,215.6,33.0,2.003621540844159,-0.6963762255968726,29.057142857142857,6.350000000000001,8.9,7.7,12.0,5.8,6.02
2020-08-17,16.388348894242508,2.6013252213083344,35.625,35.6,35.6,339.56500000000005,34.4,2.1126618638223538,-0.6839194216246105,29.0,8.45,9.771428571428572,11.3,11.100000000000001,6.3,4.81
2020-08-18,15.454532883962797,2.492666594187548,35.625,35.5,35.6,334.53000000000003,34.4,2.272874240526808,-0.6712599575675315,29.092857142857145,8.049999999999999,10.171428571428573,11.8,14.3,6.2,7.52
2020-08-19,5.436806600950373,2.7184033004751864,36.375,36.6,36.6,372.62,35.0,2.334555288035513,-0.6584015846980489,28.83571428571429,8.450000000000003,10.299999999999999,12.4,13.100000000000001,2.0,7.9
2020-08-20,6.295142523738021,2.421208662976162,37.075,36.8,37.4,369.72499999999997,35.6,2.3728706011728424,-0.64534811322955,29.021428571428572,7.35,10.585714285714287,11.5,9.299999999999997,2.6,7.32
2020-08-21,5.123008129185975,2.43952768056475,37.275,37.0,37.8,292.04,36.0,2.3650347281999586,-0.6321034111873488,29.614285714285717,7.5,10.585714285714287,9.8,14.399999999999999,2.1,5.93
2020-08-22,9.986563050275974,1.3140214539836808,35.675,36.8,36.2,300.0,35.6,2.4030557158520773,-0.6186714032625032,29.771428571428572,4.35,10.700000000000001,10.0,13.599999999999998,7.6,5.62
2020-08-23,2.971784530046131,1.3508111500209685,36.224999999999994,36.0,36.8,259.6,35.8,2.2672458432143903,-0.6050560696488494,29.771428571428572,4.5,10.642857142857142,8.8,13.0,2.2,5.68
2020-08-24,2.8188889162407955,1.6581699507298797,35.975,37.0,36.6,223.125,35.8,2.1911377233595184,-0.5912614448635782,29.985714285714288,5.300000000000001,10.799999999999999,7.5,14.5,1.7,6.68
2020-08-25,4.824013339968666,2.097397104334203,36.075,35.6,36.8,302.1,35.2,2.056401256134025,-0.5772916165517278,29.942857142857147,6.399999999999999,10.257142857142856,9.5,7.600000000000001,2.3,4.26
2020-08-26,1.6198731466327256,0.8099365733163628,32.675,36.0,32.4,288.90000000000003,34.4,1.9999341861549758,-0.5631507242749187,30.435714285714283,2.75,9.928571428571429,9.0,7.800000000000001,2.0,4.2
2020-08-27,2.986059439392204,1.3572997451782745,34.425,36.0,35.1,266.79999999999995,34.2,1.7272960822751438,-0.5488429582847199,30.72857142857143,4.35,9.442857142857145,9.2,14.0,2.2,4.14
2020-08-28,3.885573542601292,2.158651968111829,34.825,35.8,35.6,51.765,33.6,1.5753090940183028,-0.5343725582809785,30.27857142857143,6.75,9.114285714285716,1.7,10.699999999999996,1.8,4.65
2020-08-29,7.357459056832329,2.043738626897869,34.175,35.0,34.8,347.7,33.6,1.5351839922393142,-0.5197438121555157,30.37142857142857,6.65,7.957142857142856,11.4,9.0,3.6,4.61
2020-08-30,7.724709589162858,2.2070598826179593,34.075,35.5,34.6,287.1,33.4,1.6394293026556266,-0.5049610547215202,30.442857142857143,6.949999999999999,8.157142857142857,9.9,13.0,3.5,5.4
2020-08-31,5.635077083537214,1.943130028805936,34.775000000000006,35.6,35.4,226.48,33.6,1.7617505501694826,-0.4900286664290594,30.37142857142857,6.15,8.314285714285715,7.6,11.600000000000001,2.9,3.99
2020-09-01,1.6482753381170636,0.9695737283041551,31.824999999999996,31.2,31.4,0.0,31.6,1.8024591327517763,-0.4749510720670502,30.378571428571426,3.1999999999999993,8.328571428571427,0.0,7.599999999999998,1.7,3.75
2020-09-02,4.1144059806632765,1.1755445659037933,31.475,30.8,31.2,21.32,31.0,1.6413415076046267,-0.4597327394521046,29.75,4.15,6.971428571428571,0.8,8.3,3.5,2.88
2020-09-03,4.175249393655203,1.3468546431145814,33.474999999999994,34.5,33.8,232.83,32.6,1.6935712208314022,-0.4443781781046134,28.971428571428568,4.6,5.8,7.8,9.3,3.1,3.85
2020-09-04,3.376308582129761,1.6077659914903624,33.474999999999994,35.5,33.8,292.455,32.6,1.692079063393732,-0.4288919379124841,29.092857142857145,5.149999999999999,5.6,9.7,10.7,2.1,4.43
2020-09-05,7.0992158824000295,1.7748039706000074,33.625,35.2,34.2,265.665,33.0,1.6133810667335222,-0.41327860778290443,29.05,5.800000000000001,6.742857142857143,8.9,10.700000000000003,4.0,3.67
2020-09-06,2.834868747629468,0.49734539432095926,32.175,33.0,32.0,156.35,32.4,1.5749618301195423,-0.3975428142825566,28.957142857142856,1.75,6.385714285714285,5.3,7.0,5.7,3.0
2020-09-07,10.401053831133243,1.6775893276021359,30.525,32.5,30.6,80.055,30.0,1.3307169032199706,-0.3816892202666586,29.02857142857143,6.449999999999999,5.728571428571428,2.7,5.699999999999999,6.2,5.1
2020-09-08,8.252821144236389,1.719337738382581,33.325,35.0,34.4,265.34999999999997,32.0,1.2927825173337137,-0.3657225234972692,29.007142857142856,5.649999999999999,5.028571428571429,8.7,9.0,4.8,4.56
2020-09-09,9.171589818949654,1.6377838962410096,32.724999999999994,34.8,32.6,232.26,32.6,1.3998916616306316,-0.34964745525122826,29.45,5.35,6.271428571428572,7.9,10.799999999999997,5.6,4.42
2020-09-10,10.331816082691763,1.7219693471152937,32.574999999999996,33.5,32.6,224.57999999999998,31.6,1.4659258516788054,-0.33346877891818705,29.842857142857145,5.75,7.285714285714286,7.6,7.899999999999999,6.0,6.02
2020-09-11,8.62916063450203,1.6281435159437794,31.825000000000003,34.0,31.6,184.275,31.2,1.5195136665360498,-0.31719128858910595,29.8,5.549999999999999,7.257142857142857,6.3,9.5,5.3,6.91
2020-09-12,4.167063453927751,0.9470598758926707,30.575,32.0,30.0,0.0,30.6,1.5224247414579666,-0.300819807635668,29.67142857142857,3.3499999999999996,6.771428571428571,0.0,7.5,4.4,3.65
2020-09-13,10.682066837730376,1.504516456018363,30.775,33.0,30.0,174.05,30.8,1.4041755850712043,-0.2843591872810036,29.442857142857143,5.1,5.5,5.9,7.0,7.1,6.0
2020-09-14,10.496610529373786,1.8097604360989286,31.725,34.0,31.2,194.04,31.0,1.5480571653136905,-0.26781430516217486,29.442857142857143,5.999999999999998,5.585714285714286,6.6,9.2,5.8,4.03
2020-09-15,11.840084823724347,1.850013253706929,32.275,35.0,32.0,253.65,31.8,1.5669387522418037,-0.25119006388481957,29.407142857142855,6.15,6.142857142857143,8.9,13.0,6.4,5.82
2020-09-16,12.433007233101907,2.0381979070658867,32.824999999999996,34.8,32.4,255.6,31.6,1.5856066830024247,-0.23449138957041052,29.12142857142857,6.700000000000001,6.171428571428571,9.0,12.799999999999997,6.1,7.1
2020-09-17,12.939044513842038,2.0217257052878184,32.575,35.0,32.4,295.79999999999995,32.0,1.6428086845488359,-0.21772323039653224,28.978571428571428,6.700000000000001,6.328571428571428,10.2,12.0,6.4,5.16
2020-09-18,24.493873646963216,1.9135838786690011,32.525,34.5,32.0,277.3,31.6,1.685631021430625,-0.20089055513063528,28.900000000000002,6.350000000000001,6.700000000000001,9.4,10.0,12.8,4.11
2020-09-19,23.141613445291394,1.7269860780068205,30.925,33.0,30.2,11.9,30.6,1.7264082161056569,-0.18399835165767986,28.935714285714287,6.0,7.142857142857143,0.4,6.5,13.4,5.98
2020-09-20,20.949203773727398,1.8539118383829554,31.474999999999998,35.5,30.8,74.39999999999999,29.8,1.8378262449791067,-0.1670516255021195,29.150000000000002,6.25,7.2,2.4,9.0,11.3,6.55
2020-09-21,14.618628616633119,2.002551865292208,32.425000000000004,33.5,31.8,299.21500000000003,31.6,1.8877398710311912,-0.15005539834465262,29.364285714285717,5.75,6.7,10.3,8.899999999999999,7.3,6.2
2020-09-22,14.235625031230011,1.7794531289037514,31.575,32.0,30.8,31.075000000000003,31.2,1.9152815037730886,-0.13301470653419636,29.314285714285713,5.449999999999999,7.228571428571428,1.1,7.5,8.0,4.88
2020-09-23,14.838157976569391,2.3184621838389674,33.975,35.0,33.4,281.25,32.6,1.9052014859440631,-0.11593459959550066,29.27857142857143,7.65,6.114285714285714,9.0,7.5,6.4,7.14
2020-09-24,2.3284318278246436,1.0583781035566562,32.225,35.5,32.6,160.875,33.0,1.9452392397687888,-0.09882013873287211,29.685714285714287,4.200000000000001,6.114285714285714,5.5,12.5,2.2,3.8
2020-09-25,0.5167159587565017,0.645894948445627,30.975,30.2,30.4,0.0,30.8,1.8076181538071943,-0.08167639533042288,29.72142857142857,2.1500000000000004,5.442857142857142,0.0,-3.3000000000000007,0.8,1.94
2020-09-26,5.564995120818041,1.8549983736060136,32.375,35.5,32.6,249.00000000000003,32.2,1.6265197352038552,-0.06450844944931625,30.057142857142857,5.700000000000001,4.1,8.3,11.0,3.0,5.55
2020-09-27,5.4652601480776415,1.9518786243134434,33.825,35.6,33.8,316.15999999999997,33.0,1.64480720600374,-0.04732138832243232,30.092857142857145,6.1,5.228571428571429,10.4,10.400000000000002,2.8,5.35
2020-09-28,5.829146431679091,1.8803698166706746,34.075,35.8,33.8,253.26,33.4,1.6588024611366665,-0.03012030484690836,30.00714285714286,6.5,6.371428571428572,8.4,11.299999999999997,3.1,3.8
2020-09-29,7.50367076267541,1.7865882768274786,33.375,34.5,33.2,109.395,32.8,1.6413478827621621,-0.012910296075008843,30.16428571428571,6.15,6.1,3.9,12.899999999999999,4.2,5.35
2020-09-30,16.077770916525246,1.869508246107587,34.125,34.5,33.6,263.17499999999995,32.8,1.6423671896084089,0.004303538296243821,30.135714285714283,6.35,6.5,8.7,8.5,8.6,6.04
2020-10-01,17.17548627180279,2.525806804676881,33.275,34.0,32.6,220.15,32.8,1.5782309127896401,0.021516097436222233,29.99285714285714,8.5,6.457142857142857,7.4,8.5,6.8,5.8
2020-10-02,22.086326504944697,2.568177500574965,34.675000000000004,35.5,34.2,313.65,33.2,1.7878635843782438,0.03872228089217399,30.064285714285713,8.450000000000001,6.728571428571429,10.2,9.5,8.6,8.62
2020-10-03,29.590994297457602,2.3299995509809137,34.425000000000004,35.0,33.6,263.17499999999995,33.4,2.0624753775395774,0.05591699010060302,29.907142857142855,7.75,8.185714285714287,8.7,9.5,12.7,7.95
2020-10-04,26.62775904335456,2.6627759043354557,35.275000000000006,35.0,34.8,342.125,33.6,2.1303326885931346,0.07309512989807776,29.942857142857143,8.5,8.242857142857142,11.5,10.5,10.0,8.71
2020-10-05,11.776886781033475,3.0991807318509146,36.475,36.8,36.2,309.56,34.6,2.2318894428819935,0.0902516100310407,29.849999999999998,10.0,8.4,10.9,16.799999999999997,3.8,7.84
2020-10-06,9.291482441065247,2.445126958175065,36.425,36.8,36.4,305.54999999999995,34.6,2.406005287907742,0.10738134666416306,29.6,7.800000000000001,8.757142857142856,9.7,10.599999999999998,3.8,6.0
2020-10-07,6.963349164099852,2.246241665838662,35.125,35.0,34.8,193.75,34.4,2.5000822423859685,0.12447926388678869,30.092857142857145,7.6,9.585714285714285,6.2,7.5,3.1,4.49
2020-10-08,6.024436748900321,2.317091057269354,36.375,36.6,35.8,238.68,35.2,2.553901302347551,0.141540295217043,30.235714285714288,7.25,9.228571428571428,7.8,12.0,2.6,6.97
2020-10-09,3.028953497218517,1.3767970441902349,31.575,31.2,31.0,2.7350000000000003,31.6,2.5240847670036186,0.15855938510313475,30.357142857142858,4.75,9.285714285714286,0.1,7.699999999999999,2.2,4.7
2020-10-10,13.671425658621608,1.6471597179062176,31.924999999999997,34.0,31.4,244.0,31.2,2.353887558948657,0.17553149042142777,29.87142857142857,5.5,7.8428571428571425,8.0,7.0,8.3,4.21
2020-10-11,31.511764299780598,2.1436574353592244,32.125,33.8,31.8,278.57,31.4,2.2563390113665576,0.19245158197082995,29.907142857142855,7.100000000000001,7.742857142857143,8.9,4.9999999999999964,14.7,6.63
2020-10-12,34.92528924873204,2.3598168411305434,32.224999999999994,35.0,32.0,267.525,31.8,2.182179230084239,0.20931464596304888,30.12857142857143,7.750000000000002,7.371428571428572,8.7,8.5,14.8,7.47
2020-10-13,40.550529764459384,2.7215120647288176,33.275,35.5,33.0,312.59499999999997,32.2,2.076555817124186,0.22611568550828803,30.464285714285715,9.0,7.057142857142858,10.1,9.100000000000001,14.9,7.54
2020-10-14,18.324918529289157,1.4659934823431324,31.725,34.0,31.8,159.3,32.0,2.116039403774722,0.2428497220959358,30.385714285714283,5.0,7.114285714285714,5.4,9.0,12.5,6.67
2020-10-15,27.170384068224568,2.2832255519516442,32.775,34.8,32.2,311.48,32.2,2.004575377561075,0.25951179706979943,30.135714285714283,7.5,7.0,10.4,9.699999999999996,11.9,7.59
2020-10-16,26.10115589989989,2.7767187127553075,33.975,35.5,34.0,341.0,32.2,1.9997374482299735,0.27609697309746883,30.04285714285714,8.950000000000001,7.371428571428572,11.0,9.0,9.4,8.44
2020-10-17,11.939685565403627,2.058566476793729,34.625,35.2,34.6,267.08000000000004,33.4,2.1997262580249837,0.2926003356333479,30.564285714285713,8.05,8.928571428571429,8.8,9.700000000000003,5.8,7.32
2020-10-18,15.213521826357656,2.4537938429609123,35.575,36.2,36.0,291.55500000000006,34.8,2.258498652151771,0.30901699437494723,30.542857142857144,7.75,9.042857142857143,9.3,9.700000000000003,6.2,6.8
2020-10-19,19.77883264546113,2.602477979665938,35.574999999999996,36.0,35.6,325.0,34.6,2.3028038532377266,0.3253420847119795,30.55,8.5,9.1,10.4,9.5,7.6,6.0
2020-10-20,22.102724725413275,2.728731447581886,35.475,36.4,35.4,357.42,34.4,2.3374697301713545,0.341570769167856,30.62142857142857,8.75,9.342857142857143,11.1,8.399999999999999,8.1,8.53
2020-10-21,20.550754667476404,2.44651841279481,34.675000000000004,35.5,34.6,298.45,33.8,2.3385010705789355,0.35769823883312546,30.800000000000004,7.899999999999999,9.485714285714286,9.4,7.5,8.4,6.27
2020-10-22,27.22751653101479,2.778318013368856,35.525000000000006,36.0,35.2,367.08000000000004,34.8,2.4785760606434613,0.3737197147904692,31.121428571428574,8.8,10.057142857142859,11.4,7.600000000000001,9.8,9.18
2020-10-23,27.57164261960456,3.1331412067732454,35.724999999999994,36.0,35.8,338.58000000000004,34.6,2.5493035551316336,0.38963044953078774,31.442857142857147,10.1,10.200000000000001,10.8,9.3,8.8,6.08
2020-10-24,15.959310441319465,2.7049678714100787,35.475,36.5,35.4,289.75,34.4,2.600221054277054,0.4054257283599973,31.492857142857144,8.75,10.171428571428573,9.5,12.0,5.9,8.48
2020-10-25,11.435384240263305,2.659391683782164,35.375,36.2,35.2,279.93,34.8,2.692564110650818,0.42110087079608916,31.514285714285712,8.5,10.271428571428572,9.3,12.200000000000003,4.3,7.43
2020-10-26,8.348349346761761,2.3189859296560447,35.975,36.4,36.0,286.23,35.0,2.7219352307681395,0.4366512319560638,31.33571428571429,7.5,10.271428571428572,9.4,11.899999999999999,3.6,4.41
2020-10-27,3.3532870827006422,1.0479022133439506,33.325,33.5,33.8,185.85,33.4,2.681436366481012,0.45207220393230374,31.22142857142857,3.5999999999999996,10.12857142857143,6.3,8.0,3.2,4.54
2020-10-28,4.080388817568422,1.457281720560151,32.925,33.5,33.4,238.0,32.6,2.4413179044470215,0.46735921715800205,30.83571428571429,4.75,9.442857142857141,8.0,7.5,2.8,4.84
2020-10-29,6.758708224814694,1.7786074275828143,32.725,34.2,33.0,270.02,32.6,2.2999983769849273,0.48250774176121763,30.550000000000004,5.699999999999999,9.242857142857144,9.2,9.700000000000003,3.8,5.39
2020-10-30,8.01013490647417,1.7413336753204718,32.675000000000004,34.0,33.2,269.09999999999997,32.4,2.1571825790154926,0.4975132889071803,30.142857142857142,5.75,8.928571428571429,9.2,9.5,4.6,3.92
2020-10-31,5.937047812918431,1.562381003399587,33.324999999999996,34.5,33.8,265.05,33.0,1.9583529316650965,0.5123714121284235,29.842857142857145,4.949999999999999,8.7,9.3,12.0,3.8,4.48
2020-11-01,4.548218584162914,1.1968996274112933,32.925000000000004,34.5,33.6,291.555,32.4,1.7951262362350262,0.5270777086423724,29.557142857142857,3.9000000000000004,8.671428571428573,9.9,10.100000000000001,3.8,3.67
2020-11-02,5.70817742741406,1.6788757139453117,32.925000000000004,34.0,33.6,234.0,32.6,1.586198799610616,0.5416278206559811,29.464285714285715,5.35,8.757142857142858,8.0,9.5,3.4,4.72
2020-11-03,6.026844399324008,1.6288768646821643,33.2,34.0,34.0,262.08,33.0,1.4947544830805113,0.5560174366570446,29.292857142857144,5.200000000000001,8.557142857142859,9.1,10.399999999999999,3.7,4.39
2020-11-04,3.1619055935300495,1.2647622374120198,33.025,33.2,33.8,189.15,32.6,1.577750861843113,0.5702422926917867,29.192857142857143,4.25,8.957142857142857,6.5,8.200000000000003,2.5,4.34
2020-11-05,4.511101403913777,1.5555522082461302,32.575,33.5,33.0,302.30500000000006,32.6,1.5502480785362374,0.5842981736283683,29.099999999999998,5.1,8.742857142857144,10.3,8.3,2.9,4.04
2020-11-06,1.996643529752009,0.8319348040633372,32.075,32.8,32.2,177.63,32.0,1.5183830472024253,0.5981809144059158,29.1,2.8499999999999996,8.9,6.2,8.299999999999997,2.4,3.56
2020-11-07,4.6216317519530286,1.1272272565739094,31.775000000000002,34.4,32.0,291.06,31.6,1.3884689227371203,0.6118864012687242,29.014285714285712,3.8499999999999996,8.471428571428572,9.9,10.0,4.1,3.92
2020-11-08,1.2329864580142766,0.5137443575059486,30.15,31.0,29.5,84.47500000000001,30.2,1.3263041017620236,0.6254105729852457,29.142857142857142,1.8000000000000007,8.557142857142857,3.1,7.5,2.4,2.1
2020-11-09,4.528220368213235,1.1320550920533088,30.875,31.2,31.0,160.66,30.4,1.2287104917755458,0.6387494220515268,28.82857142857143,3.4499999999999993,7.585714285714286,5.8,7.0,4.0,2.93
2020-11-10,0.6001969609543029,0.272816800433774,29.525,28.4,29.0,7.83,29.6,1.1505932600766884,0.6518989958787125,28.607142857142858,0.9499999999999993,7.271428571428571,0.3,4.599999999999998,2.2,2.88
2020-11-11,1.8532241796638174,0.8824877046018178,31.875,32.8,32.4,283.22,31.2,0.9568703937554897,0.6648553979642866,28.22142857142857,2.9000000000000004,6.014285714285714,9.8,7.799999999999997,2.1,2.35
2020-11-12,1.7050368817394854,0.7104320340581189,30.924999999999997,30.6,31.0,176.4,30.8,0.9022597462111752,0.6776147890466887,28.192857142857147,2.3499999999999996,6.485714285714287,6.3,5.200000000000003,2.4,2.44
2020-11-13,3.0337361627742108,0.9480425508669408,31.375,32.5,31.6,168.2,31.2,0.781528292755745,0.690173388242972,28.0,3.1500000000000004,5.9142857142857155,5.8,7.0,3.2,2.66
2020-11-14,1.170463325576236,0.585231662788118,30.574999999999996,31.0,29.4,108.225,30.6,0.7981151137276884,0.7025274741691566,28.050000000000004,2.0,5.857142857142857,3.9,6.5,2.0,2.1
2020-11-15,2.3009592333740727,1.0004170579887273,31.425000000000004,33.0,30.8,213.0,31.6,0.7206871717582894,0.7146733860429608,27.814285714285713,3.25,5.0,7.1,6.0,2.3,4.9
2020-11-16,0.7063926547758068,0.33637745465514607,29.875,29.0,29.4,0.0,30.0,0.7902118432558295,0.7266075247685652,28.207142857142856,1.5,5.571428571428571,0.0,4.399999999999999,2.1,2.17
2020-11-17,1.0981663512214674,0.4067282782301731,29.575,31.1,29.6,128.31,30.2,0.6765436093418061,0.7383263540031063,28.07857142857143,1.4499999999999993,4.742857142857143,4.7,7.600000000000001,2.7,3.44
2020-11-18,2.619764317873087,1.0479057271492347,31.425,33.5,32.0,256.5,31.2,0.6956738204555775,0.749826401204568,28.25,3.5,5.371428571428572,9.0,10.0,2.5,3.36
2020-11-19,2.6439804228157846,1.1495567055720803,32.025,32.0,32.0,251.425,31.4,0.71930496653378,0.7611042586607742,28.192857142857147,3.9499999999999993,5.257142857142857,8.9,7.5,2.3,4.21
2020-11-20,4.927425725897396,1.4492428605580576,32.125,32.5,32.0,168.15,31.4,0.7820370624643458,0.7721565844991641,28.22857142857143,4.85,5.628571428571428,5.9,8.0,3.4,3.53
2020-11-21,1.9019180001858356,0.7924658334107648,30.725,32.5,30.4,82.64999999999999,30.6,0.853637106705934,0.7829801036770624,28.157142857142862,2.799999999999999,5.642857142857143,2.9,8.0,2.4,4.06
2020-11-22,0.7020214640061868,0.3191006654573576,28.225,27.2,27.4,0.0,28.6,0.8832419882234549,0.7935716089521472,28.264285714285716,1.3000000000000007,5.5,0.0,4.199999999999999,2.2,1.13
2020-11-23,2.0269420077905163,0.47138186227686424,29.225,28.2,29.0,0.0,28.8,0.7859110750046876,0.8039279618328208,27.564285714285717,1.75,4.485714285714286,0.0,4.199999999999999,4.3,2.29
2020-11-24,4.791605997248474,0.71516507421619,28.725,29.0,28.2,0.0,28.4,0.8051974189506476,0.8140460935082175,27.464285714285715,2.5500000000000007,4.485714285714286,0.0,4.5,6.7,2.21
2020-11-25,2.6370003075854287,0.8790001025284762,29.625,30.8,29.4,8.13,29.2,0.8492598183772213,0.8239230057575536,27.385714285714283,3.0999999999999996,3.814285714285714,0.3,7.400000000000002,3.0,1.23
2020-11-26,1.9523351222383545,1.301556748158903,31.775,33.5,32.4,270.75,30.8,0.8251304434313987,0.8335557718385695,27.185714285714287,4.35,2.5714285714285716,9.5,10.0,1.5,2.95
2020-11-27,3.360282564688464,1.5274011657674835,32.0,33.0,32.3,282.8,31.4,0.8468447352295162,0.8429415373547832,27.22142857142857,4.75,2.6571428571428575,10.1,10.0,2.2,3.02
2020-11-28,3.063383355090153,1.2253533420360612,31.725,32.0,31.6,296.125,31.2,0.8580102074022913,0.8520775211013093,27.150000000000002,4.449999999999999,3.2571428571428567,10.3,6.5,2.5,3.33
2020-11-29,2.6434567829751185,1.0167141472981225,31.275000000000002,31.8,31.0,189.40500000000003,30.6,0.919851280063048,0.8609610158889945,27.185714285714287,3.5,4.314285714285715,6.9,8.7,2.6,3.13
2020-11-30,4.424967070762735,1.134606941221214,30.875,30.8,30.6,198.56,30.2,1.0195103488974429,0.8695893893466109,27.521428571428572,3.9000000000000004,5.3,7.3,7.199999999999999,3.9,4.54
2020-12-01,1.7563494803112627,0.38181510441549193,28.775,28.8,28.0,0.0,28.8,1.1142567887466357,0.8779600847008883,27.678571428571427,1.4000000000000004,6.3428571428571425,0.0,6.300000000000001,4.6,1.9
2020-12-02,2.7904978480766496,0.3207468790892701,27.875,27.5,26.8,0.0,27.8,1.0666353644893933,0.8860706215341378,27.521428571428572,1.3499999999999996,6.3428571428571425,0.0,4.5,8.7,1.22
2020-12-03,4.129482539549481,0.8097024587351924,27.775,28.0,27.0,22.725,27.6,0.9868849039980779,0.893918596519257,27.25714285714286,2.9499999999999993,6.299999999999999,0.9,5.5,5.1,4.92
2020-12-04,3.218237055576122,0.9465403104635653,23.425,31.5,3.2,140.25,29.8,0.9166200055089765,0.9015016841318838,26.792857142857144,3.25,5.071428571428571,5.1,8.0,3.4,3.71
2020-12-05,2.9994723896745263,0.9675717386046859,30.175,30.5,29.8,96.3,29.6,0.8336398833227026,0.9088176373395028,26.72142857142857,3.25,4.357142857142858,3.6,7.5,3.1,3.42
2020-12-06,2.019860211515273,0.841608421464697,30.325000000000003,31.5,29.8,72.9,30.2,0.7968139399753633,0.9158642882672868,26.435714285714287,2.8000000000000007,3.4,2.7,9.0,2.4,3.74
2020-12-07,1.7059510375774605,0.8978689671460319,30.875,32.0,31.0,228.25000000000003,30.4,0.7717988362848739,0.9226395488404875,26.37142857142857,3.0,2.8000000000000003,8.3,9.0,1.9,4.99
2020-12-08,0.42724942315265124,0.3051781593947509,29.275,29.2,27.6,45.72,29.2,0.737979125702705,0.9291414114031743,26.41428571428571,1.049999999999999,2.942857142857143,1.8,7.599999999999998,1.4,2.44
2020-12-09,1.8058352029203377,0.6227017941104613,30.525,31.5,30.8,226.8,30.2,0.727030990699742,0.935367949313148,26.37857142857143,2.25,3.1999999999999997,8.4,9.0,2.9,4.23
2020-12-10,2.6239320732943,1.0092046435747306,30.875,31.0,31.4,241.42499999999998,30.2,0.7701674071313408,0.941317317512847,26.62857142857143,3.5,4.4,8.7,6.5,2.6,4.07
2020-12-11,2.0909562690023993,0.909111421305391,30.625,31.0,30.8,249.375,30.2,0.7986677192512747,0.9469877530760751,26.985714285714288,3.3000000000000007,5.514285714285714,9.5,9.5,2.3,3.13
2020-12-12,0.9043620106118953,0.5652262566324345,30.225,30.5,30.2,172.57500000000002,29.8,0.7933207350858212,0.9523775757303973,26.807142857142857,2.0,6.142857142857143,6.5,7.899999999999999,1.6,3.2
2020-12-13,2.368581303227791,0.9109928089337658,30.275,30.0,30.0,138.6,29.8,0.7358428090897854,0.9574851883550389,26.778571428571432,3.25,6.557142857142857,5.5,9.600000000000001,2.6,2.75
2020-12-14,2.6258170738394497,0.9377918120855178,30.025000000000002,30.5,30.0,222.75,29.6,0.7457548644425094,0.9623090774541487,26.521428571428572,3.5,6.957142857142857,8.1,6.0,2.8,2.66
2020-12-15,0.8786578896031606,0.6276127782879719,29.325000000000003,29.0,28.8,65.0,28.6,0.7514581280052931,0.9668478136052773,26.521428571428572,2.2500000000000018,6.928571428571429,2.6,8.0,1.4,1.53
2020-12-16,2.1017467149796483,0.9138029195563688,30.325,31.2,30.4,226.61,29.6,0.7975202164186104,0.9711000518829505,26.464285714285715,3.0999999999999996,7.042857142857144,8.6,9.7,2.3,1.83
2020-12-17,2.1694565259931955,1.0847282629965977,30.775,31.5,31.2,269.77500000000003,29.8,0.8391060914823115,0.9750645322571945,26.37142857142857,3.6500000000000004,7.071428571428571,9.9,8.5,2.0,2.06
2020-12-18,1.0948548285447288,0.4976612857021494,29.975,29.0,29.8,48.925,29.2,0.8498951799711497,0.9787400799669153,26.3,1.75,7.242857142857143,1.9,6.5,2.2,0.67
2020-12-19,0.9274715027097863,0.2649918579170818,29.424999999999997,30.5,29.6,98.05000000000001,29.4,0.7911165891706865,0.9821256058680006,26.228571428571428,1.0,6.1571428571428575,3.7,8.0,3.5,0.69
2020-12-22,0.2209164875304165,0.12995087501789207,26.625,24.8,25.8,0.0,26.6,0.5896752666758224,0.9905324521322227,25.891666666666666,0.4499999999999993,4.45,0.0,2.8000000000000007,1.7,0.87
2020-12-23,0.5644817426930835,0.3136009681628242,27.525,27.4,27.0,12.475,27.0,0.5067316161308091,0.9927487224577402,25.625,1.4000000000000004,4.016666666666667,0.5,4.899999999999999,1.8,0.87
2020-12-24,1.723463217486789,0.7493318336899083,29.275000000000002,30.0,29.6,197.6,28.4,0.4066979575652183,0.9946708199115211,25.391666666666666,2.6500000000000004,2.6666666666666665,7.6,8.0,2.3,2.58
2020-12-25,2.2591164955676843,0.8367098131732164,29.674999999999997,30.4,30.2,179.85999999999999,28.6,0.35079855268077004,0.9962981749346077,25.183333333333334,2.9000000000000004,2.283333333333333,6.8,7.899999999999999,2.7,3.44
2020-12-26,0.7042079894450969,0.23473599648169896,27.475,26.5,26.8,0.0,27.4,0.4073066405926145,0.9976303053065857,25.3,0.9499999999999993,3.0999999999999996,0.0,5.0,3.0,3.47
2020-12-27,1.1093684279699931,0.39620300998928326,28.525,28.8,28.4,53.865,28.2,0.4022639970200508,0.9986668162884759,24.883333333333336,1.5,2.483333333333333,2.1,6.300000000000001,2.8,2.44
2020-12-28,1.103297538180976,0.31522786805170744,27.775000000000002,28.5,27.2,7.725,27.6,0.40139814172994115,0.9994074007397048,24.99285714285714,1.1499999999999986,2.4285714285714284,0.3,5.5,3.5,0.53
2020-12-29,2.5640866554083375,1.1148202849601467,30.424999999999997,31.6,30.4,268.85,29.8,0.42510862350950435,0.9998518392091162,25.17142857142857,3.75,2.4714285714285715,9.5,6.600000000000001,2.3,1.29
2021-01-01,0.693403983426807,0.38522443523711497,27.475,26.8,26.8,33.809999999999995,27.0,0.5048973117600657,0.9998518392091162,26.049999999999997,1.5,3.116666666666666,1.4,5.300000000000001,1.8,0.57
2021-01-02,0.5056201584957918,0.29742362264458344,27.225,28.0,26.0,5.050000000000001,27.2,0.42964974877071543,0.9994074007397048,25.666666666666668,1.0,2.216666666666667,0.2,5.5,1.7,0.53
2021-01-03,0.23059867881611945,0.15373245254407963,27.374999999999996,27.8,26.8,0.0,27.4,0.44009768646452957,0.998666816288476,25.875,0.5,2.25,0.0,5.300000000000001,1.5,0.67
2021-01-04,0.6557580110430974,0.3278790055215487,28.125,28.8,28.0,0.0,27.4,0.399685926890329,0.9976303053065857,25.791666666666668,1.4499999999999993,1.8999999999999997,0.0,6.300000000000001,2.0,0.89
2021-01-05,1.3727031670247776,0.857939479390486,30.275,31.0,31.0,181.9,29.2,0.4017944498019692,0.9962981749346078,25.775000000000002,2.8000000000000007,1.8499999999999999,6.8,8.5,1.6,1.68
2021-01-06,1.4994040533283188,0.7497020266641594,30.725,32.2,31.2,191.45000000000002,29.8,0.3589809822070256,0.9946708199115211,25.516666666666666,2.5,1.3999999999999997,7.0,9.700000000000003,2.0,0.75
2021-01-07,1.2831133344456973,0.8019458340285608,30.375,31.5,31.0,197.1,29.6,0.4147982742723305,0.9927487224577402,25.77857142857143,2.75,2.1999999999999997,7.3,9.0,1.6,1.32
2021-01-08,0.9810371541363904,0.577080678903759,30.625,32.5,31.2,223.175,29.8,0.5105495508615048,0.9905324521322229,25.9,2.0,3.242857142857143,7.9,8.5,1.7,1.34
2021-01-09,0.30503415294727027,0.1906463455920439,27.174999999999997,26.5,25.8,0.0,27.4,0.5379575856710253,0.9880226656636976,26.485714285714284,0.75,4.171428571428572,0.0,5.0,1.6,0.31
2021-01-10,0.9084864015288252,0.3633945606115301,28.475,28.5,28.2,0.0,28.0,0.5227036889492339,0.9852201067560606,26.307142857142853,1.25,4.142857142857143,0.0,6.5,2.5,0.5
2021-01-11,0.23296313122489648,0.19413594268741374,27.874999999999996,26.8,27.2,0.0,27.4,0.5526554186731554,0.9821256058680006,26.321428571428573,0.75,4.142857142857143,0.0,4.300000000000001,1.2,0.96
2021-01-12,0.5642053547531609,0.25645697943325496,27.275,26.6,26.4,0.0,27.0,0.5335492668397076,0.9787400799669153,26.178571428571427,0.9000000000000004,4.142857142857143,0.0,4.600000000000001,2.2,0.49
2021-01-13,0.5135888265042011,0.2139953443767505,27.4,29.5,26.8,31.2,27.2,0.447623195417246,0.9750645322571948,25.82857142857143,0.8000000000000007,3.1714285714285717,1.2,7.0,2.4,0.8
2021-01-14,2.855336373517693,0.8652534465205132,29.525000000000002,30.8,29.8,212.8,28.6,0.37109366937618754,0.9711000518829505,25.63571428571429,2.0,2.342857142857143,8.0,8.400000000000002,3.3,1.18
2021-01-15,0.2107474766123963,0.2107474766123963,26.875,26.2,26.0,0.0,26.6,0.3801376140178951,0.9668478136052775,25.57857142857143,0.75,2.442857142857143,0.0,5.0,1.0,0.44
2021-01-16,1.3481516891678418,0.8425948057299011,29.025,30.0,29.0,109.2,28.6,0.32780429940484324,0.9623090774541486,24.928571428571427,3.0,1.3142857142857143,4.2,8.0,1.6,1.37
2021-01-17,1.0507720494886372,0.5253860247443186,28.275000000000002,28.5,28.0,76.5,27.6,0.4209397937102514,0.9574851883550393,25.214285714285715,1.8499999999999996,1.9142857142857144,3.0,6.0,2.0,1.81
2021-01-18,0.3914178623115287,0.18638945824358508,27.424999999999997,25.8,26.8,0.0,27.0,0.44408143144350687,0.9523775757303974,25.25,0.75,2.3428571428571425,0.0,5.300000000000001,2.1,0.13
2021-01-19,2.4884752882560752,0.6912431356266876,28.975,29.5,29.0,114.75,28.2,0.4429747908086742,0.9469877530760753,25.035714285714285,2.5,2.3428571428571425,4.5,8.0,3.6,2.59
2021-01-20,0.8482807719497701,0.49898868938221774,31.025,31.4,30.6,204.0,29.6,0.5050870988363074,0.9413173175128471,25.207142857142856,1.75,2.9857142857142853,7.5,8.399999999999999,1.7,2.77
2021-01-21,1.995737633734442,0.997868816867221,31.625,32.0,31.2,302.40000000000003,30.0,0.5458004338370885,0.9353679493131483,25.378571428571426,3.4499999999999993,3.885714285714286,10.8,8.0,2.0,3.0
2021-01-22,1.5859159654237316,0.7929579827118658,31.325000000000003,31.0,31.0,219.22500000000002,29.6,0.564745486743761,0.9291414114031743,25.57857142857143,2.75,4.285714285714286,7.9,6.5,2.0,2.49
2021-01-23,2.319116752214274,1.0083116313975107,31.575000000000003,30.5,31.2,267.65,30.0,0.6479184161865424,0.9226395488404876,26.157142857142862,3.75,5.4142857142857155,10.6,10.5,2.3,3.29
2021-01-24,2.238352925826558,0.9731969242724166,31.075000000000003,30.5,31.0,278.1,29.4,0.6715922484247725,0.9158642882672872,26.050000000000004,3.5,6.328571428571428,10.3,7.0,2.3,3.36
2021-01-25,2.108011195156931,1.0038148548366337,31.325000000000003,31.0,30.2,265.0,30.0,0.7355652340716434,0.9088176373395029,26.264285714285716,3.5,7.371428571428572,10.6,12.0,2.1,4.51
2021-01-26,2.706715659245902,1.0410444843253468,30.875,30.0,30.4,264.6,29.4,0.8523402907277932,0.901501684131884,26.52857142857143,3.75,8.885714285714286,10.8,11.0,2.6,4.48
2021-01-27,2.6575256959723954,1.0221252676816905,29.875,30.0,27.8,214.20000000000002,29.0,0.9023119119704589,0.893918596519257,26.385714285714283,3.5,9.785714285714286,8.4,9.0,2.6,2.55
2021-01-28,2.5073995521291033,0.8954998400461084,29.875,29.0,28.8,56.43,28.4,0.9770457088703834,0.886070621534138,26.142857142857142,3.25,9.914285714285715,2.2,6.699999999999999,2.8,2.08
2021-01-29,0.7666919163729977,0.5111279442486651,28.575000000000003,27.0,26.8,0.0,27.0,0.9624215693245104,0.8779600847008882,25.807142857142857,1.8499999999999996,8.685714285714287,0.0,5.0,1.5,0.14
2021-01-30,1.042641362133471,0.5792452011852616,29.375,29.5,28.0,145.35,28.6,0.9221601352583388,0.869589389346611,25.342857142857138,2.0,7.557142857142858,5.7,8.0,1.8,1.88
2021-01-31,1.5901055180434382,0.6360422072173753,30.725,30.8,30.2,188.28,29.4,0.8608649309423033,0.8609610158889943,25.378571428571426,2.25,6.857142857142857,7.2,9.3,2.5,2.41
2021-02-01,0.4222850254889799,0.21114251274448995,29.674999999999997,29.4,29.0,89.95,29.0,0.8126999713630115,0.8520775211013093,25.257142857142856,0.75,6.4142857142857155,3.5,7.399999999999999,2.0,1.72
2021-02-02,0.7781131233580914,0.28819004568818196,29.475,30.5,28.4,141.75,28.8,0.6994610653498483,0.8429415373547828,25.357142857142858,1.0500000000000007,5.4,5.4,8.5,2.7,1.56
2021-02-03,1.983563679633112,0.7346532146789303,29.325000000000003,28.0,28.0,0.0,28.2,0.5919104312588247,0.8335557718385699,25.607142857142858,2.6500000000000004,4.628571428571428,0.0,7.5,2.7,1.68
2021-02-04,2.13493040003393,0.7624751428692609,29.924999999999997,29.5,29.0,129.22,28.2,0.5508429951155732,0.8239230057575542,25.428571428571427,2.75,3.4285714285714293,5.2,9.3,2.8,1.47
2021-02-05,1.9272384795108948,0.6216898321002886,29.775,30.0,28.8,132.6,28.2,0.5318394669474522,0.8140460935082178,25.314285714285717,2.25,3.8571428571428577,5.1,8.0,3.1,2.59
2021-02-06,1.8639413958858562,0.58248168621433,29.675000000000004,30.0,28.8,86.625,28.4,0.5476340223548269,0.8039279618328213,25.528571428571432,2.0999999999999996,4.585714285714286,3.3,7.5,3.2,1.29
2021-02-07,2.4267208554870394,0.6558705014829835,29.825000000000003,30.0,28.8,57.2,28.2,0.5480963773589795,0.7935716089521474,25.63571428571429,2.25,4.242857142857143,2.2,8.0,3.7,1.59
2021-02-08,4.09018263989756,1.048764779460913,29.825000000000003,29.4,28.6,91.75999999999999,28.4,0.5509289908254951,0.7829801036770629,25.614285714285717,3.3000000000000007,3.528571428571429,3.7,9.2,3.9,2.68
2021-02-09,4.631171566440012,1.1026598967714314,30.574999999999996,30.0,29.8,247.20000000000002,28.8,0.6705893146421269,0.7721565844991642,25.485714285714288,4.0,3.5571428571428574,10.3,12.0,4.2,3.74
2021-02-10,4.237841520899306,1.2464239767350902,30.924999999999997,30.0,30.2,225.625,29.0,0.7869421505111625,0.7611042586607747,25.164285714285715,4.6,4.257142857142858,9.5,12.5,3.4,2.8
2021-02-11,2.7027359075304114,1.1261399614710048,31.225,30.5,31.0,261.61499999999995,29.6,0.8600522593763282,0.7498264012045686,25.092857142857145,4.4,5.614285714285715,10.7,12.100000000000001,2.4,3.96
2021-02-12,2.2661710138998044,0.8093467906785017,31.225,31.4,30.6,238.42,29.6,0.9120043763194345,0.7383263540031065,25.035714285714285,3.0,6.3999999999999995,9.1,10.399999999999999,2.8,3.31
2021-02-13,3.264465893157885,0.9067960814327458,31.174999999999997,31.6,30.6,284.085,29.8,0.9388125132591794,0.7266075247685656,25.064285714285713,3.1500000000000004,6.971428571428572,10.7,10.100000000000001,3.6,3.4
2021-02-14,3.012022130752273,0.8858888619859627,32.025,31.5,32.0,251.75,30.0,0.9851431411475244,0.7146733860429609,25.107142857142858,3.0500000000000007,8.028571428571428,9.5,10.0,3.4,3.09
2021-02-15,2.8717402713321847,1.0256215254757803,32.275,31.6,32.2,273.48,31.0,1.0180029069336642,0.7025274741691571,25.178571428571427,3.5,9.071428571428571,10.6,11.600000000000001,2.8,3.87
2021-02-16,1.841409041333143,0.9207045206665715,32.125,31.5,32.2,262.6,31.0,1.014696727792931,0.6901733882429719,25.321428571428573,3.1500000000000004,10.057142857142859,10.4,12.5,2.0,2.82
2021-02-17,3.046028947205654,1.2691787280023559,32.075,31.4,32.2,267.5,30.2,0.988703102635094,0.6776147890466889,25.5,4.5,10.071428571428571,10.7,12.799999999999997,2.4,4.45
2021-02-18,3.80297061372488,1.2267647141048,31.825000000000003,31.4,31.6,282.97499999999997,30.0,0.9919537813875604,0.6648553979642865,25.678571428571427,4.249999999999998,10.242857142857144,10.5,8.899999999999999,3.1,3.2
2021-02-19,2.4921385984012248,0.7787933120003827,31.075000000000003,31.0,30.6,235.4,30.2,1.0063287460495312,0.6518989958787126,26.035714285714285,2.8500000000000014,10.214285714285714,8.8,8.5,3.2,2.21
2021-02-20,3.2099048718977174,0.9171156776850622,30.775,30.0,29.8,280.5,30.2,1.0019639633812285,0.6387494220515272,26.114285714285717,3.25,10.171428571428573,11.0,9.0,3.5,3.48
2021-02-21,2.941051116563386,1.131173506370533,30.725,31.0,29.4,262.35,30.0,1.0034381914172736,0.6254105729852463,25.964285714285715,4.0,10.214285714285714,9.9,9.0,2.6,2.32
2021-02-22,3.2770924556756853,0.9638507222575545,31.824999999999996,31.5,31.8,248.39999999999998,30.8,1.0384788549007837,0.6118864012687243,25.964285714285715,3.299999999999999,10.271428571428572,9.2,9.0,3.4,3.13
2021-02-23,2.7449669003443393,0.9465403104635653,31.925000000000004,31.5,31.8,252.52499999999998,30.6,1.029654454441037,0.5981809144059165,26.135714285714283,3.25,10.071428571428571,9.1,7.5,2.9,4.03
2021-02-24,2.4278941874002427,1.0116225780834345,32.225,31.8,32.2,256.76000000000005,30.8,1.0333452815548934,0.5842981736283684,26.49285714285714,3.4000000000000004,9.885714285714286,9.8,11.2,2.4,4.72
2021-02-25,2.1637070206435873,1.0818535103217937,32.875,33.0,33.0,286.2,31.4,0.9965515458521903,0.5702422926917871,26.664285714285715,3.5999999999999996,9.757142857142856,10.6,12.0,2.0,4.68
2021-02-26,2.962655762340766,1.2881112010177245,32.975,33.0,33.0,288.9,32.0,0.9758499453117608,0.5560174366570446,26.67142857142857,4.25,9.771428571428572,10.7,12.0,2.3,4.3
2021-02-27,3.0047057658914063,1.6692809810507812,33.525,33.2,33.8,283.25,32.4,1.0486096437428096,0.5416278206559814,26.707142857142856,5.4,10.042857142857144,10.3,11.400000000000002,1.8,3.13
2021-02-28,3.8430861707551385,1.423365248427829,33.525,33.0,33.8,280.875,32.4,1.1560618299379122,0.5270777086423722,26.99285714285714,4.700000000000001,9.942857142857145,10.7,13.5,2.7,4.9
2021-03-01,3.668908997883961,1.667685908129073,33.025,32.4,33.2,279.95,32.0,1.197803507374669,0.5123714121284237,26.957142857142856,5.799999999999999,10.057142857142859,11.0,13.899999999999999,2.2,4.43
2021-03-02,4.332427295726581,1.6046027021209557,32.525,32.0,32.4,267.65,31.6,1.2983513910706002,0.49751328890718066,26.735714285714284,5.75,10.314285714285715,10.6,13.5,2.7,4.72
2021-03-03,4.230034004895726,1.5107264303199024,32.475,32.4,32.4,290.15999999999997,31.2,1.392360304164513,0.48250774176121847,26.378571428571426,5.25,10.528571428571428,10.4,9.0,2.8,4.41
2021-03-04,3.5168458038337453,1.3526330014745174,32.375,32.5,32.0,271.40500000000003,31.4,1.4636608544840084,0.4673592171580022,26.62142857142857,4.699999999999999,10.614285714285716,10.3,12.3,2.6,4.34
2021-03-05,2.125584389911401,0.8856601624630837,31.174999999999997,31.0,30.6,249.375,30.4,1.5023436389343974,0.45207220393230435,26.52857142857143,3.0999999999999996,10.571428571428571,9.5,9.5,2.4,3.67
2021-03-06,3.583099895684393,1.2796785341729977,32.875,33.2,32.8,271.69,31.8,1.4448506334265918,0.43665123195606403,26.42142857142857,4.5,10.4,10.1,12.600000000000001,2.8,4.09
2021-03-07,3.698254017555289,1.2327513391850964,32.525,33.5,32.4,165.3,31.6,1.38919314101548,0.4211008707960896,26.335714285714285,4.050000000000001,10.371428571428572,5.7,9.0,3.0,3.13
2021-03-08,3.7204141920399834,1.3779311822370308,31.725,33.0,32.4,182.7,31.4,1.3619625825522323,0.40542572835999735,26.728571428571428,4.5,9.657142857142857,6.3,8.0,2.7,4.03
2021-03-09,4.523765839883685,1.507921946627895,33.824999999999996,33.2,34.0,321.20000000000005,32.8,1.3205690502819407,0.38963044953078796,27.235714285714288,5.0,8.985714285714286,11.0,8.000000000000004,3.0,4.32
2021-03-10,0.9137167511856947,0.41532579599349756,28.275,29.8,26.6,84.66,28.4,1.306757513782932,0.37371971479046906,27.800000000000004,1.5,9.042857142857143,3.4,9.8,2.2,2.28
2021-03-11,2.7746003303999154,1.0276297519999686,30.725,30.2,30.0,182.16,29.6,1.1502717088791599,0.35769823883312546,27.371428571428574,3.5999999999999996,8.042857142857143,6.6,5.199999999999999,2.7,2.88
2021-03-12,2.8104118542965093,0.8782537044676592,31.875,32.0,32.0,228.76,30.4,1.1038426732399387,0.3415707691678556,27.550000000000004,2.9499999999999993,7.514285714285714,8.6,10.8,3.2,4.36
2021-03-13,4.091946053625555,1.1366516815626542,31.925000000000004,32.8,32.0,280.5,30.6,1.1027846078120207,0.3253420847119801,27.6,3.8499999999999996,7.385714285714286,10.2,10.599999999999998,3.6,3.85
2021-03-14,1.0318195580570062,0.5732330878094478,30.549999999999997,29.5,29.5,75.17999999999999,29.8,1.0823522002962573,0.30901699437494745,27.685714285714287,1.9499999999999993,7.3999999999999995,2.8,5.300000000000001,1.8,2.37
2021-03-15,3.7849588646530807,1.2616529548843602,32.075,32.5,32.0,245.7,30.4,0.9881353072425932,0.29260033563334836,27.37857142857143,4.300000000000001,6.985714285714287,9.1,11.0,3.0,3.43
2021-03-16,2.782174287740928,1.2096409946699687,32.575,32.8,32.4,286.65,31.4,0.9715241319064976,0.27609697309746883,27.092857142857145,4.0,7.385714285714286,10.5,10.999999999999996,2.3,3.38
2021-03-17,2.291555378106061,1.1457776890530305,32.375,32.1,32.2,194.99,31.2,0.9289125673410795,0.2595117970697999,26.821428571428573,3.8499999999999996,7.314285714285715,7.4,11.5,2.0,3.89
2021-03-18,2.2140009135390417,1.0063640516086552,31.275,31.0,31.0,115.72000000000001,30.6,1.0332628377781556,0.2428497220959356,27.028571428571432,3.5,7.885714285714286,4.4,9.399999999999999,2.2,2.62
2021-03-19,0.8534959266365947,0.7112466055304956,30.375,29.0,29.6,0.0,29.4,1.0302248805793965,0.22611568550828828,26.842857142857145,2.5,7.571428571428571,0.0,8.5,1.2,2.6
2021-03-20,1.9794496821992813,0.9425950867615625,32.125,32.5,32.0,168.95000000000002,31.4,1.0063667235883733,0.20931464596304847,26.57857142857143,3.3499999999999996,6.342857142857143,6.2,10.5,2.1,2.4
2021-03-21,1.8111789302818821,0.9532520685694117,32.800000000000004,33.0,32.0,190.125,34.1,0.9786443529025028,0.19245158197082998,26.542857142857144,3.3000000000000007,5.771428571428572,6.5,7.5,1.9,3.74
2021-03-22,3.184943178923146,1.384757903879629,33.175,33.5,33.6,283.25,31.8,1.0329327787253548,0.1755314904214282,26.88571428571429,4.65,6.300000000000002,10.3,12.0,2.3,3.13
2021-03-23,3.2792591934953017,1.1711639976768935,32.675000000000004,33.5,33.0,305.24,31.6,1.0505192000103933,0.15855938510313475,26.95714285714286,3.950000000000001,6.471428571428572,10.4,8.3,2.8,3.19
2021-03-24,0.8582620723885385,0.5364137952428365,30.075000000000003,29.5,29.0,12.925,29.8,1.0450224861542396,0.141540295217043,27.25,2.0,6.457142857142857,0.5,7.300000000000001,1.6,1.66
2021-03-25,0.30093888316315043,0.30093888316315043,29.175000000000004,28.2,27.6,0.0,28.4,0.9579705013242119,0.12447926388678915,27.178571428571427,1.1500000000000004,5.471428571428572,0.0,7.0,1.0,1.88
2021-03-26,3.776999155436701,1.2183868243344196,31.825000000000003,33.1,31.6,235.02499999999998,30.4,0.8571954772605686,0.10738134666416309,26.949999999999996,4.0,4.842857142857143,8.5,10.900000000000002,3.1,2.46
2021-03-27,3.137201111039811,1.2066158119383887,31.775,32.5,31.6,151.2,30.0,0.9296440799468433,0.09025161003104117,27.36428571428571,4.0,6.057142857142858,5.6,11.0,2.6,3.22
2021-03-28,2.706602055506108,1.1277508564608782,31.775,33.0,31.6,121.5,31.0,0.9673613264006756,0.07309512989807777,27.328571428571426,3.8499999999999996,5.971428571428572,4.5,12.0,2.4,2.27
2021-03-29,2.768198095093421,1.025258553738304,32.425000000000004,34.0,32.2,307.125,32.0,0.9922897246708852,0.055916990100603484,27.007142857142856,3.5,5.685714285714286,10.5,9.5,2.7,3.5
2021-03-30,6.332611791576992,2.110870597192331,33.625,35.5,33.8,299.77500000000003,32.4,0.9409326746506957,0.03872228089217446,27.257142857142856,6.699999999999999,5.714285714285714,10.5,13.899999999999999,3.0,5.78
2021-03-31,2.950074263435809,1.8437964146473806,34.025,35.0,34.4,296.40000000000003,33.2,1.0751764745814727,0.021516097436222254,27.142857142857142,5.75,5.7285714285714295,10.4,13.0,1.6,4.61
2021-04-01,3.755942638736563,1.564976099473568,33.775,35.0,34.2,244.64000000000001,33.0,1.2619454202106932,0.004303538296244289,27.521428571428572,4.75,7.142857142857144,8.8,14.399999999999999,2.4,4.39
2021-04-02,5.020563786543326,2.0082255146173305,34.025000000000006,36.8,34.2,281.06,33.4,1.442522165397896,-0.01291029607500882,27.964285714285715,6.1,8.4,9.4,13.799999999999997,2.5,3.69
2021-04-03,3.5598427167847313,1.9776903982137395,34.075,35.0,34.4,269.8,33.4,1.5553562640097403,-0.030120304846908114,28.285714285714285,6.400000000000002,8.528571428571428,9.5,13.2,1.8,4.52
2021-04-04,4.3527446865988395,2.1763723432994198,33.975,35.4,34.4,280.32,33.4,1.6655097763347904,-0.04732138832243185,28.485714285714288,7.0,9.085714285714287,9.6,12.399999999999999,2.0,5.06
2021-04-05,3.357038283802145,1.6785191419010725,33.775,34.5,34.0,217.5,33.0,1.8153128458831531,-0.06450844944931623,28.8,5.4,9.814285714285715,7.5,11.0,2.0,5.08
2021-04-06,3.256685861431657,1.6283429307158286,33.825,34.6,34.0,266.475,33.4,1.908635787049263,-0.08167639533042241,28.764285714285712,5.199999999999999,9.385714285714286,9.5,13.100000000000001,2.0,3.96
2021-04-07,2.350683194128547,1.1753415970642735,32.974999999999994,34.2,33.4,244.47,32.8,1.8397032632669055,-0.09882013873287143,28.692857142857143,4.0,9.242857142857144,8.7,12.200000000000003,2.0,4.05
2021-04-08,4.0415198028547845,1.1226443896818845,33.625,35.0,34.0,284.20000000000005,33.6,1.7442097178978901,-0.11593459959550041,28.635714285714283,4.0,9.000000000000002,9.8,12.0,3.6,5.05
2021-04-09,2.6664208841663437,1.3332104420831719,33.775,35.0,34.4,289.75,33.6,1.6810194736419355,-0.1330147065341959,28.807142857142853,4.5,9.142857142857142,9.5,9.0,2.0,4.46
2021-04-10,2.83921343901048,1.2905515631865816,34.025,34.5,34.4,205.89999999999998,33.8,1.5845887489941985,-0.1500553983446526,28.892857142857142,4.25,9.157142857142858,7.1,11.0,2.2,3.2
2021-04-11,2.792787402465089,1.2142553923761257,33.575,33.5,33.8,162.4,33.6,1.4864260582760331,-0.16705162550211924,28.978571428571428,4.1,8.814285714285715,5.8,11.0,2.3,4.3
2021-04-12,3.5663864541133865,1.4265545816453546,33.375,34.0,33.8,242.95,33.6,1.3489807795727056,-0.18399835165768005,28.807142857142857,4.75,8.27142857142857,8.6,11.5,2.5,4.95
2021-04-13,1.6207595747386425,0.9533879851403779,32.525,33.8,32.2,156.79999999999998,33.2,1.3129858423933172,-0.20089055513063506,28.7,3.0999999999999996,8.428571428571429,5.6,11.599999999999998,1.7,2.3
2021-04-14,1.557636768776023,0.7417317946552491,32.675,34.0,32.4,199.5,33.6,1.21656370731111,-0.21772323039653177,28.692857142857143,2.6500000000000004,7.871428571428572,7.0,11.0,2.1,4.27
2021-04-15,1.9456745778160147,0.6948837777914338,32.375,34.0,32.4,184.79999999999998,33.2,1.1546194498241065,-0.23449138957040985,28.75,2.4000000000000004,7.628571428571429,6.6,12.0,2.8,2.62
2021-04-16,3.5053456579656133,1.4021382631862453,33.525,33.0,34.0,251.45000000000002,32.8,1.0935107909826136,-0.25119006388481935,28.607142857142858,4.500000000000002,7.171428571428572,9.4,12.5,2.5,5.24
2021-04-17,3.4623909169586398,1.648757579504114,33.225,34.0,33.6,254.54000000000002,32.0,1.103357622568767,-0.2678143051621742,28.071428571428573,5.4,7.1571428571428575,8.9,10.8,2.1,4.0
2021-04-18,3.0036411957581493,1.3059309546774562,33.625,34.8,34.4,262.98999999999995,33.0,1.1545299106141287,-0.2843591872810034,28.014285714285716,4.200000000000001,7.414285714285714,9.1,11.799999999999997,2.3,4.03
2021-04-19,3.3300534296195705,1.8500296831219836,34.125,34.6,34.6,328.32,33.6,1.1676264195143187,-0.30081980763566735,28.142857142857142,5.699999999999999,7.885714285714286,11.4,11.600000000000001,1.8,5.09
2021-04-20,3.800252145860971,1.8096438789814147,34.075,35.0,34.6,279.36,33.4,1.2281228625824085,-0.3171912885891061,28.22142857142857,5.600000000000001,8.285714285714286,9.6,11.8,2.1,4.89
2021-04-21,3.8701627233271036,1.6125678013862932,34.325,34.8,35.0,299.73,33.6,1.3504451331311282,-0.3334687789181868,28.37857142857143,4.949999999999999,8.857142857142858,10.3,11.399999999999999,2.4,4.05
2021-04-22,4.4762040704959505,1.9461756828243266,34.375,35.2,35.0,329.96000000000004,33.8,1.4748502769498486,-0.3496474552512284,28.464285714285715,6.1,9.328571428571431,11.3,12.000000000000004,2.3,5.44
2021-04-23,5.543250606818795,1.6797729111572106,34.025,35.0,34.4,280.32,33.8,1.6536062633831192,-0.36572252349726897,28.63571428571429,5.600000000000001,10.0,9.6,11.600000000000001,3.3,5.82
2021-04-24,4.266226090646257,1.8548809089766338,34.275,35.1,35.0,293.405,33.8,1.6932683559503998,-0.3816892202666588,28.985714285714288,5.6,10.028571428571428,10.1,12.100000000000001,2.3,4.79
2021-04-25,3.5540150030465805,1.7770075015232902,34.574999999999996,35.0,35.6,303.85,33.8,1.7227145458750457,-0.39754281428255595,29.050000000000004,5.65,10.200000000000001,10.3,11.0,2.0,4.43
2021-04-26,4.581433776155474,1.9089307400647808,34.574999999999996,35.0,35.6,309.75,33.8,1.7900111954244502,-0.4132786077829042,29.13571428571429,5.9,10.371428571428572,10.5,11.0,2.4,4.35
2021-04-27,5.119496361910204,1.8961097636704458,34.775000000000006,35.2,35.6,291.89,34.4,1.7984256321305643,-0.4288919379124835,29.235714285714288,5.800000000000001,10.242857142857144,10.1,12.600000000000001,2.7,6.1
2021-04-28,4.7596896840111125,1.6998891728611119,34.575,34.8,35.8,268.77,34.4,1.8107779013718546,-0.4443781781046132,29.20714285714286,5.5,10.314285714285715,9.3,11.799999999999997,2.8,5.71
2021-04-29,4.4819187385041985,1.7238148994246916,34.4,34.8,34.8,244.85000000000002,34.6,1.8232523830111143,-0.45973273945210397,29.178571428571427,5.4,10.171428571428573,8.3,10.599999999999998,2.6,5.63
2021-04-30,1.8565925415765394,0.8072141485115389,33.625,33.5,34.2,271.2,34.0,1.7914865568111664,-0.47495107206704995,29.221428571428568,2.5999999999999996,9.742857142857144,9.6,10.5,2.3,3.71
2021-05-01,2.54546517028845,1.01818606811538,34.025,34.5,34.8,221.375,34.2,1.666835305004642,-0.4900286664290592,29.085714285714285,3.5,9.742857142857144,7.7,11.5,2.5,4.81
2021-05-02,3.554358688579217,1.2694138173497205,34.925,35.0,35.8,275.5,34.8,1.5473074705958914,-0.5049610547215204,29.04285714285714,4.0,9.4,9.5,12.0,2.8,5.74
2021-05-03,3.0399716964279446,1.3217268245338891,33.575,34.5,34.0,185.25,34.2,1.4747940871425242,-0.5197438121555155,28.971428571428568,4.25,9.285714285714286,6.5,12.0,2.3,5.53
2021-05-04,3.1314248940065563,1.3614890843506768,34.225,33.8,35.0,258.97999999999996,33.8,1.390907813495254,-0.5343725582809786,28.828571428571426,4.449999999999999,8.714285714285715,9.2,11.299999999999997,2.3,3.1
2021-05-05,1.3285122957535342,0.8856748638356895,32.625,31.6,32.8,91.2,32.4,1.314533430735287,-0.548842958284719,28.721428571428568,2.8999999999999986,8.585714285714287,3.2,6.200000000000003,1.5,2.19
2021-05-06,2.9204762159290905,1.3274891890586773,33.225,34.5,33.4,272.13,33.0,1.1982171008745124,-0.5631507242749186,28.664285714285715,4.199999999999999,7.714285714285715,9.4,11.100000000000001,2.2,2.84
2021-05-07,1.2165949194245025,0.7156440702497073,32.025,32.5,31.6,148.135,31.8,1.1415991422507958,-0.5772916165517272,28.58571428571429,2.4499999999999993,7.871428571428573,5.3,9.100000000000001,1.7,3.22
2021-05-08,0.4763518866731733,0.3175679244487822,31.825000000000003,32.4,31.8,144.04,32.0,1.1285177024991058,-0.5912614448635781,28.542857142857144,1.1500000000000004,7.257142857142858,5.2,9.399999999999999,1.5,2.19
2021-05-09,1.3885863083044276,0.7308348991075935,32.425000000000004,33.5,32.6,176.70000000000002,32.4,1.0284293962610205,-0.6050560696488488,28.392857142857142,2.5,6.900000000000001,6.2,10.0,1.9,2.13
2021-05-10,1.4745493514086807,0.7760786060045688,32.575,34.0,32.6,184.0,32.4,0.9514895507978594,-0.6186714032625031,28.321428571428573,2.5500000000000007,6.42857142857143,6.4,10.5,1.9,3.34
2021-05-11,3.424899812172886,1.3172691585280332,34.225,34.8,35.0,301.95,34.0,0.8735398052936708,-0.6321034111873487,28.357142857142858,4.25,6.414285714285714,9.9,8.599999999999998,2.6,2.94
2021-05-12,1.985623137011721,1.1031239650065117,33.375,33.4,33.8,220.875,32.8,0.867222673033293,-0.6453481132295501,28.692857142857143,3.4499999999999993,6.514285714285715,7.5,7.899999999999999,1.8,4.48
2021-05-13,4.821774120553895,1.0958577546713397,33.074999999999996,33.0,33.4,153.7,32.8,0.8982868303434106,-0.6584015846980488,28.82857142857143,3.4999999999999982,7.128571428571429,5.3,8.0,4.4,3.29
2021-05-14,12.87577415690289,1.589601747765789,31.674999999999997,33.2,31.6,114.39,31.2,0.8651966254309337,-0.6712599575675313,28.83571428571429,5.300000000000001,6.542857142857144,4.1,10.600000000000001,8.1,4.07
2021-05-15,1.9618744230337328,1.3079162820224886,31.525,32.5,31.0,19.775,31.0,0.9900477222189455,-0.6839194216246106,28.82857142857143,4.299999999999999,6.371428571428573,0.7,8.5,1.5,3.96
2021-05-16,4.290137060581941,1.8652769828617135,33.65,35.0,34.4,303.45,33.4,1.131526059015189,-0.6963762255968722,28.907142857142862,5.75,5.728571428571429,10.2,10.5,2.3,3.95
2021-05-17,4.5085499995602065,2.1469285712191457,34.025,36.0,35.0,343.52,33.8,1.2935892138372063,-0.7086266782644596,29.08571428571429,6.299999999999999,6.3,11.3,11.2,2.1,4.9
2021-05-18,3.6773485635756575,1.8386742817878288,33.925000000000004,36.0,35.0,278.29999999999995,33.6,1.4894249231535746,-0.7206671495538609,29.321428571428573,5.75,7.0,9.2,11.5,2.0,4.3
2021-05-19,1.5644327487622163,0.9202545580954213,33.525,35.0,34.2,231.0,33.8,1.5639113693335454,-0.7324940716135789,29.285714285714285,3.0,6.9,7.7,10.0,1.7,4.61
2021-05-20,1.9043816810270868,1.2695877873513912,33.225,33.6,33.6,230.1,33.0,1.5377871683462467,-0.7441039398713607,29.36428571428571,4.050000000000001,6.928571428571429,7.8,8.200000000000003,1.5,3.67
2021-05-21,2.5572539529507945,0.9133049831967124,32.425,32.8,32.4,61.214999999999996,32.6,1.562605744443397,-0.7554933140726803,29.435714285714283,3.0999999999999996,7.2857142857142865,2.1,7.299999999999997,2.8,2.53
2021-05-22,1.8184889141513227,0.9570994285006962,32.375,33.5,32.4,117.60000000000001,32.6,1.4659919209335288,-0.766658819300159,29.61428571428571,3.1500000000000004,7.000000000000001,4.2,11.0,1.9,3.09
2021-05-23,3.201409804804225,1.1039344154497328,32.275,32.5,32.2,83.25,32.0,1.4158752275732727,-0.7775971469736269,29.57857142857143,3.75,7.5,3.0,9.5,2.9,3.04
2021-05-24,11.630457301296365,1.510449000168359,32.525,33.5,32.8,241.89999999999998,32.4,1.3071120036572756,-0.7883050558305255,29.292857142857144,5.0,6.471428571428572,8.2,8.0,7.7,5.82
2021-05-25,16.85989701876164,1.2217316680262058,31.425000000000004,32.5,30.8,89.9,31.6,1.2161863506500201,-0.7987793728863649,29.164285714285715,4.25,6.028571428571429,3.1,7.0,13.8,4.33
2021-05-26,18.13844350386188,1.3846140079283877,30.325000000000003,31.0,29.4,74.25,30.2,1.1280516915412169,-0.8090169943749473,28.985714285714288,4.75,5.157142857142858,2.7,7.0,13.1,3.83
2021-05-27,15.920689407281557,1.7119020868044683,31.575000000000003,33.5,31.2,253.00000000000003,31.0,1.1943887558030695,-0.8190148866680801,28.62857142857143,5.75,4.442857142857143,8.8,9.5,9.3,4.43
2021-05-28,9.218468727062056,1.9613763249068203,32.625,35.1,33.0,342.6,32.2,1.2575765128677947,-0.8287700871745038,28.521428571428572,6.25,4.585714285714287,12.0,13.100000000000001,4.7,4.68
2021-05-29,7.374415522151187,1.638759004922486,33.325,35.0,34.0,327.25,33.0,1.407300990254953,-0.8382797052177744,28.435714285714287,5.25,6.000000000000001,11.0,10.5,4.5,6.28
2021-05-30,10.484830802280435,2.0969661604560867,33.175,34.5,33.8,350.75,32.8,1.50468092974378,-0.8475409228928311,28.685714285714287,6.75,6.971428571428572,11.5,8.0,5.0,5.46
2021-05-31,7.625801788497542,1.9064504471243855,33.275,35.5,33.8,313.09999999999997,33.0,1.6465426076018308,-0.8565509959010036,29.07857142857143,6.050000000000001,8.185714285714287,10.1,9.0,4.0,5.51
2021-06-01,9.124076327772396,1.9834948538635646,33.325,34.4,33.8,359.4,33.0,1.703114242881263,-0.865307254363206,29.292857142857144,6.25,8.457142857142857,12.0,8.899999999999999,4.6,6.31
2021-06-02,2.1215548208176007,0.9224151394859135,33.675,35.5,34.6,249.47500000000002,33.8,1.8119375551437429,-0.8738071036110808,29.428571428571427,3.1999999999999993,9.72857142857143,8.5,12.3,2.3,4.39
2021-06-03,5.088974663134481,1.6963248877114938,33.825,35.1,34.2,296.31,34.0,1.7459091453662465,-0.8820480249558537,29.692857142857143,5.35,10.557142857142859,10.2,12.100000000000001,3.0,5.71
2021-06-04,2.3199307040726804,1.1047289067012764,32.324999999999996,32.5,32.2,79.75,31.8,1.7436838312101073,-0.8900275764346767,29.735714285714288,3.6000000000000014,10.757142857142858,2.9,10.0,2.1,4.5
2021-06-05,3.537369034715182,1.1410867853919942,32.725,33.0,33.0,118.25,32.2,1.6213056286093153,-0.8977433935342337,29.585714285714285,3.75,9.457142857142857,4.3,11.0,3.1,4.7
2021-06-06,3.7428851153933995,1.3367446840690713,32.725,33.5,33.0,258.75,32.4,1.5502095972478165,-0.9051931898913974,29.264285714285712,4.25,8.5,9.0,9.5,2.8,5.46
2021-06-07,3.497235847708654,1.8406504461624495,33.725,35.0,34.2,327.0,33.2,1.4416065291925284,-0.9123747579707273,29.014285714285712,5.75,8.142857142857142,10.9,10.0,1.9,5.98
2021-06-08,2.2933058660854564,1.092050412421646,33.575,34.8,34.2,350.32,33.6,1.4322065290551091,-0.9192859697186104,28.87142857142857,3.5999999999999996,8.257142857142858,11.6,9.199999999999996,2.1,6.52
2021-06-09,7.785159075682573,1.6924258860179509,32.775,33.5,33.0,286.15,32.8,1.3048573231348348,-0.9259247771938498,28.907142857142855,5.449999999999999,8.200000000000001,9.7,8.0,4.6,5.44
2021-06-10,7.544377923998404,1.5088755847996809,32.675,33.6,33.0,254.13,32.8,1.4148588583536974,-0.9322892131745133,28.928571428571427,5.15,8.371428571428572,8.6,8.100000000000001,5.0,5.75
2021-06-11,11.51976414866114,2.021011254151077,32.375,34.0,32.4,307.625,32.4,1.3880803865091527,-0.9383773917408641,29.0,6.75,8.142857142857144,11.5,14.5,5.7,6.74
2021-06-12,14.250058801332111,1.9520628494975494,32.575,34.0,32.4,312.97499999999997,33.0,1.5189778647162673,-0.9441875088341993,28.892857142857142,6.5,9.37142857142857,10.7,9.5,7.3,6.18
2021-06-13,12.660637923704986,1.4225435869331444,32.325,33.5,32.2,277.875,32.4,1.6348315881599176,-0.9497178427914316,29.142857142857142,4.75,10.285714285714286,9.5,8.5,8.9,6.38
2021-06-14,14.54932996060057,1.6165922178445078,31.375,32.0,30.2,216.6,31.8,1.6470885742833568,-0.9549667548552551,29.214285714285715,5.5,10.357142857142858,7.6,7.0,9.0,6.45
2021-06-15,11.23443669165028,1.8120059180081096,32.125,33.5,32.2,264.325,32.2,1.6150802559522222,-0.9599326896597447,29.0,6.050000000000001,9.885714285714286,9.7,12.5,6.2,6.51
2021-06-16,15.14067751240198,1.8464240868782904,32.075,33.6,32.0,311.355,32.2,1.7179310424645742,-0.9646141756912435,28.57857142857143,6.15,9.614285714285714,11.1,11.100000000000001,8.2,6.42
2021-06-17,25.39421478213487,1.9685437815608426,32.075,33.1,31.8,267.54,32.2,1.7399307854446227,-0.9690098257244062,28.371428571428574,6.5,9.814285714285715,9.8,11.600000000000001,12.9,7.01
2021-06-18,9.102691582030598,1.7848414866726663,32.525,34.1,32.8,316.41,32.0,1.8055976706962173,-0.9731183372332619,28.05,6.75,9.985714285714286,10.6,8.5,5.1,7.14
2021-06-19,6.122145533694285,1.3309012029770186,33.175,34.5,33.4,335.775,33.2,1.7718591324850157,-0.9769384927771817,28.49285714285714,6.25,9.857142857142858,11.1,8.5,4.6,6.24
2021-06-20,3.979664849391735,1.5306403266891286,34.025,35.5,34.4,319.915,33.8,1.6831217544106543,-0.980469160361632,28.635714285714283,6.399999999999999,9.914285714285715,10.9,12.3,2.6,6.3
2021-06-21,3.552259065021277,1.315651505563436,34.275,36.0,34.8,350.0,34.4,1.6985641458043663,-0.9837092937736097,28.650000000000002,6.1,10.114285714285714,11.2,9.5,2.7,5.57
2021-06-22,3.730935796304752,1.4349753062710584,34.125,35.2,34.6,258.40000000000003,34.0,1.655572615478499,-0.986657932891657,29.042857142857144,6.1999999999999975,10.62857142857143,8.5,9.600000000000001,2.6,5.15
2021-06-23,5.232417275163802,1.68787654037542,34.375,35.5,35.2,347.875,34.4,1.601711099516063,-0.9893142039703663,29.49285714285714,6.899999999999999,10.457142857142857,11.5,10.5,3.1,6.05
2021-06-24,7.686538442212058,1.4234330448540846,33.85,33.2,34.2,320.46000000000004,34.4,1.5790614500156528,-0.99167731989929,29.807142857142853,6.0,10.514285714285714,10.9,7.600000000000001,5.4,5.0
2021-06-25,11.926626414433871,1.8070646082475563,33.725,34.6,34.0,328.9,34.0,1.5011884876289732,-0.993746580436178,30.107142857142858,7.35,10.671428571428573,11.0,9.400000000000002,6.6,6.29
2021-06-26,13.290662110089443,1.8986660157270632,33.525,33.5,33.6,294.52500000000003,33.8,1.504363219282529,-0.9955213724144752,30.114285714285717,7.050000000000001,10.728571428571428,9.9,7.5,7.0,6.68
2021-06-27,8.086462116048954,1.6846796075101989,33.825,34.0,33.8,268.375,34.0,1.585472478246821,-0.9970011699250151,30.042857142857144,6.699999999999999,10.557142857142859,9.5,11.5,4.8,6.67
2021-06-28,5.452839129761711,1.5579540370747744,34.225,34.5,34.6,345.0,34.4,1.6074780897926881,-0.9981855344718586,29.885714285714283,6.5,10.357142857142858,11.5,9.0,3.5,5.58
2021-06-29,2.409234929598042,1.2680183839989696,33.975,35.0,34.2,294.71999999999997,34.4,1.6420927371514509,-0.99907411510223,29.707142857142856,4.35,10.4,9.6,8.600000000000001,1.9,6.35
2021-06-30,3.17034263710912,1.1322652275389715,35.025,35.5,35.6,306.28000000000003,35.2,1.618241748255438,-0.9996666485105112,29.75,4.800000000000001,10.557142857142859,10.4,12.100000000000001,2.8,5.71
2021-07-01,3.588844919890488,1.3803249691886492,35.275,35.8,36.2,320.78999999999996,35.8,1.538868703564517,-0.9999629591162655,29.63571428571429,4.550000000000001,10.4,11.1,13.799999999999997,2.6,6.29
2021-07-02,7.718639717813002,2.1440665882813894,33.975,35.0,34.4,282.625,34.6,1.5327104070408832,-0.9999629591162655,29.564285714285717,7.0,10.428571428571429,9.5,10.5,3.6,6.49
2021-07-03,7.303749079844672,2.028819188845742,34.575,35.5,35.0,269.70000000000005,34.6,1.5808535470457166,-0.9996666485105112,29.542857142857144,6.600000000000001,10.214285714285714,9.3,13.0,3.6,5.0
2021-07-04,2.822106575355112,1.2270028588500488,34.275,35.0,34.8,205.13,34.4,1.5994468574912422,-0.99907411510223,29.435714285714287,3.5500000000000007,10.12857142857143,7.3,13.8,2.3,5.47
2021-07-05,5.867910585774093,1.833722058054404,35.075,36.0,35.8,310.5,35.0,1.5340644648255066,-0.9981855344718586,29.414285714285715,5.75,9.814285714285715,10.8,14.5,3.2,5.63
2021-07-06,3.3682903820956027,1.5310410827707284,34.125,34.6,34.6,183.52,34.6,1.573459896394025,-0.9970011699250151,29.235714285714288,5.0,9.714285714285714,6.2,10.0,2.2,4.3
2021-07-07,3.7648917728968163,1.7113144422258255,35.175,34.8,35.8,144.72,35.0,1.6110345676471332,-0.9955213724144752,29.078571428571426,5.4,9.22857142857143,4.8,9.299999999999997,2.2,5.04
2021-07-08,4.447288631747311,1.647143937684189,35.525,36.2,36.6,313.425,35.8,1.6937558840309694,-0.9937465804361781,29.178571428571427,5.15,8.428571428571429,10.5,12.700000000000003,2.7,5.17
2021-07-09,10.468102690414755,1.539426866237464,34.725,33.6,35.2,14.350000000000001,35.0,1.7318728795303324,-0.99167731989929,29.314285714285713,5.25,8.342857142857143,0.5,9.8,6.8,5.53
2021-07-10,19.644880492423507,1.2278050307764692,31.125,30.0,30.4,205.2,32.2,1.6454957763812004,-0.9893142039703664,29.164285714285715,4.65,7.057142857142858,7.6,6.0,16.0,5.86
2021-07-11,12.509715018315916,1.5835082301665715,31.625,32.0,31.0,88.80000000000001,31.8,1.5310651823713042,-0.9866579328916572,28.87857142857143,5.549999999999999,6.814285714285715,3.2,8.5,7.9,4.23
2021-07-12,13.305480143425697,1.6631850179282122,32.525000000000006,33.0,32.2,168.0,32.4,1.5819945211308073,-0.9837092937736098,28.82857142857143,5.6,6.228571428571429,6.0,10.0,8.0,6.74
2021-07-13,12.360173006974241,1.7913294213006146,32.725,33.0,32.4,265.05,33.0,1.5576320868270657,-0.9804691603616321,28.72142857142857,6.1,5.542857142857144,9.5,10.2,6.9,6.13
2021-07-14,11.010894764109926,1.9662312078767727,33.025,33.5,32.2,210.9,33.2,1.5948161351884782,-0.9769384927771817,28.478571428571428,6.75,6.014285714285714,7.4,10.0,5.6,4.3
2021-07-15,1.5048482528702403,0.9405301580439,30.775,34.8,33.4,68.75999999999999,32.2,1.6312328159957563,-0.973118337233262,28.24285714285714,2.0500000000000007,6.385714285714286,2.4,12.299999999999997,1.6,4.36
2021-07-16,6.2749223001997105,1.4940291190951691,32.775,34.0,32.8,245.1,32.6,1.5302879903328577,-0.9690098257244063,28.071428571428573,4.700000000000001,5.228571428571429,8.6,11.0,4.2,4.59
2021-07-17,3.046950172918024,1.0506724734200084,33.775,35.0,34.4,235.74999999999997,33.8,1.5238025978839584,-0.9646141756912435,28.04285714285714,3.5,6.385714285714286,8.2,12.5,2.9,3.31
2021-07-18,7.004649565196501,1.5919658102719318,33.725,34.5,34.4,305.525,33.4,1.4984979468330353,-0.9599326896597445,28.29285714285714,5.25,6.471428571428572,10.1,8.5,4.4,6.42
2021-07-19,15.23862267653433,1.9790419060434195,32.875,35.0,33.4,339.3,32.2,1.4997061725623728,-0.9549667548552553,28.65,6.5,7.457142857142857,11.6,11.5,7.7,7.23
2021-07-20,19.06003793939246,2.1177819932658286,33.074999999999996,34.5,33.4,282.625,33.2,1.5448285851502594,-0.9497178427914317,28.828571428571426,7.0,8.257142857142858,9.5,9.5,9.0,7.43
2021-07-21,23.223968380119384,1.7593915439484382,33.025,34.2,33.2,298.0,33.0,1.5914646668595758,-0.9441875088341994,29.092857142857145,5.75,8.257142857142856,10.0,8.800000000000004,13.2,7.77
2021-07-22,23.884365495725856,1.8372588842866042,32.724999999999994,33.0,32.8,289.0,32.8,1.5619161434412423,-0.9383773917408642,29.278571428571432,6.25,8.628571428571428,10.0,8.2,13.0,6.0
2021-07-23,19.331474676652576,1.7899513589493123,33.075,33.2,33.2,267.89000000000004,33.0,1.6900202471902,-0.9322892131745134,29.314285714285713,5.999999999999998,9.714285714285714,8.9,6.200000000000003,10.8,6.97
2021-07-24,13.09366011588511,1.9542776292365835,33.175,35.2,34.0,302.64,33.8,1.732294852883649,-0.9259247771938499,29.542857142857144,6.550000000000001,9.757142857142856,9.7,8.000000000000004,6.7,7.69
2021-07-25,11.066033862941914,1.7024667481449098,34.475,35.0,35.2,286.12,34.2,1.861381303714588,-0.9192859697186105,29.892857142857142,5.5,9.971428571428573,9.2,7.800000000000001,6.5,7.07
2021-07-26,8.436505795069488,1.562315887975831,33.425,33.8,33.8,154.0,34.2,1.8771671519821567,-0.9123747579707274,30.014285714285716,5.550000000000001,9.842857142857143,5.5,11.599999999999998,5.4,5.95
2021-07-27,15.666305874908355,2.117068361474102,34.775,35.0,35.4,349.44,34.6,1.8176348636867867,-0.9051931898913975,29.83571428571429,6.800000000000001,8.971428571428572,11.2,7.600000000000001,7.4,6.96
2021-07-28,14.260879078273737,2.0085745180667236,33.825,34.5,33.8,193.71,33.6,1.8175329162879685,-0.8977433935342336,30.042857142857144,6.65,9.214285714285714,6.6,10.3,7.1,6.42
2021-07-29,14.46771559196817,2.3717566544210116,35.225,35.6,35.8,316.64500000000004,35.2,1.8531304840191523,-0.8900275764346766,29.978571428571428,7.449999999999999,8.72857142857143,10.9,13.100000000000001,6.1,6.87
2021-07-30,14.29588343911946,2.6473858220591593,35.625,35.6,36.2,353.43000000000006,35.6,1.9294873083240678,-0.8820480249558535,30.0,8.5,8.857142857142858,11.9,11.8,5.4,7.23
2021-07-31,12.955795048370993,2.5911590096741985,35.475,36.0,36.2,350.75,35.6,2.051977945911189,-0.8738071036110807,29.942857142857143,8.25,9.285714285714286,11.5,11.0,5.0,7.34
2021-08-01,8.907188953113288,2.071439291421695,35.675,35.8,36.4,291.65,35.8,2.1429610002594193,-0.8653072543632061,29.842857142857145,6.699999999999999,9.542857142857143,9.5,10.199999999999996,4.3,7.1
2021-08-02,19.815877557528392,1.9815877557528392,35.125,34.4,35.6,304.88000000000005,35.8,2.1956713635846743,-0.8565509959010037,29.78571428571429,6.549999999999999,9.585714285714287,10.3,9.599999999999998,10.0,7.21
2021-08-03,6.746311118642617,2.2487703728808723,34.625,34.0,34.8,214.7,35.0,2.2555673446956757,-0.8475409228928312,30.014285714285712,7.75,10.271428571428572,7.6,11.5,3.0,7.34
2021-08-04,14.022145863449493,2.261636429588628,36.225,35.5,36.8,292.9,36.2,2.274381917753786,-0.8382797052177745,29.592857142857145,7.25,9.757142857142856,10.1,13.0,6.2,8.82
2021-08-05,22.59893575529444,2.429993091967144,36.175,35.2,36.8,324.79999999999995,36.2,2.3105336193997723,-0.828770087174504,29.542857142857144,7.85,10.257142857142858,11.2,12.400000000000002,9.3,8.19
2021-08-06,9.875093079644875,2.1467593651401904,36.875,36.0,37.8,246.925,36.8,2.3188531104777907,-0.8190148866680802,29.535714285714285,6.9,10.299999999999999,8.3,12.5,4.6,6.8
2021-08-07,3.9619815818049613,1.523839069924985,36.625,36.0,37.8,178.5,37.0,2.2473350452036525,-0.8090169943749472,29.542857142857144,5.0,9.785714285714286,6.0,12.5,2.6,6.6
2021-08-08,4.84797653640616,1.4258754518841648,33.025,35.0,32.8,130.95000000000002,33.8,2.094860768096622,-0.7987793728863648,29.435714285714287,5.0,9.0,4.5,11.8,3.4,6.8
2021-08-09,4.050204301172029,1.306517516507106,35.775,36.0,36.0,265.5,36.2,2.0026373624484033,-0.7883050558305253,29.207142857142856,4.5,8.285714285714286,9.0,13.0,3.1,6.69
2021-08-10,11.25966394205625,1.845846547878074,33.775000000000006,33.5,34.2,226.2,34.4,1.9061987568418701,-0.7775971469736268,29.192857142857143,6.0,8.1,7.8,9.0,6.1,5.33
2021-08-11,6.463888131132047,1.9587539791309236,34.175,34.5,34.4,76.05,34.6,1.848638210412899,-0.7666588193001592,29.3,6.5,8.12857142857143,2.6,10.5,3.3,5.71
2021-08-12,8.236231589982026,1.5838906903811587,34.875,35.2,35.8,200.33,35.8,1.8053692889189412,-0.7554933140726804,29.335714285714285,5.450000000000001,7.057142857142857,6.7,10.600000000000001,5.2,4.7
2021-08-13,4.0617762026904884,1.6247104810761952,34.225,33.0,34.2,47.6,34.0,1.6844975172638001,-0.7441039398713608,29.464285714285715,5.35,6.4142857142857155,1.7,10.0,2.5,5.06
2021-08-14,15.585392344161514,2.164637825577988,36.925000000000004,36.0,37.8,301.35,36.4,1.6099191052546582,-0.7324940716135792,29.214285714285715,7.050000000000001,5.471428571428572,9.8,10.5,7.2,5.17
2021-08-15,6.408525097336514,2.0026640929176605,35.625,35.0,36.0,69.6,35.8,1.7014617846336588,-0.7206671495538615,29.357142857142858,6.6,6.014285714285714,2.4,12.0,3.2,3.62
2021-08-16,8.290443681004925,2.2406604543256554,35.824999999999996,35.0,36.6,188.16,35.8,1.783860161924158,-0.70862667826446,29.342857142857145,7.25,5.714285714285714,6.4,11.2,3.7,6.21
2021-08-17,12.559275218822492,2.3696745695891495,36.975,35.0,37.6,292.05,36.6,1.9173091530410937,-0.6963762255968726,29.32857142857143,7.75,5.342857142857143,9.9,11.0,5.3,5.02
2021-08-18,14.090144349686366,2.2726039273687686,36.125,35.0,37.0,267.75,36.0,1.9921417275712472,-0.6839194216246105,29.400000000000002,7.6,5.642857142857144,9.0,10.5,6.2,4.97
2021-08-19,15.635514626783271,2.481827718537027,36.575,35.0,37.2,312.375,36.2,2.0369774344623677,-0.6712599575675315,29.47142857142857,8.000000000000002,6.557142857142858,10.5,10.5,6.3,4.56
2021-08-20,6.338750098557164,1.864338264281519,37.625,36.0,39.2,282.625,37.2,2.1652541527703493,-0.6584015846980489,29.45,6.0,7.1000000000000005,9.5,12.5,3.4,6.16
2021-08-21,1.971412750097317,1.1596545588807747,32.925,32.8,32.8,61.93,32.2,2.1994866932282524,-0.64534811322955,29.7,3.6999999999999993,8.214285714285715,2.2,9.299999999999997,1.7,5.02
2021-08-22,2.0074440232939263,0.872801749258229,32.075,31.5,31.8,67.5,31.4,2.055917655128651,-0.6321034111873488,29.32857142857143,3.0,7.128571428571428,2.5,9.0,2.3,3.74
2021-08-23,3.0695739264236224,1.4617018697255344,33.325,33.8,33.4,173.6,32.6,1.894508748891589,-0.6186714032625032,29.042857142857144,4.15,7.142857142857143,6.2,11.599999999999998,2.1,4.63
2021-08-24,2.23438182189102,1.1759904325742212,32.525,33.8,33.0,263.2,32.6,1.7832289510915718,-0.6050560696488494,28.842857142857138,3.75,7.114285714285715,9.4,11.599999999999998,1.9,4.7
2021-08-25,5.095879254795085,1.6986264182650284,33.775,35.0,34.4,279.36,33.6,1.612702645803725,-0.5912614448635782,28.628571428571426,5.550000000000001,7.042857142857144,9.7,12.399999999999999,3.0,6.22
2021-08-26,8.125766176943698,1.5331634296120185,33.125,33.0,33.8,313.02,33.4,1.5307058587889049,-0.5772916165517278,28.49285714285714,5.15,7.142857142857144,11.1,9.600000000000001,5.3,5.48
2021-08-27,8.790815064878709,1.6586443518639074,33.475,33.6,34.4,201.48000000000002,33.6,1.395182388942475,-0.5631507242749187,28.27142857142857,5.5,7.2285714285714295,6.9,8.8,5.3,6.49
2021-08-28,21.578707588358522,1.892869086698116,33.325,34.0,34.0,208.25,33.2,1.3657975443113877,-0.5488429582847199,28.192857142857143,6.4,6.8571428571428585,7.0,8.5,11.4,4.99
2021-08-29,17.873590382955676,1.6704290077528672,32.725,32.5,32.8,152.375,32.4,1.4705424768567223,-0.5343725582809785,28.42142857142857,5.800000000000001,7.542857142857144,5.3,7.5,10.7,5.68
2021-08-30,10.437805318796308,1.6309070810619228,32.125,33.0,32.2,140.875,32.2,1.5844892280702418,-0.5197438121555157,28.67142857142857,5.699999999999999,7.942857142857143,4.9,8.5,6.4,6.27
2021-08-31,10.433856148554115,2.371330942853208,34.925000000000004,35.5,36.0,335.44,34.4,1.6086614011182974,-0.5049610547215202,28.77857142857143,7.450000000000001,7.757142857142858,11.2,11.100000000000001,4.4,5.77
2021-09-01,8.029552662655705,1.9584274786965135,34.325,35.5,35.4,315.52500000000003,34.6,1.7794243311581526,-0.4900286664290594,29.057142857142853,6.35,8.014285714285714,10.5,10.899999999999999,4.1,6.18
2021-09-02,5.230587850414436,1.2453780596224846,32.625,32.0,32.8,0.0,32.6,1.8165387683626506,-0.4749510720670502,29.235714285714288,2.0,8.12857142857143,0.0,6.5,4.2,5.51
2021-09-03,6.950488316800008,1.51097572104348,32.875,33.8,33.2,150.12,32.8,1.77542657264986,-0.4597327394521046,29.314285714285713,5.15,6.542857142857144,5.4,11.999999999999996,4.6,5.82
2021-09-04,8.97269748288812,1.8311627516098206,33.225,33.4,33.6,244.305,32.8,1.7543310539612273,-0.4443781781046134,29.114285714285717,6.0,6.328571428571429,8.9,11.899999999999999,4.9,5.49
2021-09-05,14.41375937765792,1.8245265035010023,33.575,35.1,34.2,277.14000000000004,33.2,1.745515863234328,-0.4288919379124841,28.785714285714285,6.0,6.6000000000000005,9.3,10.600000000000001,7.9,6.75
2021-09-06,21.773023927967643,2.1138858182492855,33.225,33.8,34.0,219.74999999999997,33.6,1.7675297911983472,-0.41327860778290443,28.935714285714287,7.050000000000001,7.171428571428572,7.5,8.999999999999996,10.3,7.61
2021-09-07,17.146013069870737,2.3487689136809227,34.425000000000004,33.8,35.2,235.02499999999998,33.6,1.836526753653685,-0.3975428142825566,29.014285714285712,7.65,7.542857142857144,8.5,12.299999999999997,7.3,5.86
2021-09-08,15.906414542636464,2.3740917227815617,34.675000000000004,35.2,35.6,288.86,34.0,1.8333036066290729,-0.3816892202666586,28.685714285714287,7.850000000000001,7.157142857142858,10.1,13.200000000000003,6.7,7.48
2021-09-09,11.251826532942628,2.500405896209473,35.275,36.0,36.0,304.2,34.4,1.8926842129269368,-0.3657225234972692,28.478571428571428,8.0,7.100000000000001,10.4,13.5,4.5,7.53
2021-09-10,7.069376231110505,2.356458743703502,35.275,36.0,36.0,299.25,34.8,2.071973903867935,-0.34964745525122826,28.55,7.25,8.585714285714285,9.5,9.0,3.0,6.08
2021-09-11,14.600535339547141,2.00007333418454,35.625,36.0,36.2,330.59999999999997,35.8,2.192757192819367,-0.33346877891818705,29.07857142857143,6.5,9.171428571428573,11.6,15.0,7.3,7.36
2021-09-12,19.024278771843242,2.439010098954262,35.375,35.8,36.0,291.0,35.2,2.216887276044327,-0.31719128858910595,29.228571428571428,8.0,9.557142857142859,10.0,13.399999999999999,7.8,6.94
2021-09-13,18.24471556181364,2.4992761043580325,35.325,35.5,36.0,321.75,35.0,2.304670646823364,-0.300819807635668,29.12857142857143,8.0,9.657142857142858,11.0,12.5,7.3,6.89
2021-09-14,15.28438271129194,2.6352383984986103,35.775000000000006,36.0,36.6,327.45,35.4,2.359726401981756,-0.2843591872810036,29.12142857142857,8.0,10.157142857142858,11.1,13.0,5.8,6.42
2021-09-15,5.178613312849844,2.251571005586889,35.575,36.5,36.4,282.0,36.0,2.4006506140985686,-0.26781430516217486,29.385714285714283,7.0,10.528571428571428,9.4,13.0,2.3,6.04
2021-09-16,7.282028648464666,1.9163233285433334,34.625,35.5,34.8,212.64499999999998,35.0,2.3831476544993295,-0.25119006388481957,29.585714285714285,6.25,10.428571428571429,7.1,11.100000000000001,3.8,6.02
2021-09-17,3.89655268679655,1.2569524796117904,35.125,36.5,36.0,211.75,35.8,2.299707287689881,-0.23449138957041052,29.685714285714287,4.200000000000001,9.957142857142857,7.0,12.5,3.1,4.63
2021-09-18,1.5614923157491558,0.6506217982288149,34.225,35.5,35.2,177.0,34.8,2.142634964248208,-0.21772323039653224,29.50714285714286,2.25,9.6,6.0,12.0,2.4,3.94
2021-09-19,4.456386778322292,1.5915667065436758,35.175,36.5,35.8,268.75,34.8,1.9498561733973905,-0.20089055513063528,29.650000000000002,5.0,8.8,8.6,10.5,2.8,4.86
2021-09-20,2.3098601358349273,1.0499364253795123,33.125,34.5,33.2,190.4,34.0,1.8287928316244495,-0.18399835165767986,29.957142857142856,3.5,8.6,6.4,9.5,2.2,4.54
2021-09-21,8.038327034062688,1.786294896458375,33.875,35.1,34.2,256.95,34.6,1.6217443060560897,-0.1670516255021195,30.02857142857143,5.850000000000001,7.942857142857144,9.0,13.100000000000001,4.5,4.32
2021-09-22,7.2184648476968905,1.8508884224863822,35.975,34.6,37.0,317.9,35.6,1.5004666629074843,-0.15005539834465262,29.892857142857142,5.949999999999999,7.642857142857143,11.0,11.400000000000002,3.9,5.12
2021-09-23,3.4087788000877466,1.2174210000313381,34.875,36.5,36.4,227.15,36.2,1.4432262938931262,-0.13301470653419636,29.735714285714288,4.15,7.871428571428573,7.7,14.0,2.8,5.15
2021-09-24,4.8956991795353915,1.4835452059198158,33.975,35.0,34.4,267.375,34.6,1.3433831041056983,-0.11593459959550066,29.67142857142857,4.9,7.957142857142857,9.3,12.5,3.3,4.92
2021-09-25,6.371714686229754,1.3003499359652557,32.975,34.0,33.4,229.07500000000002,33.2,1.3757534935782734,-0.09882013873287211,29.457142857142856,4.25,8.285714285714286,7.7,8.5,4.9,5.28
2021-09-26,18.19874409493282,1.6850688976789647,32.775,34.5,32.8,238.8,33.0,1.4685717989691935,-0.08167639533042288,29.49285714285714,5.5,8.528571428571428,8.0,9.3,10.8,5.66
2021-09-27,23.604615851595106,2.1075549867495633,32.525,34.0,32.4,270.72499999999997,32.6,1.4819292548456633,-0.06450844944931625,29.29285714285714,7.0,8.442857142857143,9.1,8.5,11.2,5.95
2021-09-28,9.478280339952413,0.861661849086583,30.625,34.5,29.8,41.3,30.4,1.6330176207556708,-0.04732138832243232,29.292857142857144,3.0999999999999996,8.82857142857143,1.4,10.0,11.0,4.45
2021-09-29,13.189914329627014,2.442576727708706,34.075,36.1,34.4,278.535,33.4,1.5009271854168433,-0.03012030484690836,29.428571428571427,7.75,7.742857142857143,9.3,12.3,5.4,6.94
2021-09-30,4.196519566925647,1.353715989330854,32.025,32.0,31.6,36.14,31.8,1.5854540861628894,-0.012910296075008843,29.57857142857143,4.6,7.5,1.3,8.399999999999999,3.1,4.65
2021-10-01,0.2373757769930874,0.1978131474942395,30.075000000000003,30.0,29.0,0.0,30.2,1.6049247989199633,0.004303538296243821,29.335714285714285,0.75,6.585714285714286,0.0,6.5,1.2,0.6
2021-10-02,4.1604677033121265,1.5409139641896763,32.575,33.0,32.0,193.20000000000002,32.4,1.4212487905734523,0.021516097436222233,29.05,5.0,5.257142857142858,6.9,10.0,2.7,3.36
2021-10-03,2.1610183935345626,1.4406789290230417,34.574999999999996,34.6,35.4,197.2,33.8,1.4556150803197982,0.03872228089217399,28.8,4.5,5.142857142857144,6.8,11.200000000000003,1.5,3.42
2021-10-04,0.40398707359906133,0.26932471573270755,32.025,32.5,32.2,38.849999999999994,32.0,1.4207022276546664,0.05591699010060302,28.678571428571427,1.0,4.971428571428572,1.4,9.5,1.5,2.77
2021-10-05,0.8060516091727729,0.44780644954042936,31.075000000000003,32.8,30.8,119.96999999999998,31.6,1.1580979032236869,0.07309512989807776,28.392857142857142,1.5999999999999996,3.8714285714285714,4.3,9.799999999999997,1.8,2.5
2021-10-06,3.4710318429900058,1.3350122473038484,33.475,33.5,34.0,298.34999999999997,32.8,1.0989757032885221,0.0902516100310407,28.164285714285715,4.25,4.2857142857142865,10.2,8.5,2.6,6.24
2021-10-07,4.842138169480313,1.862360834415505,34.175000000000004,34.6,35.0,299.77500000000003,33.6,0.9407522060878282,0.10738134666416306,28.064285714285713,6.0,4.414285714285715,10.5,12.100000000000001,2.6,6.33
2021-10-08,9.063078861306503,2.0140175247347782,34.525,35.0,35.2,284.625,34.0,1.0134157553856356,0.12447926388678869,28.171428571428574,6.4,5.728571428571429,9.9,12.5,4.5,6.02
2021-10-09,12.139801653244225,1.7593915439484382,32.425,33.0,32.0,97.75,31.8,1.2728735235628552,0.141540295217043,28.45714285714286,5.75,7.142857142857143,3.4,8.5,6.9,4.97
2021-10-10,15.385282033938912,1.8994175350541869,33.125,35.0,33.4,210.24,32.8,1.3040846063855354,0.15855938510313475,28.564285714285717,6.25,6.642857142857143,7.3,12.399999999999999,8.1,4.5
2021-10-11,7.422031836921101,0.8434127087410341,31.424999999999997,31.8,31.0,85.715,31.4,1.3696186929614134,0.17553149042142777,28.535714285714285,3.0999999999999996,6.714285714285715,3.1,8.3,8.8,2.3
2021-10-12,15.124850530673804,1.6994214079408767,31.175000000000004,32.0,31.0,123.625,30.6,1.4516312633911743,0.19245158197082995,28.521428571428572,5.75,6.957142857142857,4.3,6.5,8.9,4.03
2021-10-13,15.461471173768281,2.2737457608482767,34.475,34.6,35.0,321.44,34.0,1.6304334003055239,0.20931464596304888,28.642857142857142,7.5,6.957142857142857,11.2,11.8,6.8,5.62
2021-10-14,16.0707703503384,2.3290971522229564,35.075,35.2,35.8,324.31000000000006,34.4,1.764538187954728,0.22611568550828803,28.564285714285713,7.449999999999999,7.1000000000000005,11.3,13.000000000000004,6.9,5.57
2021-10-15,9.70612053504832,2.1100262032713744,34.525,35.0,34.8,186.54999999999998,34.4,1.8312148047843642,0.2428497220959358,28.585714285714285,6.799999999999999,7.214285714285714,6.5,12.600000000000001,4.6,5.12
2021-10-16,7.202602937243425,2.0578865534981214,33.525,35.2,33.8,224.8,34.0,1.844930330289592,0.25951179706979943,28.578571428571426,7.25,6.728571428571429,8.0,14.200000000000003,3.5,3.67
2021-10-17,18.129798308273063,2.6275070011989943,34.175,35.4,34.4,230.04,34.2,1.8875724745109754,0.27609697309746883,28.485714285714288,8.8,7.385714285714286,8.1,14.0,6.9,6.63
2021-10-18,16.64263749361678,2.483975745315937,35.575,34.6,36.0,325.05,35.6,1.9915852553888047,0.2926003356333479,28.428571428571427,8.25,7.500000000000001,11.0,10.100000000000001,6.7,6.51
2021-10-19,3.763206742897078,1.5680028095404492,34.875,35.8,36.0,193.63,35.4,2.225951403470934,0.30901699437494723,28.7,5.199999999999999,8.62857142857143,6.7,13.799999999999997,2.4,4.09
2021-10-20,1.9051818693240397,0.907229461582876,32.425000000000004,34.0,32.0,141.5,33.4,2.2071773179851584,0.3253420847119795,28.72142857142857,3.1000000000000014,8.971428571428572,5.0,11.399999999999999,2.1,3.2
2021-10-21,3.406510591141646,1.2616705893117206,34.725,34.5,35.8,271.19,34.6,2.011960703804387,0.341570769167856,28.664285714285715,4.15,8.085714285714285,9.4,11.3,2.7,4.12
2021-10-22,4.9972110053467755,1.612003550111863,35.075,35.0,36.0,291.0,35.4,1.8594711948170677,0.35769823883312546,28.685714285714287,4.949999999999999,7.814285714285715,9.7,10.0,3.1,3.09
2021-10-23,1.0864171424106999,0.6390689073004117,30.275,33.8,29.8,213.70999999999998,32.6,1.788325101508566,0.3737197147904692,28.871428571428574,2.25,8.27142857142857,7.1,7.399999999999999,1.7,2.02
2021-10-24,5.370724456942745,1.451547150525066,33.225,33.5,33.6,255.20000000000002,32.8,1.5856368663374645,0.38963044953078774,29.157142857142855,4.75,8.142857142857144,8.8,9.0,3.7,4.09
2021-10-25,1.546789269920475,0.9098760411296912,32.525,32.5,32.2,163.85,33.0,1.4176426019554746,0.4054257283599973,29.242857142857144,3.0500000000000007,8.242857142857144,5.8,8.5,1.7,2.8
2021-10-26,1.3247872679274735,0.5095335645874898,31.875,33.5,32.0,248.60000000000002,32.8,1.192771215643154,0.42110087079608916,29.057142857142857,1.75,7.500000000000001,8.8,10.5,2.6,2.91
2021-10-27,3.1591519167307296,1.215058429511819,32.324999999999996,32.6,32.2,182.32500000000002,31.8,1.041561323507017,0.4366512319560638,28.964285714285715,4.200000000000001,7.8,6.5,9.100000000000001,2.6,4.92
2021-10-28,3.5639805973748397,1.2289588266809792,31.925000000000004,31.4,31.8,102.49000000000001,31.6,1.0855368903540088,0.45207220393230374,28.928571428571427,3.950000000000001,8.014285714285714,3.7,7.399999999999999,2.9,2.93
2021-10-29,1.7523376875582546,0.8761688437791273,32.475,31.4,32.8,165.92,32.0,1.08086378140676,0.46735921715800205,28.764285714285712,2.9499999999999993,7.200000000000001,6.1,8.399999999999999,2.0,2.17
2021-10-30,1.3943473503158428,0.5362874424291703,31.225,29.5,30.8,72.8,30.6,0.9757445376449406,0.48250774176121763,28.36428571428571,2.0,6.685714285714285,2.8,7.0,2.6,2.45
2021-10-31,1.7503240679852479,0.7610104643414122,31.924999999999997,31.2,31.8,154.47,31.0,0.9610614712347633,0.4975132889071803,27.77857142857143,2.5,6.071428571428572,5.7,8.2,2.3,3.24
2021-11-01,1.2371128335110633,0.6872849075061462,31.775,33.0,31.8,146.88,31.6,0.8624133732085271,0.5123714121284235,27.507142857142856,2.4000000000000004,5.628571428571428,5.1,8.399999999999999,1.8,4.16
2021-11-02,0.9322481083459732,0.6214987388973154,30.525,30.6,29.6,108.2,30.4,0.8306146398337348,0.5270777086423724,27.585714285714285,2.1500000000000004,5.528571428571429,4.0,7.100000000000001,1.5,4.19
2021-11-03,1.2647654588032813,0.6656660309490955,32.325,32.5,32.6,112.74999999999999,31.6,0.8466096647351385,0.5416278206559811,27.414285714285715,2.25,4.842857142857143,4.1,10.0,1.9,4.48
2021-11-04,1.3632357312574366,0.908823820838291,32.025,31.5,31.6,200.385,31.2,0.7681250363690352,0.5560174366570446,27.33571428571429,3.0500000000000007,4.500000000000001,7.3,8.100000000000001,1.5,4.97
2021-11-05,3.1459506499276104,1.1235538035455752,31.775000000000006,31.5,31.6,131.76,31.4,0.722391464105794,0.5702422926917867,27.3,3.75,5.014285714285714,4.8,8.100000000000001,2.8,3.02
2021-11-06,3.138052290991837,1.0460174303306122,32.275000000000006,33.5,32.6,263.885,32.4,0.7577321726438581,0.5842981736283683,27.335714285714285,3.5500000000000007,4.828571428571429,8.9,7.699999999999999,3.0,3.18
2021-11-07,4.620221261045323,0.9429022981725149,31.525,30.8,31.2,64.55999999999999,30.6,0.830550742344064,0.5981809144059158,27.857142857142858,3.25,5.700000000000001,2.4,7.800000000000001,4.9,3.21
2021-11-08,4.1998400662341036,0.9130087100508922,30.225,29.5,29.4,7.77,29.6,0.8565352900342215,0.6118864012687242,27.82857142857143,3.0999999999999996,5.228571428571429,0.3,7.199999999999999,4.6,2.88
2021-11-09,2.959817807964824,0.739954451991206,31.575000000000003,30.8,31.4,86.4,30.0,0.8887815475406138,0.6254105729852457,27.414285714285715,2.5,4.542857142857144,3.2,7.600000000000001,4.0,2.28
2021-11-10,3.357870979278722,0.7809002277392376,30.025,29.5,29.8,70.065,27.8,0.9057037922683124,0.6387494220515268,27.407142857142855,2.75,4.428571428571429,2.7,7.100000000000001,4.3,2.77
2021-11-11,4.700136154950856,1.3823929867502518,32.225,33.2,32.2,221.99,31.8,0.92216582038119,0.6518989958787125,27.185714285714283,4.75,4.2285714285714295,7.9,10.200000000000003,3.4,3.98
2021-11-12,2.159022844202387,0.8636091376809548,31.325000000000003,32.5,31.0,140.4,31.0,0.9898185583686129,0.6648553979642866,27.27857142857143,3.0,4.314285714285715,4.8,6.5,2.5,3.4
2021-11-13,5.860187147717999,1.5026120891584613,32.074999999999996,32.2,32.0,205.86,31.8,0.9526836061022385,0.6776147890466887,27.535714285714285,5.0,4.314285714285715,7.3,8.000000000000004,3.9,3.28
2021-11-14,4.06696844993474,1.2709276406046062,31.674999999999997,33.0,30.8,106.59,31.2,1.017911414506217,0.690173388242972,27.32857142857143,4.300000000000001,4.085714285714286,3.8,9.899999999999999,3.2,2.27
2021-11-15,3.9134729200506673,1.1510214470737257,33.075,33.2,33.4,239.51,32.6,1.0647721777108015,0.7025274741691566,27.49285714285714,3.9499999999999993,4.2857142857142865,8.6,10.700000000000003,3.4,4.14
2021-11-16,4.224659679115185,1.0561649197787963,33.175000000000004,31.8,33.6,190.95000000000002,32.4,1.098773997285492,0.7146733860429608,27.771428571428572,3.5,5.471428571428572,6.7,6.600000000000001,4.0,4.03
2021-11-17,3.8233958631383786,1.0620544064273274,29.975,32.5,29.6,0.0,30.0,1.1439469212551479,0.7266075247685652,27.985714285714288,4.25,5.971428571428572,0.0,11.0,3.6,1.54
2021-11-18,4.267987593127047,1.1231546297702755,32.275,32.4,32.0,224.35999999999999,32.2,1.1841118039248748,0.7383263540031063,28.13571428571429,4.0,5.585714285714287,7.9,8.0,3.8,3.8
2021-11-19,1.8490014425289196,1.232667628352613,33.225,32.6,33.8,243.85999999999999,32.2,1.1470777529277354,0.749826401204568,28.178571428571427,4.15,5.585714285714286,8.9,10.400000000000002,1.5,4.72
2021-11-20,3.850221246534966,1.7501005666068026,34.575,33.8,35.6,282.22,33.6,1.1998003944522577,0.7611042586607742,27.914285714285715,5.75,6.171428571428572,10.3,12.799999999999997,2.2,4.81
2021-11-21,5.1747386055548095,2.069895442221924,34.625,34.0,35.6,253.425,33.6,1.2351558912305924,0.7721565844991641,27.8,7.0,6.6000000000000005,9.3,13.5,2.5,3.33
2021-11-22,3.2357679496213536,1.2445261344697514,32.875,31.4,32.4,59.84,33.8,1.3492941486044947,0.7829801036770624,27.685714285714287,4.25,7.385714285714286,2.2,8.399999999999999,2.6,1.65
2021-11-25,0.3782734416620489,0.31522786805170744,28.575000000000003,26.6,26.8,0.0,27.6,1.3348393654135846,0.8140460935082175,27.40833333333333,1.1999999999999993,6.733333333333334,0.0,4.400000000000002,1.2,1.13
2021-11-26,2.1281652419776917,0.7882093488806265,31.825000000000003,31.0,31.8,177.45000000000002,30.2,1.2001849051271565,0.8239230057575536,26.74166666666667,2.6999999999999993,5.416666666666668,6.5,7.399999999999999,2.7,2.13
2021-11-27,2.388325514003506,0.9951356308347942,33.175,31.0,34.0,234.89999999999998,32.2,1.1261085252151588,0.8335557718385695,26.724999999999998,3.3000000000000007,5.0166666666666675,8.7,8.0,2.4,4.03
2021-11-28,0.9934080552676072,0.6208800345422545,30.924999999999997,32.3,30.4,60.28,30.2,1.000281035919824,0.8429415373547832,26.65833333333333,1.75,4.750000000000001,2.2,9.799999999999997,1.6,2.55
2021-11-29,0.6781908481048674,0.5651590400873895,31.875,30.5,32.0,187.25,30.8,0.7587784679732126,0.8520775211013093,26.683333333333334,1.5500000000000007,3.566666666666667,7.0,7.5,1.2,2.91
2021-11-30,2.4487932660288325,1.1130878481949238,32.525000000000006,32.0,33.2,299.73,31.4,0.6455506189094855,0.8609610158889945,26.608333333333334,3.75,4.366666666666667,10.3,5.800000000000001,2.2,3.98
2021-12-01,1.3551136828015329,0.9034091218676885,33.475,32.5,34.2,267.05,32.2,0.7123416516645482,0.8695893893466109,26.964285714285715,3.0999999999999996,5.214285714285714,9.8,10.5,1.5,3.56
2021-12-02,3.2894219677975682,1.3157687871190273,33.574999999999996,32.2,34.4,289.43,32.2,0.7573012703513406,0.8779600847008883,27.02857142857143,4.350000000000001,6.357142857142857,10.3,8.200000000000003,2.5,3.2
2021-12-03,2.588998345689218,1.3626307082574831,34.825,33.0,36.0,277.95,33.6,0.9002356873609577,0.8860706215341378,27.557142857142853,2.450000000000001,7.828571428571428,10.2,11.5,1.9,2.21
2021-12-04,2.529215026729349,1.2646075133646746,35.075,33.2,36.4,252.45000000000002,34.0,0.9822958815576515,0.893918596519257,27.550000000000004,4.25,8.357142857142858,9.0,10.300000000000004,2.0,2.3
2021-12-05,2.4683903461059087,1.299152813739952,35.375,33.5,36.8,274.40000000000003,34.4,1.020791864776206,0.9015016841318838,27.7,4.199999999999999,8.4,9.8,11.0,1.9,3.88
2021-12-06,1.5741310485521642,0.9838319053451026,34.275,33.0,35.0,252.29999999999998,33.8,1.1176879760901628,0.9088176373395028,27.785714285714285,3.25,9.485714285714286,8.7,8.0,1.6,4.07
2021-12-07,2.5594173123621946,1.11279013580965,34.325,32.0,35.0,270.75,33.4,1.1774983854126932,0.9158642882672868,28.107142857142858,3.8000000000000007,9.728571428571428,9.5,7.0,2.3,3.94
2021-12-08,0.598977149536222,0.4278408210973015,31.775000000000006,30.4,31.6,113.73499999999999,31.4,1.1774558550719398,0.9226395488404875,28.021428571428572,1.5,9.614285714285716,4.3,7.899999999999999,1.4,3.85
2021-12-09,3.2523332254540764,1.4783332842973074,33.175000000000004,32.6,34.0,264.04,32.6,1.1095175263904558,0.9291414114031743,27.907142857142862,5.0,8.82857142857143,9.2,7.800000000000001,2.2,3.4
2021-12-10,3.328990218635992,1.1096634062119974,32.574999999999996,31.6,33.2,267.54,31.8,1.1327410259873532,0.935367949313148,27.99285714285714,3.75,8.671428571428573,9.8,8.600000000000001,3.0,3.22
2021-12-11,1.4384681776962154,0.6254209468244415,31.625,32.8,31.6,175.36,31.4,1.0966028399808552,0.941317317512847,28.0,1.75,8.614285714285714,6.4,10.799999999999997,2.3,1.88
2021-12-12,1.2273888066031562,0.45458844689005784,30.775,31.0,30.4,135.66,30.0,1.0052904733322503,0.9469877530760751,27.907142857142855,2.0500000000000007,8.242857142857144,5.1,8.8,2.7,1.38
2021-12-13,0.40827740983125504,0.27218493988750336,28.9,28.5,28.0,0.0,28.2,0.8846384209251227,0.9523775757303973,27.70714285714286,1.0,7.571428571428571,0.0,6.5,1.5,0.96
2021-12-14,0.6858695370405393,0.4034526688473761,29.525,28.4,28.6,7.6499999999999995,28.0,0.7829745687168941,0.9574851883550389,27.171428571428574,1.4000000000000004,6.328571428571428,0.3,5.799999999999997,1.7,1.97
2021-12-15,0.3758046983004548,0.2087803879446971,29.424999999999997,28.8,28.2,46.980000000000004,28.8,0.6816406448651408,0.9623090774541487,26.742857142857144,0.8000000000000007,5.014285714285714,1.8,5.400000000000002,1.8,1.43
2021-12-16,1.575050037409168,0.6300200149636672,30.924999999999997,31.5,30.4,89.60000000000001,30.0,0.6503462972719115,0.9668478136052773,26.692857142857143,1.0500000000000007,4.6571428571428575,3.2,7.0,2.5,1.44
2021-12-17,2.3499254668454257,0.8703427654983057,31.325000000000003,30.7,31.0,65.16,30.0,0.5291586873671058,0.9711000518829505,26.592857142857145,3.0,3.8000000000000007,2.4,7.099999999999998,2.7,2.52
2021-12-18,0.9391618417849278,0.3478377191796029,29.725,30.0,28.8,200.625,29.6,0.49497002440800697,0.9750645322571945,26.571428571428573,1.3000000000000007,2.7428571428571433,7.5,6.5,2.7,3.04
2021-12-19,1.7182216302541444,0.636378381575609,31.475,31.1,32.2,134.16,29.6,0.45531527760160145,0.9787400799669153,26.47857142857143,2.5,2.900000000000001,4.8,6.300000000000001,2.7,3.22
2021-12-22,1.4142034671302088,0.8838771669563805,30.875,30.0,30.2,182.825,29.8,0.5081548145427867,0.9880226656636976,27.016666666666666,3.0999999999999996,3.6,7.1,8.5,1.6,1.54
2021-12-23,2.941075245818944,1.1311827868534399,31.125,30.4,30.6,227.64000000000001,29.8,0.6206709443780672,0.9905324521322227,26.958333333333332,4.050000000000001,4.483333333333333,8.4,6.599999999999998,2.6,3.29
2021-12-24,2.741941915261217,1.2463372342096442,31.125,30.0,30.6,264.325,29.8,0.7041980730263626,0.9927487224577402,26.808333333333334,4.5,5.3500000000000005,9.7,5.5,2.2,3.06
2021-12-25,2.791917542491519,1.213877192387617,31.075000000000003,30.5,31.0,305.1,29.6,0.7668638178115857,0.9946708199115211,26.825,4.35,6.566666666666667,11.3,7.0,2.3,4.43
2021-12-26,2.061529468909363,0.981680699480649,31.525,30.6,31.2,294.32,30.2,0.9112037300129213,0.9962981749346077,26.866666666666664,3.4499999999999993,7.2,10.4,4.600000000000001,2.1,4.41
2021-12-27,2.5341590253738375,1.2067423930351606,32.825,31.8,32.8,273.735,31.4,0.9687541163304281,0.9976303053065857,26.925,4.25,8.133333333333335,9.9,8.3,2.1,3.65
2021-12-28,3.141421707734212,1.12193632419079,33.075,31.4,33.0,283.55999999999995,31.4,1.0027524415739613,0.9986668162884759,27.02857142857143,3.9000000000000004,8.385714285714288,10.2,7.199999999999999,2.8,2.78
2021-12-29,2.5425645755891324,0.8767464053755629,31.775,31.0,31.8,230.48,31.0,1.1122333995876688,0.9994074007397048,27.264285714285712,3.0999999999999996,9.571428571428571,8.6,8.399999999999999,2.9,3.04
2021-12-30,2.3049318712433746,0.8865122581705286,31.225,31.0,30.4,171.52,30.0,1.1112147193618378,0.9998518392091162,27.414285714285715,3.0000000000000018,9.785714285714286,6.4,8.399999999999999,2.6,2.46
2021-12-31,1.7575728986451862,0.7323220411021609,31.325000000000003,31.5,31.0,168.44500000000002,30.4,1.0762617866928503,1.0,27.37142857142857,2.9000000000000004,9.5,5.9,5.899999999999999,2.4,4.21
2022-01-01,2.799959617887011,0.9655033165127626,31.375,31.5,30.4,199.86499999999998,30.6,1.0028310448203528,0.9998518392091162,27.557142857142857,3.1500000000000004,8.957142857142857,7.1,6.699999999999999,2.9,1.68
2022-01-04,1.3318795747980665,0.41621236712439574,28.525,27.8,27.0,38.550000000000004,27.0,0.7955808973786995,0.9976303053065857,26.933333333333337,1.5500000000000007,6.366666666666667,1.5,4.199999999999999,3.2,1.08
2022-01-05,1.0995679735315305,0.5236037969197764,30.475,28.5,29.6,80.135,28.4,0.6779602378676337,0.9962981749346078,26.583333333333332,1.9000000000000004,4.916666666666667,3.1,5.300000000000001,2.1,2.93
2022-01-06,2.006802601485845,0.6920008970640845,30.824999999999996,30.2,30.4,217.89,29.2,0.6191031364583359,0.9946708199115211,26.424999999999997,2.3000000000000007,4.000000000000001,8.1,6.599999999999998,2.9,2.53
2022-01-07,1.6592888766730813,0.7214299463796007,31.575000000000003,31.5,31.4,235.875,30.0,0.5866845762739287,0.9927487224577402,26.441666666666666,2.5,4.283333333333334,8.5,7.5,2.3,2.84
2022-01-08,0.338552620936327,0.13542104837453078,29.625,29.0,28.6,13.7,28.6,0.5848692271535019,0.9905324521322229,26.308333333333334,1.0999999999999996,4.716666666666668,0.5,3.1999999999999993,2.5,2.6
2022-01-09,1.7973485842622081,0.7488952434425867,30.875,30.0,30.4,124.55000000000001,29.6,0.44652218246379666,0.9880226656636976,26.183333333333334,2.5999999999999996,3.616666666666667,4.7,7.0,2.4,2.3
2022-01-10,1.0186667449815592,0.48507940237217106,30.025,28.4,29.0,0.0,28.8,0.4897183340321952,0.9852201067560606,26.228571428571428,1.75,3.771428571428572,0.0,3.799999999999997,2.1,2.77
2022-01-11,1.38219790236675,0.7678877235370833,31.375,31.2,31.0,195.12,29.8,0.5318061002395923,0.9821256058680006,26.657142857142855,2.5999999999999996,3.7714285714285722,7.2,8.2,1.8,2.64
2022-01-12,2.236223005054939,1.1769594763447049,32.574999999999996,31.8,32.6,298.48,30.8,0.5820454368699762,0.9787400799669153,26.857142857142858,3.9499999999999993,4.585714285714287,10.4,6.199999999999999,1.9,3.96
2022-01-13,1.428177840561908,0.9521185603746054,32.475,32.5,32.2,229.10000000000002,31.8,0.6753819625021088,0.9750645322571948,27.264285714285716,3.1500000000000004,5.628571428571429,7.9,7.0,1.5,3.32
2022-01-14,1.3093551122827636,0.872903408188509,32.675000000000004,32.5,32.2,254.79999999999998,32.0,0.7125416286893261,0.9711000518829505,27.564285714285717,3.0,5.6000000000000005,9.1,9.0,1.5,3.97
2022-01-15,2.0566763127651644,1.0824612172448234,33.175,32.5,33.2,307.8,31.8,0.7341806946620272,0.9668478136052775,27.6,3.75,5.685714285714286,10.8,8.0,1.9,2.93
2022-01-16,3.2624824037639195,0.9321378296468341,32.475,31.5,32.2,296.92,30.8,0.8694721473577834,0.9623090774541486,27.75714285714286,3.1999999999999993,7.1571428571428575,10.4,5.899999999999999,3.5,3.46
2022-01-17,2.8815092722717592,0.9004716475849247,33.375,31.5,33.6,273.05499999999995,32.0,0.895649659672676,0.9574851883550393,28.05,3.0,7.971428571428573,9.7,6.699999999999999,3.2,3.7
2022-01-18,1.11752399955059,0.5881705260792579,31.425000000000004,29.2,31.2,96.52,30.6,0.9549914089887835,0.9523775757303974,28.285714285714285,2.0999999999999996,9.357142857142858,3.8,7.599999999999998,1.9,3.43
2022-01-19,2.419996692748905,0.930767958749579,32.775,30.8,33.0,209.2,31.4,0.9293175236376656,0.9469877530760753,28.042857142857144,3.3499999999999996,8.871428571428572,8.0,9.3,2.6,4.54
2022-01-20,2.4855449103858533,1.3081815317820282,33.125,30.5,32.8,257.59999999999997,31.6,0.894147306838362,0.9413173175128471,27.678571428571427,4.700000000000001,8.528571428571428,9.2,5.0,1.9,4.26
2022-01-21,2.3647797235708796,1.2446209071425682,33.725,31.0,34.2,258.06,31.8,0.9450134456108509,0.9353679493131483,27.535714285714285,4.35,8.714285714285714,10.2,11.399999999999999,1.9,4.07
2022-01-22,2.0753055865783803,1.4823611332702717,33.875,32.2,34.2,271.425,31.8,0.9981159454614309,0.9291414114031743,27.15,5.0,8.871428571428572,10.5,12.700000000000003,1.4,4.95
2022-01-23,2.2799651871988473,1.5199767914658981,34.075,32.0,34.8,260.58,32.0,1.0552445048936376,0.9226395488404876,26.77142857142857,5.199999999999999,8.828571428571427,10.1,12.399999999999999,1.5,3.85
2022-01-24,2.2504385959624065,1.5002923973082711,34.225,32.5,34.8,247.0,32.4,1.1392214994392182,0.9158642882672872,26.37857142857143,5.199999999999999,8.785714285714286,9.5,13.0,1.5,4.03
2022-01-25,1.927183371977386,1.0706574288763255,33.775000000000006,32.4,34.6,268.0,32.4,1.224910177971125,0.9088176373395029,26.071428571428573,3.700000000000001,8.757142857142856,10.0,11.2,1.8,3.11
2022-01-26,2.1943980537308723,1.290822384547572,33.825,21.0,34.6,208.57500000000002,32.2,1.2938368783707062,0.901501684131884,26.27142857142857,4.65,9.642857142857142,10.3,1.5,1.7,3.65
2022-01-27,2.5807246264296118,0.8899050435964179,32.625,30.0,32.6,221.45,31.2,1.3452732249132764,0.893918596519257,25.428571428571427,3.1500000000000004,9.971428571428572,8.6,8.5,2.9,2.08
2022-01-28,2.3968305577767897,0.8264932957850999,32.725,31.6,33.6,264.81,32.0,1.2855194408867605,0.886070621534138,25.107142857142858,2.950000000000001,9.885714285714286,9.7,8.600000000000001,2.9,3.44
2022-01-29,2.0672151592408996,0.8268860636963599,32.725,32.5,32.0,215.625,31.8,1.2257869249785507,0.8779600847008882,25.392857142857142,2.75,9.814285714285715,7.5,7.5,2.5,2.58
2022-01-30,1.8342236492342923,0.8337380223792237,32.375,32.0,32.6,220.74,31.4,1.132147629325135,0.869589389346611,25.807142857142857,2.8000000000000007,9.385714285714286,7.8,7.399999999999999,2.2,2.39
2022-01-31,2.1883103564105095,1.0420525506716711,32.125,31.6,32.4,242.42,31.4,1.0341135194556101,0.8609610158889943,26.164285714285715,3.5999999999999996,9.057142857142857,9.2,10.5,2.1,3.23
2022-02-01,3.1451016896792536,1.497667471275835,32.525,31.5,32.8,279.16499999999996,31.4,0.96865068422181,0.8520775211013093,26.214285714285715,4.949999999999999,9.014285714285714,11.1,12.7,2.1,3.37
2022-02-02,2.1785512733784542,1.2103062629880301,32.925000000000004,31.0,33.2,275.225,31.0,1.0296521188503114,0.8429415373547828,25.978571428571428,4.199999999999999,9.171428571428573,10.9,11.5,1.8,3.87
2022-02-03,2.300262638780826,1.2779236882115699,34.175000000000004,32.4,35.0,294.84,32.4,1.0181498157703768,0.8335557718385699,26.692857142857147,4.25,9.257142857142858,10.8,10.2,1.8,4.55
2022-02-04,2.1048738859338525,1.403249257289235,34.775,33.0,35.8,296.92499999999995,33.2,1.0735810507153987,0.8239230057575542,26.914285714285715,4.600000000000001,9.571428571428571,10.7,10.5,1.5,3.32
2022-02-05,2.3509700778550853,1.1754850389275426,34.325,32.4,35.2,293.62,33.2,1.1559747595017034,0.8140460935082178,26.978571428571428,4.0,9.714285714285714,10.6,9.399999999999999,2.0,3.42
2022-02-06,3.9835574424827294,1.5321374778779728,34.525,32.4,35.6,290.84999999999997,33.2,1.2057746131061582,0.8039279618328213,26.82857142857143,5.25,10.157142857142857,10.5,9.399999999999999,2.6,3.62
2022-02-07,0.7737388393214806,0.515825892880987,30.475,29.0,29.8,12.6,30.2,1.3055459638916938,0.7935716089521474,26.74285714285714,1.8499999999999996,10.542857142857143,0.5,7.600000000000001,1.5,1.99
2022-02-08,3.2342177531258476,1.243929905048403,33.175000000000004,31.0,33.6,195.275,32.0,1.2303707270644535,0.7829801036770629,26.578571428571426,4.449999999999999,9.299999999999999,7.3,8.5,2.6,2.26
2022-02-09,3.8975357784373346,1.1810714480113136,32.875,30.0,32.4,177.55,31.8,1.1941225033176772,0.7721565844991642,26.807142857142853,4.25,8.757142857142858,6.7,7.0,3.3,4.16
2022-02-10,1.999478571895837,0.7690302199599373,32.675,30.8,32.8,181.22,31.8,1.189946101178146,0.7611042586607747,26.985714285714284,2.5999999999999996,8.157142857142858,6.8,8.3,2.6,2.97
2022-02-11,0.22037898768498285,0.27547373460622854,29.275,26.0,27.8,0.0,28.6,1.117247034285056,0.7498264012045686,26.892857142857142,1.0,7.585714285714286,0.0,8.0,0.8,2.32
2022-02-12,0.7661464130785526,0.4256368961547514,31.074999999999996,29.9,31.2,39.864999999999995,29.8,0.9561362453303407,0.7383263540031065,26.071428571428573,1.4000000000000004,6.057142857142858,1.7,12.899999999999999,1.8,2.46
2022-02-13,0.8022851415651678,0.3488196267674643,28.975,26.2,27.6,0.0,27.4,0.8490150820770849,0.7266075247685656,25.464285714285715,1.4000000000000004,4.7857142857142865,0.0,9.599999999999998,2.3,2.52
2022-02-14,2.3636458969861835,0.844159248923637,31.174999999999997,30.0,30.8,171.32500000000002,29.8,0.6799696747755837,0.7146733860429609,24.564285714285713,2.9000000000000004,3.285714285714286,7.7,15.5,2.8,3.65
2022-02-15,2.6489548537089505,1.103731189045396,31.324999999999996,30.0,31.0,234.26000000000002,29.8,0.7268744399245336,0.7025274741691571,24.142857142857142,4.0,4.314285714285715,10.6,15.8,2.4,3.85
2022-02-16,2.4464511500024337,1.0636744130445366,31.174999999999997,30.8,31.2,216.31,30.2,0.706846051924104,0.6901733882429719,23.47857142857143,3.75,4.785714285714286,9.7,17.0,2.3,3.37
2022-02-17,2.736791180632727,1.3032338955393938,33.025,31.0,33.4,233.57999999999996,31.0,0.6900750469288501,0.6776147890466889,22.87857142857143,4.5,5.214285714285714,10.2,16.2,2.1,3.05
2022-02-18,1.0898143205885875,0.605452400326993,31.825000000000003,31.0,31.4,91.19999999999999,31.4,0.7663898577259154,0.6648553979642865,22.342857142857145,2.1500000000000004,5.700000000000001,3.8,14.0,1.8,2.06
2022-02-19,0.4734959538357648,0.3382113955969749,28.125,26.2,26.4,0.0,27.2,0.8135296671145961,0.6518989958787126,22.62857142857143,1.25,6.242857142857143,0.0,10.2,1.4,1.62
2022-02-20,2.7973238785251358,1.2715108538750617,33.325,32.6,33.8,244.44,31.0,0.8010403098920564,0.6387494220515272,22.29285714285714,4.25,6.0,9.7,14.8,2.2,4.43
2022-02-21,2.039724033316281,1.1331800185090448,33.675,32.8,34.0,215.17499999999998,31.8,0.932853342335999,0.6254105729852463,22.83571428571429,3.75,7.385714285714286,9.5,20.299999999999997,1.8,5.38
2022-02-22,1.9083856875796517,1.1225798162233245,33.475,31.8,34.0,226.77999999999997,32.0,0.974142023705343,0.6118864012687243,22.892857142857142,3.6999999999999993,7.642857142857143,9.2,14.3,1.7,4.3
2022-02-25,2.6065282512360644,1.0860534380150269,32.475,31.0,32.4,201.60000000000002,31.0,0.8797728351981808,0.5702422926917871,23.525000000000002,3.9000000000000004,6.233333333333334,8.4,14.0,2.4,3.04
2022-02-26,1.497885821240007,0.7132789624952414,32.075,31.0,32.2,95.0,31.0,0.9598730081461865,0.5560174366570446,23.525000000000002,2.5,7.000000000000001,4.0,14.5,2.1,2.35
2022-02-27,38.39492036449018,1.1634824352875812,33.475,31.4,33.8,265.84499999999997,32.0,1.0223842692958975,0.5416278206559814,23.96666666666667,3.9000000000000004,7.666666666666668,11.1,14.899999999999999,33.0,4.5
2022-02-28,3.2959367883125505,1.1771202815401967,33.525,32.1,34.0,262.44,32.0,1.0043795328646508,0.5270777086423722,23.758333333333336,4.050000000000001,7.900000000000001,10.8,15.600000000000001,2.8,3.38
2022-03-01,3.314487860008036,1.1837456642885844,33.125,32.0,33.4,237.16,31.6,1.0117029100365096,0.5123714121284237,24.03333333333333,4.0,8.116666666666667,9.8,15.600000000000001,2.8,4.05
2022-03-02,0.7222743133469782,0.4012635074149879,32.025,27.8,38.4,20.52,29.2,1.0218972180473862,0.49751328890718066,23.958333333333332,1.4499999999999993,8.216666666666667,0.8,4.300000000000001,1.8,2.21
2022-03-03,1.8615794511000086,0.5475233679705908,29.875,29.2,28.8,0.0,28.8,0.933235259385615,0.48250774176121847,24.2,1.9499999999999993,7.1571428571428575,0.0,5.699999999999999,3.4,1.64
2022-03-04,1.8927468392082012,0.652671323864897,29.825000000000003,28.2,29.0,0.0,28.8,0.8960668081446013,0.4673592171580022,24.599999999999998,1.9000000000000004,6.4142857142857155,0.0,5.599999999999998,2.9,2.51
2022-03-05,3.757278262105105,1.015480611379758,33.025000000000006,32.0,33.6,228.64999999999998,31.4,0.8341550775517257,0.45207220393230435,24.8,3.75,5.214285714285714,8.5,10.2,3.7,3.56
2022-03-06,4.043582539793521,1.3943388068253522,33.575,32.8,34.0,308.15999999999997,32.0,0.8773267416780851,0.43665123195606403,25.25,4.6,5.857142857142857,10.7,7.9999999999999964,2.9,4.41
2022-03-07,2.2721951035808017,1.0328159561730916,32.725,31.8,32.6,212.25,31.4,0.9103062233263381,0.4211008707960896,25.942857142857143,3.5,5.800000000000002,7.5,7.0,2.2,3.74
2022-03-08,3.4658224415868264,1.3330086313795486,33.425000000000004,32.5,33.8,267.90000000000003,32.4,0.8896913197024661,0.40542572835999735,26.514285714285712,4.35,5.328571428571429,9.4,8.0,2.6,4.21
2022-03-09,3.114999572858982,1.3543476403734707,33.575,32.5,34.2,290.7,32.4,0.9110146007154609,0.38963044953078796,27.12857142857143,4.550000000000001,5.271428571428572,10.2,8.0,2.3,4.34
2022-03-10,2.6116526992959415,1.243644142521877,33.425,33.2,34.0,272.65000000000003,32.2,1.047169476852387,0.37371971479046906,27.535714285714285,4.1,6.614285714285714,9.5,9.000000000000004,2.1,3.77
2022-03-11,3.3629243246394633,1.3451697298557854,33.075,33.0,32.2,285.0,32.6,1.146615301788285,0.35769823883312546,27.87142857142857,4.5,7.971428571428571,10.0,9.0,2.5,3.03
2022-03-12,1.8625319176982826,0.7760549657076178,32.125,31.5,32.0,147.86999999999998,31.6,1.2455436455012692,0.3415707691678556,28.314285714285713,2.75,9.4,5.3,7.199999999999999,2.4,2.6
2022-03-13,4.623702102707151,1.4449069070959846,33.325,32.8,33.8,258.3,32.4,1.2113399818338204,0.3253420847119801,28.457142857142856,4.699999999999999,8.942857142857143,9.0,8.199999999999996,3.2,3.4
2022-03-14,3.161833792489006,1.2160899201880793,33.275,33.5,33.8,226.79999999999998,32.6,1.2185639961581967,0.30901699437494745,28.442857142857143,4.15,8.700000000000001,8.1,11.0,2.6,3.72
2022-03-15,2.582559160588311,1.3592416634675322,33.4,32.5,33.8,185.57500000000002,32.6,1.2447459910174803,0.29260033563334836,28.4,4.6,8.785714285714286,6.5,7.899999999999999,1.9,4.53
2022-03-16,2.282333599621825,1.0374243634644658,32.025,31.6,31.8,22.840000000000003,31.6,1.2484935670300494,0.27609697309746883,28.407142857142855,3.450000000000001,8.371428571428572,0.8,6.100000000000001,2.2,3.26
2022-03-17,3.12354145472472,1.3580615020542262,33.175,34.4,33.6,125.58,31.2,1.203218813185906,0.2595117970697999,28.414285714285715,4.199999999999999,7.028571428571429,4.2,9.0,2.3,3.92
2022-03-18,3.7712597703047877,1.6396781610020816,34.375,34.6,35.0,219.64,33.6,1.2195641502619559,0.2428497220959356,28.585714285714285,5.0500000000000025,6.271428571428572,7.6,11.400000000000002,2.3,4.52
2022-03-19,9.01534215995895,1.502557026659825,33.175,34.6,33.8,285.0,32.8,1.2616367832828552,0.22611568550828828,28.642857142857142,4.9,5.928571428571429,9.5,9.200000000000003,6.0,6.18
2022-03-20,5.224338519271753,1.9349401923228715,33.324999999999996,35.0,33.8,296.45000000000005,32.8,1.3654227919903137,0.20931464596304847,28.942857142857143,6.0,6.528571428571429,9.8,9.5,2.7,4.49
2022-03-21,5.0147476831928675,2.0894782013303614,34.375,35.6,35.0,302.445,33.6,1.435427547022726,0.19245158197082998,29.164285714285715,6.6,6.642857142857144,9.9,10.100000000000001,2.4,4.96
2022-03-22,3.415290657515749,1.7975213986924996,34.525,35.5,35.4,277.55,34.0,1.5601973014716235,0.1755314904214282,29.528571428571432,5.549999999999999,6.9,9.1,10.0,1.9,4.78
2022-03-25,4.0272564244918785,1.750981054126904,34.175,34.5,34.8,300.5,33.0,1.7460477960561311,0.12447926388678915,29.791666666666668,5.549999999999999,8.933333333333335,10.0,8.899999999999999,2.3,5.33
2022-03-26,3.5425434817483064,1.5402362964123073,33.625,34.5,34.2,331.335,32.8,1.7645982782436016,0.10738134666416309,29.983333333333334,4.799999999999999,9.333333333333334,11.1,9.3,2.3,5.36
2022-03-27,3.8284144895784356,1.5313657958313742,33.675000000000004,34.2,34.2,322.56,33.0,1.770878156535682,0.09025161003104117,29.958333333333332,4.85,9.6,11.2,10.800000000000004,2.5,4.93
2022-03-28,4.282460657383244,1.52945023477973,34.225,34.8,35.2,319.2,33.8,1.7036157571204322,0.07309512989807777,29.71666666666667,4.800000000000001,9.833333333333334,10.5,8.799999999999997,2.8,4.0
2022-03-29,5.686634453578871,2.187167097530335,34.925,35.6,36.0,326.48,34.2,1.6102777626953273,0.055916990100603484,29.691666666666666,6.85,9.933333333333334,10.6,9.600000000000001,2.6,5.46
2022-03-30,5.359725036651843,2.0614327064045552,35.475,35.8,36.8,337.15,35.0,1.675218712501633,0.03872228089217446,29.741666666666664,6.299999999999999,10.183333333333332,11.0,10.299999999999997,2.6,5.57
2022-03-31,4.399682661424833,1.9998557551931058,35.275,35.5,36.4,338.55,34.8,1.7303921402020503,0.021516097436222254,29.87142857142857,6.300000000000001,10.299999999999999,11.1,10.0,2.2,4.61
2022-04-01,4.433827175239673,2.0153759887453058,34.975,35.2,36.0,289.05,34.8,1.8000698486111872,0.004303538296244289,30.150000000000002,6.35,10.785714285714286,9.4,8.900000000000002,2.2,5.51
2022-04-02,4.24550103305668,1.5724077900209925,34.875,34.8,36.0,278.34999999999997,35.0,1.837840553556673,-0.01291029607500882,30.25,5.0,10.7,9.5,10.999999999999996,2.7,3.51
2022-04-03,2.689587407007396,1.415572319477577,33.475,34.2,34.4,201.64000000000001,33.6,1.8424364812150567,-0.030120304846908114,30.17142857142857,4.499999999999998,10.471428571428572,7.1,11.600000000000001,1.9,4.72
2022-04-04,4.646813900911817,1.9361724587132572,33.525,33.6,34.0,190.45000000000002,33.8,1.8258945560216573,-0.04732138832243185,30.11428571428571,4.449999999999999,9.885714285714286,6.5,8.600000000000001,2.4,6.15
2022-04-05,3.1408046450869556,1.1632609796618354,32.625,33.5,32.0,182.4,33.6,1.8839977308693039,-0.06450844944931623,29.957142857142856,3.5500000000000007,9.314285714285715,6.4,10.0,2.7,3.18
2022-04-06,1.990065934416423,1.0474031233770649,32.875,34.4,33.0,186.66,33.4,1.7377254283166612,-0.08167639533042241,29.62857142857143,3.5,8.714285714285714,6.1,7.599999999999998,1.9,3.48
2022-04-07,4.639934574020327,1.6571194907215454,34.575,35.0,35.6,305.0,34.4,1.5928640593127343,-0.09882013873287143,29.62142857142857,5.25,8.014285714285714,10.0,9.0,2.8,3.95
2022-04-08,1.2609897797364398,0.46703325175423693,32.574999999999996,33.8,32.8,152.5,33.8,1.543901735816797,-0.11593459959550041,29.62142857142857,1.75,7.857142857142857,5.0,6.599999999999998,2.7,3.69
2022-04-09,4.601299444354797,1.4379060763608742,33.275,34.8,34.2,191.57999999999998,32.2,1.3227099162466442,-0.1330147065341959,29.585714285714285,4.699999999999999,7.228571428571429,6.2,7.799999999999997,3.2,5.64
2022-04-10,4.356283430683237,1.4520944768944124,32.375,32.6,32.4,151.47,31.8,1.3034953857237699,-0.1500553983446526,29.814285714285717,4.85,6.757142857142858,5.1,5.800000000000001,3.0,5.94
2022-04-11,2.992509949315214,1.3010912823109628,32.825,33.0,32.8,239.2,32.0,1.308712836783318,-0.16705162550211924,30.0,4.15,6.471428571428572,8.0,6.199999999999999,2.3,5.39
2022-04-12,1.0975172601418206,0.4988714818826457,32.074999999999996,33.8,32.4,206.72,32.2,1.2179869544401332,-0.18399835165768005,30.085714285714285,1.6999999999999993,6.685714285714286,6.8,6.799999999999997,2.2,5.58
2022-04-13,3.008046226171675,1.5040231130858375,33.475,34.0,34.0,242.0,32.6,1.123074169043106,-0.20089055513063506,30.357142857142858,4.5,6.742857142857143,8.0,7.5,2.0,4.8
2022-04-14,2.44386397481911,1.163744749913862,33.625,34.0,34.4,237.16000000000003,33.0,1.1883055961443592,-0.21772323039653177,30.307142857142857,3.75,7.014285714285714,7.7,6.399999999999999,2.1,3.66
2022-04-15,2.4921741808146773,1.3116706214814091,34.275,34.8,35.4,295.45,33.4,1.1178234903146902,-0.23449138957040985,30.35,4.050000000000001,6.685714285714286,9.5,7.399999999999999,1.9,3.52
2022-04-16,2.6228198174672817,1.3114099087336408,34.425,34.6,35.4,580.92,33.6,1.2384859717042862,-0.25119006388481935,30.435714285714287,4.050000000000001,7.328571428571428,18.8,7.400000000000002,2.0,4.49
2022-04-17,2.589255224852742,1.43847512491819,34.325,35.2,35.6,284.68000000000006,34.2,1.2204150906146813,-0.2678143051621742,30.435714285714287,4.449999999999999,9.12857142857143,8.8,5.700000000000003,1.8,3.51
2022-04-18,2.116942122000102,1.1760789566667231,33.875,34.6,34.6,232.44,33.4,1.2184694689037925,-0.2843591872810034,30.814285714285717,4.15,9.657142857142858,7.8,9.600000000000001,1.8,4.83
2022-04-19,2.5894632665912667,1.6184145416195417,34.625,35.5,35.6,317.625,33.8,1.2006105652403298,-0.30081980763566735,30.8,4.9,9.62857142857143,10.5,10.5,1.6,4.95
2022-04-20,2.1082504582361206,1.3176565363975754,34.875,35.0,36.0,329.40000000000003,34.4,1.360545288059886,-0.3171912885891061,30.77857142857143,4.1,10.157142857142858,10.8,9.0,1.6,5.46
2022-04-21,3.393564156470203,1.4754626767261754,34.775,34.8,35.8,334.085,34.4,1.3339214913901345,-0.3334687789181868,30.814285714285713,4.449999999999999,10.557142857142859,10.9,8.299999999999997,2.3,4.99
2022-04-22,1.6522797795184223,0.8261398897592112,32.575,34.2,32.4,180.18,33.4,1.3784526237918935,-0.3496474552512284,30.79285714285714,2.75,11.014285714285716,6.3,11.200000000000003,2.0,4.9
2022-04-23,3.3233879613008677,1.329355184520347,33.324999999999996,33.5,33.6,131.6,32.8,1.3090910906887225,-0.36572252349726897,30.435714285714283,4.35,10.557142857142859,4.7,11.0,2.5,3.71
2022-04-24,2.0685102415241046,1.3790068276827363,33.525,34.0,34.2,234.0,33.0,1.3116547015153948,-0.3816892202666588,30.02142857142857,4.4,8.542857142857144,7.8,8.0,1.5,4.36
2022-04-25,1.900467893343583,1.2669785955623887,33.975,34.8,34.6,285.0,33.4,1.3031592304817585,-0.39754281428255595,29.685714285714283,4.050000000000001,8.4,9.5,9.599999999999998,1.5,5.19
2022-04-26,2.6644581860643477,1.4802545478135265,34.425,35.2,35.4,319.68000000000006,33.8,1.3161448931811393,-0.4132786077829042,29.714285714285715,4.65,8.642857142857144,10.8,11.200000000000003,1.8,4.74
2022-04-27,2.7376581728341134,1.5209212071300628,34.325,35.5,35.0,321.875,34.4,1.2964077512088514,-0.4288919379124835,29.621428571428574,4.75,8.685714285714285,10.3,8.5,1.8,5.44
2022-04-28,4.207141130509421,1.8291917958736614,34.725,35.8,35.6,265.32,34.4,1.3254455613134926,-0.4443781781046132,29.72857142857143,5.550000000000001,8.614285714285716,8.8,11.299999999999997,2.3,4.88
2022-04-29,1.8523817195985341,1.029100955332519,33.675000000000004,35.2,34.2,234.0,34.4,1.3759782926202764,-0.45973273945210397,29.657142857142855,3.5500000000000007,8.314285714285715,7.8,10.400000000000002,1.8,4.03
2022-04-30,5.59777357282943,1.9302667492515277,34.575,35.6,35.2,270.03999999999996,34.6,1.4049727305593203,-0.47495107206704995,29.857142857142858,5.800000000000001,8.528571428571428,8.6,8.400000000000002,2.9,5.6
2022-05-01,3.850563955897148,1.8336018837605466,34.375,35.4,35.0,328.48999999999995,34.6,1.4908172398066317,-0.4900286664290592,30.342857142857145,5.75,9.085714285714287,10.7,9.399999999999999,2.1,5.01
2022-05-02,5.241249880048974,2.1838541166870726,34.675,31.6,35.4,286.62,34.8,1.5557593906748903,-0.5049610547215204,30.442857142857147,6.449999999999999,9.5,10.2,7.0,2.4,6.0
2022-05-03,2.6396996166432207,1.7597997444288138,34.625,36.0,35.4,271.92,34.6,1.6867416079784168,-0.5197438121555155,30.171428571428574,5.35,9.6,8.8,10.2,1.5,4.83
2022-05-04,3.1077586970753073,1.151021739657521,34.275000000000006,36.6,36.2,315.12,31.4,1.726676636066315,-0.5343725582809786,30.357142857142858,3.6500000000000004,9.314285714285715,10.4,12.600000000000001,2.7,5.33
2022-05-05,5.115824670151768,1.764077472466127,34.074999999999996,35.0,34.4,263.7,34.8,1.673833854998809,-0.548842958284719,30.221428571428568,5.649999999999999,9.328571428571431,9.0,11.399999999999999,2.9,4.99
2022-05-06,6.9088737332026655,1.771506085436581,33.775,35.6,34.0,301.98999999999995,34.4,1.6645318087977325,-0.5631507242749186,30.1,5.100000000000001,9.357142857142858,10.1,11.400000000000002,3.9,5.08
2022-05-07,4.942250988319106,1.5444534338497207,33.875,35.2,34.0,150.96,35.0,1.7705896845268843,-0.5772916165517272,30.08571428571429,4.850000000000001,9.685714285714287,5.1,11.200000000000003,3.2,4.37
2022-05-08,7.921274692410134,1.4669027208166914,32.925000000000004,35.0,33.0,100.32,33.4,1.7154734966123404,-0.5912614448635781,29.82857142857143,4.549999999999999,9.185714285714285,3.3,9.2,5.4,4.75
2022-05-09,13.241297938113405,2.0689528028302195,32.775,35.6,32.8,145.44,33.2,1.6630879019060756,-0.6050560696488488,29.785714285714285,6.800000000000001,8.128571428571428,4.8,10.600000000000001,6.4,5.51
2022-05-10,13.641099910243447,2.098630755422069,33.075,35.0,33.0,198.0,33.6,1.6466734284979534,-0.6186714032625031,30.099999999999998,6.25,7.357142857142857,6.6,10.0,6.5,6.54
2022-05-11,18.263529061855298,2.2004251881753367,32.775,34.8,32.8,244.35999999999996,33.4,1.695077858639847,-0.6321034111873487,29.97142857142857,7.0,7.042857142857144,8.2,9.999999999999996,8.3,5.37
2022-05-12,15.68198717810264,2.4503104965785374,32.875,35.0,32.8,321.18,33.4,1.844992636999535,-0.6453481132295501,29.900000000000002,7.699999999999999,6.728571428571429,10.6,9.399999999999999,6.4,6.33
2022-05-13,10.869494283281387,1.8740507384967908,33.224999999999994,34.8,33.4,323.01,33.8,1.9430259261584506,-0.6584015846980488,30.04285714285714,6.0,6.957142857142857,11.1,11.399999999999999,5.8,6.31
2022-05-14,12.751094603345587,1.8479847251225487,32.825,34.8,32.6,153.0,33.6,1.9576751623099093,-0.6712599575675313,29.928571428571423,6.0,7.1000000000000005,5.1,9.599999999999998,6.9,5.82
2022-05-15,7.137245219065184,1.9289851943419416,32.875,33.8,32.6,122.22,33.2,2.0010367753488847,-0.6839194216246106,29.985714285714284,6.399999999999999,7.1000000000000005,4.2,9.399999999999999,3.7,5.44
2022-05-16,9.689065256748037,1.9378130513496075,33.475,34.5,33.8,329.84,34.0,2.0670485572810633,-0.6963762255968722,29.800000000000004,6.25,7.228571428571429,11.2,10.100000000000001,5.0,6.16
2022-05-17,7.095540067296682,1.9177135317018057,33.925000000000004,35.0,34.2,324.5,34.6,2.0483143070695475,-0.7086266782644596,29.678571428571427,6.050000000000001,8.142857142857142,11.0,11.0,3.7,6.89
2022-05-18,5.174381825300748,1.4783948072287851,33.224999999999994,34.0,33.4,258.825,33.8,2.022468989395224,-0.7206671495538609,29.607142857142858,-0.049999999999998934,8.77142857142857,8.7,8.5,3.5,6.07
2022-05-19,9.305815148985104,1.9387114893718969,34.225,35.6,34.8,338.09999999999997,34.4,1.9193217921171453,-0.7324940716135789,29.599999999999998,6.200000000000001,8.842857142857143,11.5,12.400000000000002,4.8,5.46
2022-05-20,12.892420742665282,2.1487367904442136,34.325,35.6,34.8,363.56,35.0,1.8462362196590536,-0.7441039398713607,29.47142857142857,6.65,8.971428571428572,12.2,11.600000000000001,6.0,6.56
2022-05-21,14.18685210086442,1.9434043973786879,34.175,35.2,34.6,352.20000000000005,34.8,1.8854770842229713,-0.7554933140726803,29.571428571428573,6.299999999999999,9.128571428571428,12.0,11.700000000000003,7.3,7.74
2022-05-22,18.756268612747924,2.3445335765934905,34.075,35.0,34.4,369.57,34.6,1.8991084659738482,-0.766658819300159,29.47857142857143,7.449999999999999,10.114285714285714,12.7,11.8,8.0,7.61
2022-05-23,15.285112466117946,2.2813600695698426,34.275,35.4,34.8,311.84999999999997,34.8,1.9584725205812124,-0.7775971469736269,29.478571428571428,7.199999999999999,11.328571428571427,10.5,11.399999999999999,6.7,6.98
2022-05-24,5.428071361292944,1.5964915768508658,34.325,35.6,34.8,221.76000000000002,35.4,2.007550666041246,-0.7883050558305255,29.514285714285712,5.25,11.22857142857143,7.2,9.600000000000001,3.4,6.89
2022-05-25,6.881950642106106,2.024103130031208,35.175000000000004,36.2,36.0,342.36000000000007,35.6,1.9616618153482546,-0.7987793728863649,29.7,6.300000000000001,10.685714285714287,10.8,9.000000000000004,3.4,6.85
2022-05-26,7.279762780603671,1.915727047527282,35.375,35.5,36.4,306.51,35.8,2.039620147177172,-0.8090169943749473,29.978571428571428,6.050000000000001,10.985714285714286,10.2,10.899999999999999,3.8,6.48
2022-05-27,10.883183150971702,2.2673298231191046,35.475,35.8,36.4,370.685,36.2,2.0363366554850844,-0.8190148866680801,30.071428571428573,7.25,10.799999999999999,11.9,9.299999999999997,4.8,7.43
2022-05-28,9.934581593745905,2.069704498697064,35.075,36.0,35.8,246.4,36.0,2.0532785172957833,-0.8287700871745038,30.264285714285716,6.700000000000001,10.757142857142856,8.0,10.399999999999999,4.8,7.25
2022-05-29,11.644305687275567,2.1171464885955578,35.175,35.2,35.8,313.20000000000005,36.0,2.071321388912694,-0.8382797052177744,30.471428571428568,6.899999999999999,10.185714285714285,10.8,12.400000000000002,5.5,6.4
2022-05-30,11.271725296309931,2.1267406219452702,35.075,35.5,35.8,342.2,36.0,2.0388375191987036,-0.8475409228928311,30.457142857142856,6.850000000000001,9.914285714285715,11.6,12.0,5.3,6.78
2022-05-31,12.354554045946303,1.7649362922780434,34.225,35.5,34.6,144.55,35.0,2.0167490266809076,-0.8565509959010036,30.428571428571427,6.1,10.071428571428571,4.9,12.0,7.0,6.16
2022-06-01,18.63927261974724,2.0482717164557407,33.925000000000004,34.5,34.2,221.375,34.4,2.0408125574562184,-0.865307254363206,30.24285714285714,6.65,9.742857142857144,7.7,11.5,9.1,5.61
2022-06-02,15.730739481945236,2.420113766453113,34.975,35.5,35.6,351.0,35.4,2.0442652126597234,-0.8738071036110808,29.821428571428573,7.6,9.3,12.0,12.5,6.5,5.9
2022-06-03,7.024911202028218,1.8986246491968155,34.725,35.0,35.0,220.825,35.0,2.116320458220556,-0.8820480249558537,29.707142857142856,6.000000000000002,9.557142857142859,7.3,9.5,3.7,6.58
2022-06-04,6.007053331557141,1.9377591392119808,35.125,35.6,36.0,293.28,35.6,2.063648290517372,-0.8900275764346767,29.578571428571426,6.0,8.9,9.6,10.100000000000001,3.1,6.85
2022-06-05,6.8089970669957935,2.06333244454418,35.975,36.4,37.0,313.95,36.2,2.044798953448075,-0.8977433935342337,29.542857142857144,6.1,9.12857142857143,10.5,13.0,3.3,5.3
2022-06-06,5.036336806988627,1.6787789356628757,34.625,34.0,35.0,149.94000000000003,35.6,2.0371112328693064,-0.9051931898913974,29.671428571428574,5.449999999999999,9.085714285714287,4.9,6.800000000000001,3.0,5.15
2022-06-07,5.5237434405245756,1.4929036325742095,33.575,34.5,33.8,80.60000000000001,34.4,1.9731167062575357,-0.9123747579707273,29.82857142857143,5.0,8.12857142857143,2.6,7.0,3.7,4.26
2022-06-08,7.011847091032495,2.0033848831521412,34.975,35.8,36.0,282.44,35.0,1.9342548977284164,-0.9192859697186104,30.042857142857144,6.5,7.800000000000002,9.2,10.199999999999996,3.5,5.39
2022-06-09,10.02421556486146,2.132811822310949,35.075,36.0,36.0,236.775,35.0,1.9278424929707594,-0.9259247771938498,30.321428571428573,6.75,8.014285714285714,7.7,10.5,4.7,5.53
2022-06-10,11.41790155710882,2.429340756831664,35.775,36.0,36.8,298.45,36.4,1.8867993580933076,-0.9322892131745133,30.535714285714285,7.75,7.4,9.4,8.5,4.7,5.6
2022-06-11,7.833698538637963,2.061499615431043,34.675000000000004,34.0,35.0,192.15,35.6,1.9626159448982856,-0.9383773917408641,30.75,6.75,7.700000000000001,6.3,7.0,3.8,4.79
2022-06-12,7.701892278293638,1.9748441739214457,35.575,35.5,36.2,254.775,36.6,1.9802931557867234,-0.9441875088341993,30.74285714285714,6.25,7.228571428571429,7.9,6.5,3.9,6.12
2022-06-13,9.13772427204393,2.2844310680109823,35.525,36.2,36.6,335.07,36.2,1.9676519742691898,-0.9497178427914316,31.078571428571426,7.15,6.8571428571428585,10.2,6.700000000000003,4.0,5.16
2022-06-14,7.03883193397458,2.270590946443413,35.325,35.5,35.8,226.135,35.6,2.0541737074617763,-0.9549667548552551,31.400000000000002,7.15,7.614285714285715,7.1,7.300000000000001,3.1,5.42
2022-06-15,4.501438469686671,1.8755993623694465,34.525,36.0,35.4,205.275,34.6,2.165271895157377,-0.9599326896597447,31.521428571428572,5.850000000000001,8.257142857142858,6.9,12.5,2.4,3.56
2022-06-16,1.2404017761512511,0.9541552124240393,32.625,31.5,32.4,0.0,32.6,2.1470168207598492,-0.9646141756912435,31.38571428571429,3.1500000000000004,7.92857142857143,0.0,5.899999999999999,1.3,2.88
2022-06-17,1.6982706982601248,0.9434837212556249,32.375,32.6,32.4,19.669999999999998,32.4,1.9786373050617192,-0.9690098257244062,31.071428571428573,3.1500000000000004,6.828571428571429,0.7,9.0,1.8,2.48
2022-06-18,1.7593144737201194,0.9259549861684839,32.975,34.2,33.2,132.48,33.0,1.7663720142651422,-0.9731183372332619,30.550000000000004,3.0999999999999996,5.585714285714287,4.6,10.800000000000004,1.9,4.07
2022-06-19,4.135782848497854,2.1767278149988707,34.275,35.6,35.0,246.82,34.0,1.6041513529419194,-0.9769384927771817,30.307142857142857,6.85,5.3428571428571425,8.2,11.0,1.9,5.48
2022-06-20,6.206899303631716,1.880878576858096,34.475,35.8,35.0,279.3,34.2,1.6329918730958373,-0.980469160361632,30.0,5.85,5.385714285714286,9.5,12.799999999999997,3.3,5.73
2022-06-21,11.660896852499901,2.120163064090891,34.325,35.4,35.0,309.0,34.4,1.5753415172168537,-0.9837092937736097,29.507142857142856,6.85,5.285714285714286,10.3,10.799999999999997,5.5,5.37
2022-06-22,11.368525820673197,2.0300938965487854,34.825,35.0,35.4,282.24,35.0,1.5538518197379219,-0.986657932891657,29.24285714285714,6.6,5.742857142857143,9.8,12.399999999999999,5.6,4.06
2022-06-23,7.200051104155196,2.0000141955986654,34.525,34.8,35.0,226.38,34.4,1.5759224674778274,-0.9893142039703663,29.107142857142858,6.35,6.157142857142858,7.7,10.799999999999997,3.6,6.2
2022-06-24,18.59215314723924,2.0657947941376933,35.275000000000006,35.0,36.2,344.28000000000003,35.4,1.725330893645631,-0.99167731989929,29.22857142857143,6.6,7.257142857142858,11.4,9.600000000000001,9.0,8.53
2022-06-25,24.973076684655027,2.4245705519082548,35.475,35.8,36.4,333.29999999999995,35.6,1.8856610469144979,-0.993746580436178,29.52857142857143,7.800000000000001,8.785714285714286,11.0,10.999999999999996,10.3,9.27
2022-06-26,18.58014401015714,2.4447557908101505,35.574999999999996,36.0,36.6,291.06,35.8,2.0997489848773223,-0.9955213724144752,29.74285714285714,8.0,9.700000000000001,9.9,13.2,7.6,7.39
2022-06-27,16.675611385296065,2.6469224421104864,35.925,36.6,37.0,324.0,36.0,2.1380386957075053,-0.9970011699250151,29.64285714285714,8.7,9.942857142857145,10.8,13.200000000000003,6.3,6.94
2022-06-28,9.121374071278911,2.073039561654298,35.025,34.6,35.6,315.52500000000003,35.6,2.247473533600704,-0.9981855344718586,29.728571428571428,6.65,10.12857142857143,10.5,9.100000000000001,4.4,5.04
2022-06-29,19.31357074740019,2.4447557908101505,36.375,36.6,37.6,260.12999999999994,36.6,2.2407416046811908,-0.99907411510223,29.735714285714288,7.75,10.157142857142858,8.7,13.400000000000002,7.9,5.92
2022-06-30,16.657347855028963,2.1917562967143374,35.775000000000006,35.0,37.2,331.76,36.4,2.2999790181470994,-0.9996666485105112,29.892857142857142,7.0,10.0,11.6,12.8,7.6,5.81
2022-07-01,14.493369726894326,2.7345980616781747,36.574999999999996,36.8,37.8,370.79999999999995,36.8,2.3273707468779103,-0.9999629591162655,29.77857142857143,8.15,10.557142857142859,12.0,11.799999999999997,5.3,8.96
2022-07-02,10.41612020974981,2.6040300524374524,37.425,36.4,38.8,268.40000000000003,37.6,2.4229140708122645,-0.9999629591162655,29.87857142857143,7.700000000000001,10.642857142857142,8.8,11.799999999999997,4.0,7.2
2022-07-03,24.8789962815321,1.9286043629094651,37.225,35.0,38.2,255.22500000000002,37.4,2.4485511423164357,-0.9996666485105112,29.907142857142862,6.300000000000001,10.328571428571431,8.3,8.5,12.9,7.77
2022-07-04,30.916826847421234,2.6200700718153587,36.475,35.6,37.6,250.4,37.0,2.374815224044909,-0.99907411510223,30.1,8.45,10.1,8.0,8.600000000000001,11.8,6.72
2022-07-05,23.960718768911654,2.2819732160868242,35.525,34.4,36.2,227.535,36.2,2.3709791711456054,-0.9981855344718586,30.285714285714285,7.649999999999999,9.700000000000001,7.7,9.7,10.5,6.78
2022-07-06,18.265701971449,2.502150954993014,34.925,35.3,34.8,129.78,35.8,2.4008268360645375,-0.9970011699250151,30.214285714285715,7.85,9.3,4.2,8.799999999999997,7.3,7.1
2022-07-07,14.87039666682116,2.0653328703918277,34.625,33.5,35.0,85.5,35.4,2.409026145233518,-0.9955213724144752,30.357142857142858,7.0,8.657142857142858,3.0,10.0,7.2,7.51
2022-07-08,23.1846548127018,2.4664526396491278,36.574999999999996,36.6,37.8,370.84000000000003,36.8,2.390965655758874,-0.9937465804361781,30.342857142857138,7.75,7.42857142857143,12.7,14.8,9.4,7.28
2022-07-09,25.536909417607273,2.364528649778451,35.875,35.6,36.6,255.64000000000001,36.2,2.352659166897581,-0.99167731989929,30.099999999999998,7.6,7.528571428571429,8.3,9.600000000000001,10.8,7.16
2022-07-10,26.909744825945165,2.223945853383898,34.475,33.8,34.6,76.0,34.8,2.3184446808034385,-0.9893142039703664,30.142857142857142,7.35,7.457142857142858,2.5,6.799999999999997,12.1,8.93
2022-07-11,20.42435348925116,1.840031845878483,33.725,34.2,33.8,48.160000000000004,34.4,2.360636322299786,-0.9866579328916572,30.092857142857138,6.5,6.628571428571429,1.6,8.200000000000003,11.1,5.68
2022-07-12,35.37964131185194,2.721510870142457,35.425,35.4,35.8,296.94,35.6,2.249202290023089,-0.9837092937736098,29.921428571428574,8.7,5.714285714285715,9.8,10.2,13.0,8.89
2022-07-13,39.557492637240045,2.5520962991767773,35.525,34.8,36.2,302.445,35.6,2.3119933834596083,-0.9804691603616321,30.02857142857143,8.35,6.014285714285714,9.9,8.499999999999996,15.5,9.74
2022-07-14,29.29840117877759,2.343872094302207,35.574999999999996,35.0,36.2,330.22499999999997,35.8,2.3191284326287174,-0.9769384927771817,29.97857142857143,7.75,6.828571428571429,11.1,10.5,12.5,8.42
2022-07-15,19.208395870313673,2.314264562688394,35.025,35.0,35.4,303.45,35.6,2.3589197503302004,-0.973118337233262,30.157142857142862,7.35,7.985714285714287,10.2,10.5,8.3,8.83
2022-07-16,13.848368757179495,2.270224386422868,35.925,35.8,36.8,298.91999999999996,36.0,2.3371785964786667,-0.9690098257244063,30.235714285714288,7.35,7.628571428571429,9.4,7.9999999999999964,6.1,7.05
2022-07-17,6.496242502693912,2.4060157417384858,37.375,37.0,38.6,225.0,36.8,2.3237065588564407,-0.9646141756912435,30.378571428571426,7.4,7.7857142857142865,7.2,11.5,2.7,8.17
2022-07-18,2.3625991246587037,1.8173839420451565,36.675,36.0,37.8,40.95,37.2,2.349716542907096,-0.9599326896597445,30.5,5.85,8.457142857142857,1.3,9.0,1.3,6.48
2022-07-19,5.973073589073406,1.6591871080759462,37.375,36.8,38.8,307.97,37.2,2.3464811280737643,-0.9549667548552553,30.699999999999996,5.599999999999998,8.414285714285715,10.3,13.799999999999997,3.6,6.02
2022-07-20,7.151013576604652,2.2346917426889537,37.675000000000004,36.4,39.2,307.0,37.6,2.194720590635691,-0.9497178427914317,30.642857142857142,7.0,8.485714285714286,10.0,11.399999999999999,3.2,6.08
2022-07-21,1.3508991538840542,0.5403596615536217,34.824999999999996,36.2,36.2,197.505,36.8,2.149377082566002,-0.9441875088341994,30.66428571428571,1.8499999999999996,8.5,6.3,9.700000000000003,2.5,3.97
2022-07-22,3.3637345068743563,1.5289702303974346,35.625,36.0,37.0,222.65,35.6,1.8917324493162038,-0.9383773917408642,30.892857142857142,4.899999999999999,7.814285714285716,7.3,11.0,2.2,3.7
2022-07-23,16.804659165215075,1.888163951147761,34.675,34.5,35.4,199.64999999999998,35.6,1.7795475447032096,-0.9322892131745134,31.0,6.65,7.4,6.6,8.5,8.9,6.97
2022-07-24,4.671140720776609,1.5570469069255366,33.325,31.8,33.0,34.199999999999996,33.6,1.7249674825210515,-0.9259247771938499,30.77857142857143,5.25,7.000000000000001,1.2,6.600000000000001,3.0,4.16
2022-07-25,5.936597256154095,1.5622624358300252,35.925,36.0,37.0,221.25,36.0,1.6036862204049156,-0.9192859697186105,30.385714285714283,5.100000000000001,6.142857142857143,7.5,13.0,3.8,4.08
2022-07-26,1.8080669546032817,0.6457381980726007,34.775,34.5,36.0,215.625,35.6,1.5672402909456111,-0.9123747579707274,30.099999999999998,2.1999999999999993,7.028571428571429,7.5,11.5,2.8,3.88
2022-07-27,1.9987619569410628,0.7995047827764251,32.4,32.2,32.2,77.56,32.2,1.4224618752308478,-0.9051931898913975,29.935714285714287,2.75,6.628571428571428,2.8,9.000000000000004,2.5,2.25
2022-07-28,2.1502930181319835,0.7679617921899942,32.175000000000004,32.5,32.4,81.75,32.4,1.2174351666719152,-0.8977433935342336,29.50714285714286,2.6500000000000004,5.6000000000000005,3.0,10.5,2.8,4.48
2022-07-29,1.7669479223142746,1.0393811307731027,32.675000000000004,32.6,32.6,93.71999999999998,31.6,1.2499497567628255,-0.8900275764346766,28.92142857142857,3.3000000000000007,5.128571428571429,3.3,8.400000000000002,1.7,2.12
2022-07-30,2.755873948987311,1.5310410827707284,33.925000000000004,34.2,34.6,162.96,33.0,1.1800084568164924,-0.8820480249558535,28.62142857142857,4.85,4.557142857142858,5.6,10.200000000000003,1.8,3.0
2022-07-31,1.7238943682557901,0.7835883492071772,31.975,34.6,31.8,235.305,32.6,1.1289909041912018,-0.8738071036110807,28.45714285714286,2.700000000000001,4.4142857142857155,8.1,11.100000000000001,2.2,3.08
2022-08-01,5.328400774608805,0.7835883492071772,31.975,32.5,31.8,269.325,32.6,1.0184968245171504,-0.8653072543632061,28.535714285714285,2.700000000000001,5.3999999999999995,9.5,8.3,6.8,3.75
2022-08-02,12.62089678317463,1.2620896783174629,31.975,32.2,31.8,216.6,31.6,0.9072576692853149,-0.8565509959010037,28.37142857142857,4.300000000000001,5.685714285714285,7.6,7.400000000000002,10.0,5.64
2022-08-03,14.127742119308184,1.4270446585159782,31.725,31.4,31.2,160.17000000000002,31.4,0.9953078807488668,-0.8475409228928312,28.33571428571429,5.0,5.7,5.7,6.599999999999998,9.9,5.15
2022-08-04,23.203449080301308,1.6002378676069868,31.775,31.6,31.4,103.32000000000001,31.2,1.0849564344259457,-0.8382797052177745,28.392857142857142,5.550000000000001,6.114285714285715,3.6,5.800000000000001,14.5,5.16
2022-08-05,20.355539290280788,1.7700468948070252,31.575000000000003,32.0,31.4,230.32500000000002,31.6,1.2038530166283734,-0.828770087174504,28.6,6.050000000000001,6.200000000000001,8.3,8.5,11.5,5.3
2022-08-06,14.346118061485287,1.6681532629634055,31.225,32.0,30.4,138.75,31.4,1.3082338400617908,-0.8190148866680802,28.50714285714286,5.75,6.914285714285714,5.0,8.5,8.6,5.34
2022-08-07,17.29565627498739,1.8016308619778534,32.375,32.6,32.4,218.12,31.6,1.3278212943750305,-0.8090169943749472,28.314285714285717,6.199999999999999,6.828571428571429,7.6,7.800000000000001,9.6,6.65
2022-08-08,25.401496668138357,2.0485077958176094,32.775,33.0,32.8,311.37,32.4,1.4732559390565556,-0.7987793728863648,28.264285714285712,6.950000000000001,6.757142857142858,10.7,7.800000000000001,12.4,7.92
2022-08-09,15.669185206136492,2.008869898222627,32.575,33.5,32.4,212.0,32.6,1.6539587171437604,-0.7883050558305253,28.37142857142857,7.000000000000002,6.928571428571429,8.0,14.0,7.8,6.2
2022-08-10,14.828311987843191,2.1490307228758248,33.075,34.1,32.4,328.005,32.6,1.7606416057016407,-0.7775971469736268,28.085714285714285,7.25,6.985714285714287,11.1,9.100000000000001,6.9,6.42
2022-08-11,15.405702935828119,2.656155678591055,33.925,35.5,34.4,350.75,33.2,1.8637824720387617,-0.7666588193001592,28.292857142857144,8.600000000000001,7.757142857142858,11.5,10.0,5.8,7.78
2022-08-12,9.910995694667411,1.9861714818972767,33.975,34.8,34.2,243.2,33.2,2.0146278736079144,-0.7554933140726804,28.55,6.4,8.885714285714286,8.0,8.799999999999997,4.99,5.61
2022-08-13,6.409477797260185,1.942265999169753,34.675,35.5,35.2,356.86499999999995,34.2,2.0455028146208076,-0.7441039398713608,28.928571428571427,6.15,8.842857142857143,11.1,6.699999999999999,3.3,5.8
2022-08-14,2.1367587436814306,1.1246098650954899,34.975,35.6,36.0,333.84000000000003,35.0,2.084661776936,-0.7324940716135792,29.557142857142853,4.0,9.714285714285714,10.4,7.0,1.9,5.68
2022-08-15,2.3503584352422107,1.1751792176211053,34.375,35.6,34.8,272.42499999999995,34.6,1.987944491667091,-0.7206671495538615,30.042857142857144,3.8499999999999996,10.114285714285716,8.5,7.100000000000001,2.0,5.77
2022-08-16,3.892601842720447,1.557040737088179,35.675,36.8,36.8,300.84,35.8,1.8631832662104473,-0.70862667826446,30.464285714285715,5.050000000000001,9.8,9.2,8.199999999999996,2.5,6.27
2022-08-17,3.808795099661296,1.7312704998460435,35.525,35.6,36.4,258.4,36.0,1.7986362431912404,-0.6963762255968726,31.35,5.5,9.971428571428572,8.5,10.400000000000002,2.2,5.62
2022-08-18,2.5701591966017947,1.2850795983008974,34.475,35.2,35.6,258.72,34.6,1.7389562113298431,-0.6839194216246105,31.47142857142857,4.25,9.6,8.4,8.800000000000004,2.0,5.14
2022-08-19,5.789153228656332,1.8674687834375263,35.074999999999996,35.0,36.2,293.02,34.8,1.5430881998598207,-0.6712599575675315,31.514285714285712,6.0,9.157142857142857,9.8,10.2,3.1,5.25
2022-08-20,5.144926743703208,2.1437194765430037,35.275,36.0,36.4,319.2,35.2,1.5261306715084277,-0.6584015846980489,31.442857142857143,6.5,9.414285714285715,10.5,11.2,2.4,5.42
2022-08-21,9.497584014563595,1.9786633363674155,35.325,35.0,36.4,299.87999999999994,35.6,1.5549097397046066,-0.64534811322955,31.192857142857143,6.35,9.328571428571431,10.2,11.2,4.8,7.61
2022-08-22,20.612943547893074,1.8241542962737234,34.225,33.4,35.0,329.96000000000004,34.4,1.6769173784577387,-0.6321034111873488,30.807142857142853,6.200000000000001,9.299999999999999,11.3,8.399999999999999,11.3,8.98
2022-08-23,19.913440184049414,1.8965181127666106,34.375,33.5,35.0,340.40000000000003,34.6,1.7696281039795412,-0.6186714032625032,30.400000000000002,6.350000000000001,9.700000000000001,11.5,7.800000000000001,10.5,7.72
2022-08-24,9.485603876903392,1.8241545917121909,34.125,34.0,34.8,210.16,34.0,1.8181248719336032,-0.6050560696488494,29.957142857142856,6.199999999999999,10.028571428571428,7.4,11.2,5.2,6.16
2022-08-25,7.12455086175631,1.9790419060434195,35.075,35.4,36.2,274.5,35.0,1.8313940279144811,-0.5912614448635782,29.671428571428574,6.449999999999999,9.871428571428572,9.0,9.799999999999997,3.6,5.82
2022-08-26,4.6404463831169505,1.1318161910041344,33.325,32.8,33.8,68.39999999999999,33.0,1.930531500449127,-0.5772916165517278,29.62857142857143,3.799999999999999,9.957142857142857,2.4,8.599999999999998,4.1,4.09
2022-08-27,11.55469332322755,1.8340783052742142,34.925000000000004,34.0,36.0,296.625,34.6,1.8254382729586427,-0.5631507242749187,29.428571428571427,6.15,8.9,10.5,11.5,6.3,6.31
2022-08-28,8.66191924816499,2.062361725753569,35.975,35.0,37.0,334.65000000000003,35.6,1.781203819920244,-0.5488429582847199,29.12142857142857,6.649999999999999,8.9,11.5,11.8,4.2,6.67
2022-08-29,5.171114488322802,1.5209160259772947,36.425000000000004,36.1,38.2,322.3,36.4,1.7931607326896943,-0.5343725582809785,29.07857142857143,4.949999999999999,9.085714285714287,11.0,13.600000000000001,3.4,7.38
2022-08-30,3.420008179179784,1.1032284448967045,34.375,33.2,35.2,340.46,34.0,1.7498409797902046,-0.5197438121555157,29.092857142857145,3.5,9.042857142857143,11.6,7.700000000000003,3.1,6.82
2022-08-31,1.557869419077348,0.5371963514059821,31.525,29.2,31.0,13.05,31.6,1.636513884380218,-0.5049610547215202,29.057142857142857,1.8499999999999996,9.057142857142859,0.5,6.199999999999999,2.9,3.33
2022-09-01,3.526298995716064,1.0685754532472922,32.125,31.25,32.0,180.86249999999998,31.8,1.452662707193617,-0.4900286664290594,28.728571428571428,3.6500000000000004,8.071428571428573,6.5,6.850000000000001,3.3,2.48
2022-09-02,2.4361941334004324,1.5226213333752703,33.125,33.5,33.4,268.32,32.8,1.3225960710798845,-0.4749510720670502,28.34642857142857,5.0,7.714285714285715,9.6,11.100000000000001,1.6,3.48
2022-09-03,3.526811088234049,1.3564658031669419,32.975,32.8,33.3,217.5,32.5,1.3784253771329038,-0.4597327394521046,28.267857142857142,4.5,8.742857142857144,7.5,7.599999999999998,2.6,4.7
2022-09-04,3.0507304687099173,1.4527287946237701,34.325,34.0,36.0,225.0,34.0,1.3101950196890078,-0.4443781781046134,28.375,4.65,8.314285714285715,7.5,8.0,2.1,3.92
2022-09-05,0.9062643100833114,0.41193832276514153,31.775,33.0,31.6,125.77499999999999,32.6,1.2231046009561795,-0.4288919379124841,28.50357142857143,1.5,7.742857142857143,4.3,7.5,2.2,3.2
2022-09-06,3.350422226032953,0.7283526578332506,30.975,31.0,30.2,0.0,30.8,1.0646792147830146,-0.41327860778290443,28.49642857142857,2.5,6.7857142857142865,0.0,7.0,4.6,4.48
2022-09-07,12.481408593166735,1.5037841678514137,31.075000000000003,31.8,30.6,169.57999999999998,30.8,1.011125530916807,-0.3975428142825566,28.232142857142858,5.15,5.128571428571429,6.1,8.0,8.3,4.41
2022-09-08,10.16506062354653,1.7525966592321605,31.325000000000003,32.6,31.0,142.5,30.8,1.1492095046947257,-0.3816892202666586,28.474999999999998,5.999999999999998,5.92857142857143,5.0,8.200000000000003,5.8,5.55
2022-09-09,16.676001250093606,2.2535136824450817,32.775,34.0,33.6,301.03999999999996,32.0,1.2469268198354213,-0.3657225234972692,28.571428571428573,7.550000000000001,5.714285714285715,10.6,11.2,7.4,5.64
2022-09-10,13.919702570385759,2.0173481986066317,32.975,34.0,33.8,282.53999999999996,32.4,1.35134001255968,-0.34964745525122826,28.635714285714283,6.65,5.857142857142857,10.2,12.600000000000001,6.9,6.2
2022-09-11,13.640981359968961,2.393154624555958,33.525,34.6,34.4,293.62,33.0,1.4457517833367783,-0.33346877891818705,28.45,7.799999999999999,6.242857142857143,10.6,13.8,5.7,6.24
2022-09-12,11.8249401867132,2.1499891248569454,33.675,34.8,34.4,297.15,33.6,1.580098330469948,-0.31719128858910595,28.12142857142857,7.199999999999999,6.685714285714286,10.5,12.999999999999996,5.5,6.01
2022-09-13,6.407107401160263,2.2882526432715227,33.875,35.5,34.4,303.85,33.4,1.828391302197349,-0.300819807635668,27.985714285714288,7.25,7.571428571428572,10.3,12.0,2.8,5.27
2022-09-14,3.8227075444165104,1.9113537722082552,35.125,35.0,36.2,275.5,34.6,2.0512341572599593,-0.2843591872810036,28.271428571428572,6.15,9.042857142857143,9.5,12.0,2.0,4.63
2022-09-15,4.2936418124435365,1.9516553692925163,34.375,35.0,35.0,311.09999999999997,34.8,2.109458386453794,-0.26781430516217486,28.442857142857147,6.25,9.528571428571428,10.2,9.0,2.2,4.76
2022-09-16,4.279059668541139,2.1395298342705695,35.925,36.0,37.2,329.6,35.8,2.1378953450338445,-0.25119006388481957,28.72857142857143,6.75,10.271428571428572,10.3,8.0,2.0,6.16
2022-09-17,6.225339540929011,2.593891475387088,36.325,36.2,37.8,321.0,36.4,2.1216119381517715,-0.23449138957041052,29.242857142857144,7.6,10.22857142857143,10.7,12.400000000000002,2.4,5.56
2022-09-18,8.702024890865758,2.3518986191529074,36.125,36.4,37.4,255.42,36.6,2.203975263406122,-0.21772323039653224,29.571428571428573,7.4,10.299999999999999,8.6,13.399999999999999,3.7,6.01
2022-09-19,7.6928428021659,1.876303122479488,35.425000000000004,35.6,36.6,278.88,36.0,2.1980815483485436,-0.20089055513063528,29.857142857142858,6.149999999999999,10.014285714285716,9.6,13.100000000000001,4.1,6.04
2022-09-20,12.187058535703077,2.3436651030198226,36.275,36.0,37.6,295.79999999999995,36.6,2.158983548008907,-0.18399835165767986,29.964285714285715,7.4,9.885714285714286,10.2,14.0,5.2,5.93
2022-09-21,14.258589439920048,2.6902998943245375,36.775,36.5,38.2,321.005,37.2,2.166899613687235,-0.1670516255021195,29.892857142857142,8.5,9.87142857142857,10.9,14.100000000000001,5.3,6.85
2022-09-22,15.397898592990938,2.7013857180685856,36.725,36.4,38.0,339.66,37.2,2.2781776311324182,-0.15005539834465262,29.957142857142856,8.65,10.071428571428571,11.1,11.599999999999998,5.7,5.71
2022-09-23,17.25052569564351,2.5747053277079868,36.675,35.8,37.8,323.565,37.0,2.385281966671857,-0.13301470653419636,29.971428571428568,8.200000000000001,10.200000000000001,11.1,13.299999999999997,6.7,5.98
2022-09-24,16.732174461520607,3.0422135384582925,36.975,36.5,38.2,323.67499999999995,37.2,2.4474498943057736,-0.11593459959550066,29.564285714285713,9.75,10.314285714285715,10.7,12.5,5.5,6.67
2022-09-25,8.468462785716264,2.2887737258692606,37.475,36.8,39.0,319.05999999999995,37.6,2.5114959033159456,-0.09882013873287211,29.599999999999998,7.25,10.314285714285715,10.6,13.399999999999999,3.7,6.31
2022-09-26,8.965287996749035,3.3204770358329756,37.025,36.0,38.8,225.225,37.8,2.5024780614182816,-0.08167639533042288,29.657142857142855,6.6,10.6,7.7,13.5,2.7,4.79
2022-09-27,7.011072931724747,2.261636429588628,34.975,35.2,36.0,298.5,35.0,2.70878862046878,-0.06450844944931625,29.685714285714283,7.25,10.328571428571431,10.0,10.700000000000003,3.1,6.07
2022-09-28,6.940691086223329,1.779664381082905,34.625,35.0,35.8,249.9,35.2,2.6970702385500376,-0.04732138832243232,29.807142857142853,5.85,10.3,8.4,10.5,3.9,5.6
2022-09-29,15.25516772986865,2.1793096756955213,34.425000000000004,34.8,35.0,302.82,34.6,2.5669794509440904,-0.03012030484690836,29.849999999999998,6.800000000000001,9.942857142857141,10.3,10.799999999999997,7.0,6.0
2022-09-30,17.339957350513803,2.089151488013711,33.375,33.5,34.0,233.2,33.4,2.4923971591765097,-0.012910296075008843,29.678571428571427,7.0,9.828571428571431,8.0,8.7,8.3,5.28
2022-10-01,20.45778388724201,1.911942419368412,32.775,34.0,32.8,158.22000000000003,33.4,2.4230323249344705,0.004303538296243821,29.678571428571427,6.75,9.385714285714286,5.4,9.399999999999999,10.7,6.37
2022-10-02,32.09415989117825,2.1832761830733505,33.525,34.5,35.6,309.40000000000003,30.2,2.261565022207345,0.021516097436222233,29.542857142857144,7.25,8.62857142857143,10.4,9.5,14.7,6.38
2022-10-03,18.93306162193066,2.2810917616783923,35.475,34.6,36.4,306.94000000000005,36.0,2.246493944665072,0.03872228089217399,29.49285714285714,7.5,8.600000000000001,10.3,9.600000000000001,8.3,5.06
2022-10-04,11.237759116027958,2.4429911121799908,36.375,36.5,37.6,267.75,36.8,2.09801033407156,0.05591699010060302,29.571428571428573,7.75,8.971428571428572,9.0,13.5,4.6,5.15
2022-10-05,7.724791063562231,2.2070831610177803,35.975,36.4,37.0,201.95999999999998,36.8,2.1239181458703262,0.07309512989807776,29.557142857142857,7.25,8.82857142857143,6.8,13.399999999999999,3.5,3.42
2022-10-06,9.409290745955808,1.8449589697952566,34.425000000000004,34.2,34.6,107.92,35.6,2.184977971575308,0.0902516100310407,29.550000000000004,6.300000000000001,8.600000000000001,3.8,11.600000000000001,5.1,4.2
2022-10-07,4.16276222421288,1.6651048896851521,34.125,34.0,34.6,91.14,34.0,2.1372135850181277,0.10738134666416306,29.407142857142855,5.85,7.671428571428572,3.1,9.2,2.5,3.39
2022-10-08,3.9385316052157053,1.641054835506544,35.875,34.0,37.0,244.02,36.8,2.0766354995426193,0.12447926388678869,29.442857142857143,5.5,6.971428571428572,8.3,9.2,2.4,3.18
2022-10-09,1.9676638106902051,0.9838319053451026,33.125,32.8,33.4,166.79999999999998,33.2,2.037937273276638,0.141540295217043,29.45714285714286,3.25,7.385714285714286,6.0,9.999999999999996,2.0,1.61
2022-10-10,1.5846181260772563,0.6889644026422854,32.775,33.2,33.0,120.83,32.8,1.866588090744031,0.15855938510313475,29.178571428571423,2.5,6.757142857142858,4.3,10.200000000000003,2.3,1.32
2022-10-11,2.714097782850369,1.3570488914251846,33.325,33.6,33.8,138.24,32.6,1.6391413251674447,0.17553149042142777,28.935714285714287,4.5,5.9,4.8,9.600000000000001,2.0,3.2
2022-10-12,1.963716564039192,0.8182152350163301,33.075,34.0,33.6,213.0,33.4,1.4840067222024724,0.19245158197082995,28.8,2.9499999999999993,5.3,7.1,8.0,2.4,3.96
2022-10-13,1.0007760448022398,0.5886917910601411,33.475,34.0,34.0,213.12,33.6,1.285597018487979,0.20931464596304888,28.842857142857138,2.0,5.342857142857143,7.2,8.8,1.7,2.59
2022-10-14,1.950896951436555,0.8482160658419805,31.700000000000003,35.5,30.2,204.35,32.2,1.106130278668677,0.22611568550828803,29.014285714285716,3.0,5.828571428571429,6.7,10.0,2.3,3.13
2022-10-15,0.6730664046184235,0.4487109364122823,31.625,32.0,31.0,110.0,31.6,0.9894318752625096,0.2428497220959358,29.17142857142857,1.5,6.342857142857143,4.0,9.0,1.5,2.59
2022-10-16,1.887134620352173,1.1100791884424548,33.025,34.0,33.6,154.98000000000002,33.0,0.8190970325347581,0.25951179706979943,28.900000000000002,3.8999999999999986,5.728571428571429,5.4,10.600000000000001,1.7,3.38
2022-10-17,3.8343720374332313,1.236894205623623,32.525,33.0,33.0,180.255,32.0,0.8371323586915228,0.27609697309746883,29.028571428571432,4.100000000000001,5.642857142857143,6.1,6.899999999999999,3.1,4.09
2022-10-18,8.526609667889234,1.1522445497147613,31.550000000000004,31.2,31.5,145.75,31.6,0.9154080448317138,0.2926003356333479,29.235714285714284,4.050000000000001,5.9,5.3,7.399999999999999,7.4,4.2
2022-10-19,9.333686687955652,1.6667297657063664,32.825,33.2,32.8,243.60500000000005,33.0,0.8861502817302247,0.30901699437494723,29.050000000000004,5.450000000000001,5.971428571428571,8.3,7.700000000000003,5.6,4.03
2022-10-20,5.724977532336987,1.0801844400635825,32.125,33.0,32.0,172.935,31.6,1.0073666432573727,0.3253420847119795,28.95714285714286,3.5999999999999996,6.142857142857144,6.1,9.3,5.3,1.74
2022-10-21,0.6242404933672318,0.2400924974489353,29.475,32.0,28.2,0.0,29.2,1.077579878829293,0.341570769167856,28.778571428571432,0.9000000000000004,5.985714285714287,0.0,8.0,2.6,0.62
2022-10-22,2.9693418406217926,1.237225766925747,31.325000000000003,32.0,30.8,98.10000000000001,30.4,0.9907050833445722,0.35769823883312546,28.42142857142857,4.25,5.028571428571429,3.6,9.5,2.4,1.03
2022-10-23,4.825533853013289,1.1769594763447049,32.275,32.8,32.4,212.79999999999998,31.6,1.10335005913221,0.3737197147904692,28.385714285714283,4.0,4.971428571428572,7.6,9.599999999999998,4.1,3.82
2022-10-24,3.726306545193534,1.4331948250744362,33.175000000000004,33.8,33.6,236.46,32.4,1.1129043859753887,0.38963044953078774,28.285714285714285,4.75,5.2857142857142865,8.4,11.299999999999997,2.6,3.2
2022-10-25,1.955291815131786,1.029100955332519,32.475,34.0,32.4,207.36,32.4,1.140947331611219,0.4054257283599973,28.085714285714285,3.5,5.614285714285715,7.2,10.399999999999999,1.9,2.62
2022-10-26,1.2787494262143138,1.1624994783766487,32.025,31.2,31.8,139.62,31.6,1.123355389556613,0.42110087079608916,28.271428571428572,3.6000000000000014,5.885714285714287,5.2,8.7,1.1,2.86
2022-10-27,2.4911972048445414,1.6607981365630275,32.775,32.0,33.0,251.10000000000002,32.2,1.0513224913666532,0.4366512319560638,27.914285714285715,5.550000000000001,5.442857142857143,9.3,10.0,1.5,3.0
2022-10-28,2.912504088320591,1.532896888589785,33.175000000000004,32.5,33.8,296.92499999999995,32.4,1.1342673051522885,0.45207220393230374,27.72142857142857,5.25,5.9,10.7,9.5,1.9,3.22
2022-10-29,2.524008624233977,1.3284255917020933,32.425,33.0,32.8,246.53,31.8,1.3189536467438383,0.46735921715800205,27.685714285714287,4.6,7.428571428571429,8.9,10.600000000000001,1.9,3.08
2022-10-30,1.6234125943334694,0.559797446321886,31.075000000000003,31.5,29.8,116.74499999999999,31.4,1.3319821931404594,0.48250774176121763,27.75,2.0999999999999996,8.185714285714285,4.3,8.7,2.9,2.18
2022-11-02,2.4335508751894186,1.1061594887224628,32.125,32.6,32.2,187.935,31.8,1.1536564873996358,0.5270777086423724,27.291666666666668,3.75,7.116666666666667,6.7,9.100000000000001,2.2,1.76
2022-11-03,0.8322013621249009,0.6401548939422315,30.875,32.5,30.2,169.27499999999998,31.4,1.144266489123938,0.5416278206559811,27.491666666666664,2.200000000000001,7.366666666666667,6.1,9.5,1.3,1.65
2022-11-04,2.3127308763301015,1.217226777015843,33.325,33.0,33.8,129.375,32.4,0.9741592820204721,0.5560174366570446,27.616666666666664,3.9499999999999993,6.833333333333335,4.5,8.5,1.9,2.97
2022-11-05,1.1090021994898644,0.6523542349940379,31.674999999999997,31.5,31.4,200.52,31.8,0.9215475967581485,0.5702422926917867,27.78333333333333,2.25,5.800000000000001,7.2,7.300000000000001,1.7,3.15
2022-11-06,2.5825001750253076,1.1738637159205942,32.325,32.2,32.4,241.85999999999999,31.6,0.8088690373068058,0.5842981736283683,27.808333333333334,4.0,5.516666666666667,8.7,8.800000000000004,2.2,2.01
2022-11-07,2.3949724033961113,1.1974862016980556,30.924999999999997,31.0,30.2,128.07500000000002,30.8,0.9112134155732573,0.5981809144059158,27.916666666666668,3.3499999999999996,6.25,4.7,7.5,2.0,1.3
2022-11-08,0.7249476177581008,0.5576520136600776,29.825000000000003,28.4,29.0,0.0,29.2,0.9521095278767999,0.6118864012687242,27.821428571428573,1.9499999999999993,6.028571428571429,0.0,5.799999999999997,1.3,1.69
2022-11-09,0.39602585306529503,0.3300215442210792,29.025,27.0,27.6,0.0,27.8,0.9349853322790432,0.6254105729852457,27.564285714285717,1.1500000000000004,5.4142857142857155,0.0,4.5,1.2,0.22
2022-11-10,0.8587499535487279,0.33028844367258764,30.525,31.0,30.2,75.88,29.8,0.8241084830645597,0.6387494220515268,27.092857142857145,1.25,4.457142857142857,2.8,7.800000000000001,2.6,0.32
2022-11-11,2.891888658358105,0.7415099123995141,31.174999999999997,31.4,30.6,188.1,30.2,0.7798418473117535,0.6518989958787125,27.0,2.5500000000000007,3.9857142857142867,6.6,5.799999999999997,3.9,1.3
2022-11-12,3.4509873519388954,1.189995638599619,32.725,32.0,33.0,237.79,31.8,0.7118822952237066,0.6648553979642866,26.964285714285715,3.9499999999999993,4.2857142857142865,8.6,8.7,2.9,2.5
2022-11-13,1.4095362252904642,0.8291389560532142,32.125,31.0,32.0,120.14999999999999,31.2,0.788688210024504,0.6776147890466887,26.935714285714287,2.75,4.485714285714287,4.5,8.600000000000001,1.7,2.98
2022-11-14,0.5974104402532174,0.42672174303801247,31.025,31.5,30.6,127.88,30.8,0.7394418157577354,0.690173388242972,26.77857142857143,1.5,3.885714285714286,4.6,7.399999999999999,1.4,1.76
2022-11-15,1.6417569420442895,0.8640826010759418,32.275,31.0,32.4,174.4,31.4,0.6293326073777292,0.7025274741691566,26.857142857142858,2.9000000000000004,3.8714285714285714,6.4,7.5,1.9,1.98
2022-11-16,2.8150983069102424,1.082730118042401,31.775,31.4,32.0,171.92499999999998,31.0,0.6731084055799955,0.7146733860429608,27.107142857142858,3.75,4.785714285714286,6.5,9.899999999999999,2.6,2.46
2022-11-17,3.5381004732796524,1.3104075826961674,32.275,30.2,32.4,231.14,31.8,0.7806382018401844,0.7266075247685652,27.349999999999998,4.65,5.714285714285714,9.1,9.599999999999998,2.7,3.46
2022-11-18,3.100015039243053,0.9393984967403192,30.625,30.8,30.2,35.295,29.8,0.9206552217006957,0.7383263540031063,27.107142857142858,3.4000000000000004,6.614285714285715,1.3,7.300000000000001,3.3,1.67
2022-11-19,1.9592759690233543,0.6756124031115015,30.424999999999997,27.8,29.8,0.0,30.2,0.9489250194636679,0.749826401204568,26.914285714285715,2.4499999999999993,5.857142857142857,0.0,4.5,2.9,1.23
2022-11-20,1.9206652953206824,0.7113575167854379,31.424999999999997,30.5,31.2,120.55499999999999,30.8,0.8754417001082225,0.7611042586607742,26.61428571428571,2.5,4.628571428571428,4.7,9.7,2.7,2.16
2022-11-21,3.143820940895695,1.36687866995465,32.375,31.5,32.8,275.52500000000003,31.6,0.858615780212826,0.7721565844991641,26.464285714285715,4.9,4.6571428571428575,10.3,9.5,2.3,2.52
2022-11-22,2.5375976398730886,1.5859985249206803,33.425000000000004,32.6,34.0,287.26,32.6,0.9929239126294884,0.7829801036770624,26.314285714285713,5.35,5.471428571428572,10.6,11.0,1.6,2.38
2022-11-23,3.5486001001083016,1.54286960874274,33.775,33.4,34.4,260.3,33.2,1.0960547588930225,0.7935716089521472,26.29285714285714,5.199999999999999,6.071428571428572,9.5,12.0,2.3,3.52
2022-11-24,1.8776837174457373,1.2517891449638248,33.775,32.5,34.6,252.29999999999998,33.2,1.1617889718502137,0.8039279618328208,26.428571428571427,4.25,6.500000000000001,8.7,7.0,1.5,3.86
2022-11-25,2.2665263667971605,1.2591813148873114,34.474999999999994,32.8,35.4,279.3,33.8,1.1534149093170218,0.8140460935082175,26.942857142857143,4.25,6.442857142857143,9.8,8.599999999999998,1.8,3.36
2022-11-26,2.834418492872679,1.4917992067750943,34.6,32.8,35.6,280.33,33.5,1.1990981690523064,0.8239230057575536,27.135714285714283,4.9,7.657142857142858,9.7,7.799999999999997,1.9,3.16
2022-11-27,2.133048838821096,1.1850271326783868,34.075,32.5,34.6,281.65500000000003,33.6,1.315696283861391,0.8335557718385695,27.614285714285717,3.9000000000000004,9.042857142857143,9.9,8.100000000000001,1.8,3.94
2022-11-28,2.3909815904793494,1.4064597591054997,34.125,32.5,34.8,307.4,33.4,1.3833633718460983,0.8429415373547832,28.014285714285712,4.800000000000001,9.785714285714286,10.6,7.0,1.7,3.76
2022-11-29,2.5874844030591273,1.2937422015295637,33.775,31.4,34.4,271.95,33.0,1.3890178131533626,0.8520775211013093,28.335714285714285,4.65,9.828571428571431,10.5,11.0,2.0,3.56
2022-11-30,1.9019061381167799,1.001003230587779,33.525,31.5,34.0,229.075,32.6,1.3472669098117742,0.8609610158889945,28.164285714285715,3.5999999999999996,9.814285714285715,8.5,9.100000000000001,1.9,1.32
2022-12-01,1.275481970939749,0.7502835123174993,32.975,32.5,33.2,167.10000000000002,32.6,1.2698574272182086,0.8695893893466109,28.099999999999998,2.6999999999999993,9.671428571428573,6.0,9.3,1.7,2.92
2022-12-02,1.2396273865585397,0.9535595281219535,31.775000000000006,33.0,31.6,155.375,31.4,1.1982137654115905,0.8779600847008883,27.935714285714287,3.4000000000000004,9.285714285714286,5.5,9.5,1.3,3.31
2022-12-03,1.0159563811795218,0.8466303176496016,30.975,29.5,30.4,106.0,30.4,1.1545535101593967,0.8860706215341378,27.900000000000002,2.8499999999999996,8.671428571428573,4.0,6.0,1.2,3.19
2022-12-04,1.2881872192659922,0.6440936096329961,31.725,31.0,31.8,192.96,31.2,1.062386525998612,0.893918596519257,27.557142857142857,2.25,7.857142857142857,7.2,8.399999999999999,2.0,2.4
2022-12-05,1.1230821553804164,0.623934530766898,30.275,30.0,30.0,96.94,29.8,0.985110308420699,0.9015016841318838,27.321428571428573,2.25,7.471428571428572,3.7,7.600000000000001,1.8,2.11
2022-12-06,1.655054535137557,0.447312036523664,28.675,28.5,26.8,0.0,29.0,0.873320990086613,0.9088176373395028,26.921428571428574,1.75,6.485714285714287,0.0,5.100000000000001,3.7,0.72
2022-12-07,2.769465876329561,0.40727439357787665,28.025000000000002,26.5,27.0,0.0,28.0,0.7524023950857702,0.9158642882672868,26.928571428571427,1.5,4.985714285714287,0.0,6.300000000000001,6.8,1.68
2022-12-08,2.03275932458441,0.2606101698185141,23.85,23.4,22.6,0.0,25.6,0.6675839897986412,0.9226395488404875,26.414285714285715,1.1500000000000004,3.771428571428572,0.0,6.799999999999997,7.8,0.02
2022-12-09,2.5019257787727636,0.8070728318621818,24.725,26.0,23.5,0.0,24.6,0.5976306551559292,0.9291414114031743,25.29285714285714,3.3499999999999996,2.914285714285715,0.0,6.199999999999999,3.1,0.38
2022-12-10,0.7589899341378982,0.7589899341378982,27.4,30.0,27.2,23.220000000000002,26.4,0.576703984261676,0.935367949313148,24.52857142857143,2.6500000000000004,2.128571428571429,0.9,8.399999999999999,1.0,0.86
2022-12-11,2.0451288692319225,1.0763836153852224,28.75,32.2,29.0,118.80000000000001,27.8,0.5641839294742899,0.941317317512847,24.428571428571427,3.8000000000000007,1.6857142857142864,4.5,11.600000000000001,1.9,1.26
2022-12-12,0.5873621093991712,0.9789368489986188,29.0,32.4,28.6,13.399999999999999,27.8,0.6259396445817507,0.9469877530760751,24.371428571428574,3.4000000000000004,1.3000000000000007,0.5,11.2,0.6,1.85
2022-12-13,1.0254533105293393,0.8545444254411161,30.7,33.0,31.0,275.0,28.8,0.6766542614719965,0.9523775757303973,24.457142857142856,2.8499999999999996,0.8428571428571434,10.0,11.0,1.2,2.05
2022-12-14,1.4984411356196825,0.9365257097623015,30.0,34.0,30.0,145.07999999999998,29.0,0.7348303170316325,0.9574851883550389,24.678571428571427,4.199999999999999,2.271428571428572,5.2,12.2,1.6,2.9
2022-12-15,1.8094404092532634,0.8224729132969378,30.0,30.4,30.2,169.61999999999998,29.0,0.8104376479151219,0.9623090774541487,25.32857142857143,2.9000000000000004,3.014285714285715,6.6,9.399999999999999,2.2,2.86
2022-12-16,2.7747985301276454,1.0672302038952481,30.2,30.6,30.2,218.94,29.0,0.8907037541263252,0.9668478136052773,26.142857142857142,3.75,3.9571428571428577,8.2,7.800000000000001,2.6,3.08
2022-12-17,0.8188789355880555,0.43098891346739765,28.375,27.5,28.0,0.0,28.4,0.9278690929881918,0.9711000518829505,26.685714285714287,1.5999999999999979,5.128571428571429,0.0,5.0,1.9,1.14
2022-12-20,0.49239325612297274,0.3282621707486485,27.675,29.8,27.4,67.73,27.8,0.7409817734404592,0.9821256058680006,26.233333333333334,1.200000000000001,5.0,2.6,7.5,1.5,0.22
2022-12-21,0.28303136763346126,0.13477684173021964,26.549999999999997,28.0,26.4,0.0,27.0,0.6532680643250478,0.9852201067560606,25.991666666666664,0.40000000000000036,3.766666666666667,0.0,6.199999999999999,2.1,0.34
2022-12-22,0.4941733239310681,0.1900666630504108,27.5,27.0,27.0,12.15,27.0,0.5196432529863676,0.9880226656636976,25.491666666666664,0.75,2.9000000000000004,0.5,5.399999999999999,2.6,0.44
2022-12-23,2.8523332903233505,0.679126973886512,29.0,30.2,28.8,196.84000000000003,27.4,0.41424221127861305,0.9905324521322227,25.258333333333336,2.4499999999999993,1.8833333333333337,7.4,7.199999999999999,4.2,1.16
2022-12-26,1.0825225413640365,0.6765765883525228,29.4,31.8,29.8,174.23999999999998,28.0,0.32015435629265165,0.9962981749346077,25.133333333333336,2.8000000000000007,1.7500000000000007,6.6,10.8,1.6,1.18
2022-12-27,0.9317702820140544,0.7167463707800419,29.5,32.0,29.8,225.76000000000002,28.6,0.37722904188811324,0.9976303053065857,25.433333333333334,2.4499999999999993,2.85,8.3,9.600000000000001,1.3,1.94
2022-12-28,1.4682477232129898,0.8636751313017588,29.35,30.6,29.4,133.62,28.4,0.44197640856001214,0.9986668162884759,25.625,2.8999999999999986,3.8000000000000007,5.1,8.8,1.7,0.72
2022-12-29,2.071618311778126,1.2185990069283095,30.099999999999998,30.4,30.4,269.23999999999995,28.6,0.5634594568219353,0.9994074007397048,25.84166666666667,3.8499999999999996,4.650000000000001,10.6,10.0,1.7,2.4
2022-12-30,2.794939153172055,1.6440818548070912,30.15,30.8,30.0,230.85,28.8,0.7348815141349184,0.9998518392091162,26.025000000000002,5.699999999999999,6.333333333333333,9.0,10.3,1.7,2.3
2022-12-31,0.9074161209108028,0.8249237462825479,29.3,30.0,29.0,181.67000000000002,28.4,0.8957073276216816,1.0,25.866666666666664,3.0,6.600000000000001,7.4,10.899999999999999,1.1,2.64
2023-01-01,1.7975543026807927,1.057384883929878,29.849999999999998,30.6,29.8,263.12,28.4,0.8855953874303768,0.9998518392091162,25.678571428571427,3.75,6.714285714285715,10.4,10.600000000000001,1.7,2.4
2023-01-02,2.2178628174751807,0.9241095072813253,29.699999999999996,30.4,29.8,234.53,28.4,1.0002839403403072,0.9994074007397048,25.814285714285713,3.4000000000000004,8.200000000000001,9.4,10.899999999999999,2.4,3.34
2023-01-03,3.01127074862373,1.204508299449492,29.999999999999996,30.4,29.8,259.59,28.6,1.0356457859015646,0.998666816288476,25.607142857142858,4.300000000000001,8.6,10.2,9.899999999999999,2.5,4.24
2023-01-04,2.088727633971913,0.949421651805415,28.849999999999998,30.0,28.6,177.33,28.4,1.1053260614257718,0.9976303053065857,25.357142857142858,3.4499999999999993,8.871428571428572,6.9,8.600000000000001,2.2,3.14
2023-01-05,1.5125131399670662,0.6875059727123027,30.125,31.6,30.0,162.60000000000002,28.8,1.1175755643548657,0.9962981749346078,25.285714285714285,2.4000000000000004,9.12857142857143,6.0,9.0,2.2,3.86
2023-01-06,0.9063151978790124,0.34858276841500474,29.4,28.5,29.0,74.095,28.4,1.041705130895436,0.9946708199115211,25.528571428571432,1.5,8.471428571428572,2.9,5.899999999999999,2.6,0.96
2023-01-07,0.43554103119454024,0.20740049104501915,28.299999999999997,28.5,28.0,53.445,28.0,0.8566338328394237,0.9927487224577402,25.514285714285712,0.75,7.6000000000000005,2.1,6.100000000000001,2.1,0.58
2023-01-08,1.6119543202366704,0.671647633431946,28.3,29.0,28.0,102.9,27.8,0.7684162249483483,0.9905324521322229,25.642857142857142,2.4499999999999993,6.842857142857143,4.2,9.0,2.4,0.91
2023-01-09,1.5033870998878938,0.6536465651686495,28.35,28.8,28.2,117.60000000000001,27.8,0.7133109034486436,0.9880226656636976,25.528571428571432,2.5,5.957142857142857,4.9,9.600000000000001,2.3,0.94
2023-01-10,1.6154703863174102,0.7343047210533682,28.35,29.4,28.0,174.74999999999997,27.6,0.67467334028969,0.9852201067560606,25.392857142857142,2.75,5.314285714285715,7.5,12.2,2.2,1.26
2023-01-11,1.5824914812245794,1.0549943208163863,28.6,30.0,28.0,244.79999999999998,27.6,0.607501400518815,0.9821256058680006,25.085714285714285,3.8000000000000007,4.92857142857143,10.2,12.0,1.5,1.11
2023-01-12,1.729584417179688,0.9608802317664933,28.35,29.8,28.4,229.43999999999997,27.2,0.6225832103775252,0.9787400799669153,24.842857142857145,3.6500000000000004,5.4,9.6,11.8,1.8,1.77
2023-01-13,2.056466196443657,1.0823506297071879,29.1,29.8,28.6,244.02,27.4,0.6616366759566954,0.9750645322571948,24.385714285714283,3.450000000000001,5.9142857142857155,9.8,9.8,1.9,1.02
2023-01-14,1.8532626858148982,0.8825060408642372,29.55,30.5,29.4,199.47500000000002,27.6,0.7664606561412929,0.9711000518829505,24.292857142857144,3.1500000000000004,6.9,7.9,10.5,2.1,2.16
2023-01-15,1.2467292566841053,0.7792057854275658,28.825,30.4,27.6,176.79999999999998,27.7,0.8629043061154669,0.9668478136052775,24.264285714285712,2.6999999999999993,7.7285714285714295,6.8,8.799999999999997,1.6,1.62
2023-01-16,0.3771299262453164,0.23570620390332273,27.8,28.6,27.0,53.550000000000004,27.8,0.8782697564005554,0.9623090774541486,24.478571428571428,0.9500000000000011,8.1,2.1,6.200000000000003,1.6,0.82
2023-01-17,1.4473372445639487,0.8040762469799715,29.2,29.6,29.0,157.48,27.8,0.8185639905055088,0.9574851883550393,24.692857142857143,2.75,7.700000000000001,6.2,8.400000000000002,1.8,1.34
2023-01-18,1.6664319815855737,0.7245356441676408,29.25,30.5,29.4,240.10000000000002,28.2,0.8285313513521665,0.9523775757303974,24.99285714285714,2.5999999999999996,7.514285714285714,9.8,12.0,2.3,2.54
2023-01-19,2.5824542625747537,1.1228062011194582,29.8,29.6,29.8,242.39999999999998,28.2,0.7813229689737742,0.9469877530760753,25.064285714285713,4.25,7.457142857142858,10.1,11.200000000000003,2.3,2.48
2023-01-20,2.6735588057362585,1.162416872059243,30.4,30.5,29.8,270.40000000000003,28.0,0.804455250309912,0.9413173175128471,25.078571428571426,4.15,7.528571428571429,10.4,9.0,2.3,2.72
2023-01-21,0.9756755369921092,0.4434888804509587,27.775,27.8,27.2,0.0,27.6,0.8158932849316342,0.9353679493131483,25.235714285714284,1.75,7.614285714285715,0.0,7.300000000000001,2.2,2.65
2023-01-22,0.21890267374335948,0.3127181053476564,26.9,27.0,26.4,0.0,27.0,0.7531765477297372,0.9291414114031743,25.078571428571426,1.1999999999999993,6.485714285714287,0.0,5.5,0.7,0.41
2023-01-23,1.4240836376328405,0.6781350655394478,29.15,30.0,28.8,96.2,27.8,0.6865354505754644,0.9226395488404876,24.828571428571426,2.3000000000000007,5.514285714285715,3.7,8.0,2.1,1.08
2023-01-24,2.1346398661783335,0.9702908482628787,29.25,30.4,29.2,190.875,28.2,0.7497395736663395,0.9158642882672872,24.9,3.5,5.742857142857143,7.5,9.899999999999999,2.2,1.95
2023-01-25,1.7764739321973497,0.8459399677130236,29.5,30.5,30.0,231.4,28.2,0.7734845167067548,0.9088176373395029,24.907142857142862,2.9499999999999993,5.928571428571429,8.9,9.0,2.1,1.59
2023-01-26,1.315222113429464,0.5978282333770291,28.8,27.5,28.6,39.44,28.0,0.7908279914989523,0.901501684131884,25.121428571428574,2.200000000000001,5.800000000000002,1.6,5.699999999999999,2.2,1.44
2023-01-27,0.6451788790857094,0.5376490659047578,27.2,26.6,26.6,0.0,27.2,0.7158311389643196,0.893918596519257,25.214285714285715,2.0,4.585714285714286,0.0,6.100000000000001,1.2,0.22
2023-01-28,2.3986464924373374,0.9225563432451298,29.049999999999997,30.0,28.2,231.24,27.8,0.6265785952279644,0.886070621534138,24.864285714285717,3.4000000000000004,3.100000000000001,9.4,10.8,2.6,1.62
2023-01-29,2.040454689295954,1.020227344647977,29.1,29.5,28.8,141.07500000000002,27.4,0.6950168041985604,0.8779600847008882,24.928571428571427,3.75,4.442857142857143,5.7,9.5,2.0,2.48
2023-01-30,3.061836019623577,0.9005400057716403,29.85,30.5,29.6,201.375,28.0,0.7960895526700348,0.869589389346611,25.0,3.1999999999999993,5.257142857142858,7.5,7.300000000000001,3.4,2.6
2023-01-31,1.1487233084101587,0.26107347918412693,27.3,26.2,26.8,0.0,27.6,0.8278616869889195,0.8609610158889943,25.12142857142857,1.0,5.800000000000002,0.0,4.199999999999999,4.4,0.92
2023-02-01,6.147042882614703,0.8196057176819604,28.45,28.2,28.2,98.28,27.6,0.7265449199776691,0.8520775211013093,24.928571428571427,3.0,4.7285714285714295,3.9,6.0,7.5,0.97
2023-02-02,0.3759858709019101,0.20888103938995006,27.0,26.6,26.4,0.0,26.8,0.7227828842589459,0.8429415373547828,24.814285714285713,0.8000000000000007,4.014285714285715,0.0,3.8000000000000007,1.8,0.9
2023-02-03,2.1924849460673244,0.8769939784269298,29.7,30.6,29.6,167.265,27.8,0.6672189994036489,0.8335557718385699,24.821428571428573,3.0,3.785714285714286,6.3,8.100000000000001,2.5,0.74
2023-02-04,0.4938345519847667,0.20576439666031948,28.950000000000003,30.0,28.8,50.16,28.2,0.7156968440496735,0.8239230057575542,25.25,1.4000000000000004,4.685714285714286,1.9,7.199999999999999,2.4,1.02
2023-02-05,1.7267048950167814,0.6906819580067125,29.700000000000003,30.6,30.0,83.08,28.4,0.6132979945375577,0.8140460935082178,25.50714285714286,2.5,3.6142857142857148,3.1,7.600000000000001,2.5,1.16
2023-02-06,0.3476390665756168,0.19313281476423153,27.95,27.6,27.4,0.0,27.8,0.5662200821602342,0.8039279618328213,25.800000000000004,0.6500000000000004,3.2428571428571433,0.0,5.0,1.8,0.96
2023-02-07,1.0981285313118436,0.7843775223656027,28.65,29.8,28.2,56.54000000000001,27.8,0.4651619120163187,0.7935716089521474,25.550000000000004,2.6999999999999993,2.171428571428572,2.2,8.2,1.4,0.41
2023-02-08,1.6479023411581144,0.9155013006433969,30.3,31.7,30.6,247.95000000000002,28.4,0.5399196324708152,0.7829801036770629,25.77857142857143,3.1999999999999993,2.485714285714286,9.5,11.2,1.8,1.9
2023-02-09,1.8951944844322495,1.1148202849601467,30.200000000000003,31.5,30.2,283.5,28.4,0.5536190014653061,0.7721565844991642,25.907142857142862,3.75,3.285714285714286,10.8,10.5,1.7,1.96
2023-02-10,1.6632523066344114,0.7920249079211482,29.65,30.6,29.6,195.78,28.4,0.6830388936896199,0.7611042586607747,26.128571428571433,2.75,4.828571428571429,7.8,11.0,2.1,1.66
2023-02-11,1.044992197139016,0.8038401516453969,29.4,30.0,29.0,155.0,28.0,0.6709004550459369,0.7498264012045686,25.921428571428574,2.799999999999999,5.042857142857144,6.2,10.0,1.3,1.48
2023-02-12,2.0507110108353457,1.0253555054176728,29.949999999999996,30.4,29.8,252.35000000000002,28.4,0.7563398486152336,0.7383263540031065,25.72142857142857,3.5500000000000007,5.657142857142858,10.3,11.799999999999997,2.0,1.94
2023-02-13,1.9258161507324814,1.1328330298426361,30.199999999999996,30.4,30.0,264.28999999999996,28.4,0.804150355388228,0.7266075247685656,25.392857142857142,4.1,6.685714285714286,10.7,11.399999999999999,1.7,2.58
2023-02-14,2.530375985300048,1.1501709024091127,30.300000000000004,31.0,30.2,259.47499999999997,28.4,0.9383932432565716,0.7146733860429609,25.335714285714285,4.0,8.214285714285714,10.7,13.5,2.2,2.48
2023-02-15,1.9383101417491604,0.9691550708745802,29.85,30.0,29.8,249.9,28.2,0.9906494404056444,0.7025274741691571,25.12857142857143,3.5500000000000007,9.428571428571429,10.5,12.399999999999999,2.0,2.94
2023-02-16,2.210475568350258,1.0526074135001229,29.85,30.2,29.6,257.25,28.0,0.9983142647243849,0.6901733882429719,24.800000000000004,3.6999999999999993,9.571428571428571,10.5,11.399999999999999,2.1,2.96
2023-02-17,2.715040334200789,0.9696572622145675,29.900000000000002,31.0,29.6,265.63,28.2,0.9894267116586671,0.6776147890466889,24.550000000000004,3.4000000000000004,9.528571428571428,10.1,9.399999999999999,2.8,2.94
2023-02-18,2.3847027566284886,0.7692589537511254,29.049999999999997,30.6,28.2,206.7,28.4,1.0148027622720126,0.6648553979642865,24.721428571428568,2.700000000000001,9.857142857142858,7.8,8.200000000000003,3.1,1.4
2023-02-19,1.624885935533518,0.624956129051353,28.6,28.6,28.0,28.160000000000004,28.2,1.0098625911442596,0.6518989958787126,24.935714285714283,2.0,10.085714285714287,1.1,6.0,2.6,0.84
2023-02-20,0.38173467280411244,0.2726676234315089,27.65,29.0,27.0,0.0,27.6,0.9526626802347854,0.6387494220515272,25.092857142857145,0.9000000000000004,8.771428571428572,0.0,8.5,1.4,0.96
2023-02-21,2.4100237430189897,1.0041765595912457,29.75,31.4,29.8,226.79999999999998,28.0,0.8297819078903386,0.6254105729852463,25.1,3.5500000000000007,7.242857142857143,9.0,12.399999999999999,2.4,1.42
2023-02-22,2.0342518129133333,1.0706588489017543,29.950000000000003,31.0,30.0,274.68,28.2,0.8089255732020719,0.6118864012687243,25.235714285714288,3.8000000000000007,7.0,10.9,11.600000000000001,1.9,2.32
2023-02-23,2.5800166312418367,1.2900083156209183,30.25,31.4,31.0,267.145,28.2,0.8234261129202397,0.5981809144059165,25.435714285714283,4.4,7.057142857142857,10.1,9.899999999999999,2.0,2.34
2023-02-24,2.4442240350999747,1.111010925045443,30.099999999999998,31.8,29.8,238.92000000000002,28.8,0.8573405275089246,0.5842981736283684,25.714285714285715,3.8000000000000007,7.000000000000001,8.8,9.3,2.2,3.32
2023-02-25,3.0164112904793567,1.0772897465997704,30.700000000000003,31.6,30.6,255.44000000000003,29.0,0.8775339079133355,0.5702422926917871,25.83571428571429,3.700000000000001,6.814285714285715,10.3,13.600000000000001,2.8,3.06
2023-02-26,3.3934028203467994,1.2568158593877035,30.025,31.0,29.8,280.13,28.4,0.9215383068917132,0.5560174366570446,25.592857142857145,4.500000000000002,7.171428571428572,10.9,10.600000000000001,2.7,2.92
2023-02-27,1.9706846505169224,0.7882738602067689,28.25,29.5,27.6,108.15,28.0,1.011803982654049,0.5416278206559814,25.607142857142858,2.8499999999999996,8.571428571428573,4.2,7.5,2.5,1.12
2023-02-28,0.2821453057022199,0.1880968704681466,27.15,28.0,26.4,0.0,27.2,1.0854620164790865,0.5270777086423722,25.75,0.6999999999999993,9.171428571428573,0.0,5.600000000000001,1.5,0.29
2023-03-01,2.855467463368667,0.9211185365705377,28.85,31.0,28.6,209.79,27.6,0.9688792037472149,0.5123714121284237,25.75,3.25,7.885714285714287,8.1,10.2,3.1,1.84
2023-03-02,2.0799550013360055,1.0399775006680028,28.9,30.5,28.6,141.21,27.8,0.9475163019856127,0.49751328890718066,25.85,3.6000000000000014,7.485714285714287,5.4,8.7,2.0,1.92
2023-03-03,2.0831044732147825,0.8011940281595317,28.900000000000002,31.2,29.0,185.61,28.2,0.9117976141351961,0.48250774176121847,25.807142857142853,2.8499999999999996,6.814285714285716,6.9,8.599999999999998,2.6,2.1
2023-03-04,0.43385253161363835,0.27115783225852397,27.249999999999996,27.4,26.6,0.0,27.4,0.8675380574372087,0.4673592171580022,25.771428571428572,1.0,6.542857142857144,0.0,5.399999999999999,1.6,0.24
2023-03-05,0.8834120187083023,0.6310085847916446,29.7,32.0,30.4,105.225,28.4,0.7523763553884592,0.45207220393230435,25.75714285714286,2.25,5.071428571428571,6.1,29.5,1.4,1.95
2023-03-06,2.689200226540097,1.0343077794384987,30.65,31.6,31.2,250.25,29.2,0.6629753161604509,0.43665123195606403,24.550000000000004,3.4000000000000004,4.385714285714286,9.1,8.200000000000003,2.6,2.69
2023-03-07,3.0326038931909256,1.3185234318221417,31.65,32.2,32.4,259.44,29.8,0.6981230189078408,0.4211008707960896,24.800000000000004,4.5,5.085714285714286,9.4,9.200000000000003,2.3,2.91
2023-03-08,3.4843571312338315,1.0888616035105723,31.5,31.6,31.6,275.01000000000005,30.0,0.8596125276726972,0.40542572835999735,25.142857142857142,3.6500000000000004,6.428571428571429,10.3,9.8,3.2,3.04
2023-03-09,3.1258088757282723,1.0083254437833136,31.1,31.5,31.6,250.25,29.8,0.883575822949845,0.38963044953078796,25.257142857142856,3.450000000000001,6.742857142857145,9.1,8.0,3.1,2.52
2023-03-10,0.35767483473571715,0.35767483473571715,29.299999999999997,28.5,29.0,0.0,29.0,0.8790541005377467,0.37371971479046906,25.45,1.3000000000000007,7.271428571428572,0.0,4.899999999999999,1.0,1.78
2023-03-11,1.8532464393978887,0.7412985757591555,30.650000000000002,32.0,31.6,142.48,30.0,0.815694215762916,0.35769823883312546,25.32857142857143,2.549999999999999,6.285714285714286,5.2,9.2,2.5,1.46
2023-03-12,2.128863943224122,1.1827021906800677,29.5,33.0,29.2,63.24999999999999,29.0,0.8828571791201492,0.3415707691678556,25.71428571428572,3.8499999999999996,7.028571428571429,2.3,11.0,1.8,1.41
2023-03-13,1.7544986044403235,0.8772493022201617,31.45,32.2,32.0,223.04,30.0,0.9616705513899237,0.3253420847119801,27.178571428571427,3.25,6.485714285714287,8.2,10.000000000000004,2.0,2.6
2023-03-14,1.9531235590957179,1.3020823727304787,31.2,32.2,31.4,277.75,29.8,0.9392336260730184,0.30901699437494745,27.135714285714283,4.25,6.3571428571428585,10.1,9.400000000000002,1.5,2.59
2023-03-15,1.865506304049471,0.9818454231839322,31.95,32.2,32.8,213.72,30.0,0.9368849033456381,0.29260033563334836,27.12142857142857,3.1999999999999993,6.457142857142857,7.8,9.600000000000001,1.9,2.87
2023-03-16,1.8801491886867279,0.989552204571962,31.650000000000002,33.0,32.2,165.0,30.2,0.9215968775846894,0.27609697309746883,27.22142857142857,0.9500000000000011,6.1000000000000005,6.0,11.0,1.9,2.42
2023-03-17,2.3922503345727124,1.0401088411185706,32.55,33.2,33.0,276.0,31.8,0.9189149862687821,0.2595117970697999,27.22142857142857,3.4000000000000004,5.6571428571428575,10.0,11.200000000000003,2.3,3.76
2023-03-18,2.9526869512604166,1.1810747805041666,32.3,33.6,33.0,286.62,30.8,1.0164055586091898,0.2428497220959356,27.442857142857143,3.8499999999999996,7.085714285714286,10.2,11.0,2.5,3.64
2023-03-19,5.099752984862951,1.6450816080203066,32.8,34.4,33.4,266.96,31.0,1.07923073071562,0.22611568550828828,27.542857142857144,5.149999999999999,7.799999999999999,9.4,12.0,3.1,4.14
2023-03-20,1.6049221203910669,1.1463729431364764,31.650000000000002,33.0,32.0,199.8,30.2,1.1452849331927968,0.20931464596304847,27.67142857142857,3.6999999999999993,8.814285714285715,7.2,10.5,1.4,3.32
2023-03-21,1.9090059183701602,1.060558843538978,32.3,33.4,33.0,226.79999999999998,30.8,1.1837311676094135,0.19245158197082998,27.75,3.3499999999999996,8.67142857142857,8.1,10.799999999999997,1.8,3.46
2023-03-22,3.3474507065908656,1.521568502995848,33.150000000000006,34.8,33.8,298.48,31.2,1.1492278062963417,0.1755314904214282,27.821428571428573,4.750000000000002,8.385714285714286,10.4,12.199999999999996,2.2,4.08
2023-03-23,3.64046595337657,1.5168608139069042,33.35,35.0,34.0,281.75,31.8,1.2263311034123296,0.15855938510313475,28.00714285714286,4.75,8.757142857142856,9.8,12.5,2.4,4.98
2023-03-24,3.3020304122227375,1.737910743275125,33.2,34.5,33.6,282.15000000000003,31.6,1.3016609047458927,0.141540295217043,28.185714285714287,5.5,9.299999999999999,9.9,12.0,1.9,3.98
2023-03-25,2.6211472355333716,1.5418513150196305,33.550000000000004,34.5,34.0,267.90000000000003,32.0,1.4013468907682578,0.12447926388678915,28.314285714285717,4.75,9.285714285714286,9.4,12.0,1.7,3.04
2023-03-26,2.3692993863478677,1.6923567045341914,32.85,34.2,32.6,294.84000000000003,31.8,1.452886395699038,0.10738134666416309,28.371428571428574,5.25,9.171428571428573,10.4,11.700000000000003,1.4,3.14
2023-03-27,2.955098484248131,1.5553149917095426,33.35,34.5,33.8,295.79999999999995,31.8,1.4596399809153076,0.09025161003104117,28.364285714285717,5.050000000000001,9.314285714285715,10.2,11.0,1.9,2.66
2023-03-28,2.791060764724943,1.3290765546309251,33.65,34.2,33.8,304.11,31.8,1.5180602735686028,0.07309512989807777,28.542857142857144,4.199999999999999,9.742857142857144,10.9,12.600000000000001,2.1,3.88
2023-03-29,2.966023375743565,1.6477907643019805,32.35,34.2,32.0,269.76,31.2,1.556419946581738,0.055916990100603484,28.528571428571432,5.25,10.142857142857144,9.6,12.200000000000003,1.8,3.7
2023-03-30,3.1450160514146854,1.6552716060077293,33.35,34.5,33.6,299.45,31.4,1.5744516981969,0.03872228089217446,28.442857142857143,5.399999999999999,10.028571428571428,10.6,12.5,1.9,3.14
2023-03-31,3.3170737467372557,1.9512198510219152,33.5,35.5,33.8,310.29999999999995,31.8,1.5942246684970178,0.021516097436222254,28.37142857142857,6.0,10.142857142857142,10.7,13.0,1.7,3.57
2023-04-01,3.4787501302726596,1.6565476810822188,33.75,35.0,34.2,299.25,32.0,1.6246973981751307,0.004303538296244289,28.442857142857143,5.1,10.257142857142856,10.5,13.0,2.1,3.54
2023-04-02,3.8653400662352726,1.6105583609313636,34.15,35.6,34.4,302.12,32.0,1.641082593326929,-0.01291029607500882,28.442857142857143,5.0,10.414285714285715,10.4,13.100000000000001,2.4,4.03
2023-04-03,3.6020324226868747,1.5661010533421196,33.0,35.2,34.0,290.375,32.0,1.6293971156693823,-0.030120304846908114,28.542857142857144,4.949999999999999,10.414285714285715,10.1,12.900000000000002,2.3,3.68
2023-04-04,2.8694150482291936,1.1955896034288307,33.85,35.3,34.2,243.52499999999998,32.2,1.6309379816168932,-0.04732138832243185,28.50714285714286,4.050000000000001,10.4,8.5,13.299999999999997,2.4,3.18
2023-04-05,3.313934390020085,1.506333813645493,33.35,34.5,34.0,308.98999999999995,32.0,1.611868417159451,-0.06450844944931623,28.61428571428571,4.799999999999999,10.057142857142859,10.6,10.7,2.2,4.6
2023-04-06,2.9388031653224527,1.4694015826612263,33.8,35.0,34.0,299.25,32.0,1.5916602813513816,-0.08167639533042241,28.764285714285712,4.549999999999999,10.200000000000001,10.5,13.0,2.0,4.17
2023-04-07,2.64017851359096,1.3895676387320843,32.449999999999996,33.0,32.4,160.08,31.6,1.5651074208733096,-0.09882013873287143,28.8,4.550000000000001,10.185714285714287,5.8,10.8,1.9,3.14
2023-04-08,4.164156633010678,1.8105028839176862,33.4,34.5,33.4,293.55,31.8,1.4848713905461908,-0.11593459959550041,28.599999999999998,5.599999999999998,9.485714285714286,10.3,12.0,2.3,3.22
2023-04-09,3.6783992421135476,1.7516186867207368,33.85,34.7,34.0,272.16,32.0,1.5068649909512577,-0.1330147065341959,28.599999999999998,5.5,9.457142857142857,9.6,12.700000000000003,2.1,3.49
2023-04-10,3.788817218210873,1.5786738409211971,33.85,34.5,34.0,300.04,32.0,1.527016466064025,-0.1500553983446526,28.5,5.0,9.342857142857143,10.4,11.3,2.4,4.24
2023-04-11,3.4480182119019043,1.499138353000828,33.099999999999994,34.5,33.4,276.0,31.0,1.528812578575322,-0.16705162550211924,28.514285714285712,4.75,9.385714285714286,9.6,11.5,2.3,3.12
2023-04-12,4.079733038226218,1.8544241082846442,34.150000000000006,34.5,34.2,303.15999999999997,32.4,1.572176685657036,-0.18399835165768005,28.528571428571432,5.5,9.542857142857143,10.4,10.7,2.2,3.94
2023-04-13,2.751304720753221,1.6184145416195417,34.6,36.0,34.0,283.2,32.6,1.621903870605486,-0.20089055513063506,28.528571428571432,4.9,9.514285714285716,9.6,13.0,1.7,4.58
2023-04-14,3.520371111034889,2.070806535902876,35.099999999999994,35.4,35.2,291.06,33.6,1.6431914361709599,-0.21772323039653177,28.671428571428574,6.25,9.385714285714286,9.8,11.399999999999999,1.7,4.82
2023-04-15,2.676910392114852,1.408900206376238,34.45,36.6,34.6,299.97,33.2,1.7405112786239296,-0.23449138957040985,28.97142857142857,4.6,9.957142857142857,9.9,12.600000000000001,1.9,3.78
2023-04-16,2.7942829236370135,1.552379402020563,34.550000000000004,35.6,34.6,255.64000000000001,33.2,1.68313946754658,-0.25119006388481935,29.22857142857143,4.9,9.900000000000002,8.8,13.100000000000001,1.8,4.02
2023-04-17,4.857168214201918,2.428584107100959,35.55,35.8,36.2,346.92,33.6,1.6546767125894128,-0.2678143051621742,29.328571428571426,7.35,9.785714285714286,11.8,12.799999999999997,2.0,3.13
2023-04-18,3.3353512159630077,2.2235674773086718,36.0,37.0,36.0,346.91,34.0,1.7760924649008072,-0.2843591872810034,29.407142857142855,6.75,9.985714285714286,11.3,12.600000000000001,1.5,4.57
2023-04-19,3.5180280061925213,2.0694282389367773,35.7,36.4,35.8,331.56,34.0,1.8795823398019276,-0.30081980763566735,29.685714285714283,6.4,10.22857142857143,10.8,11.399999999999999,1.7,4.18
2023-04-20,3.884794120562176,1.689040921983555,35.7,36.4,35.6,282.0,34.0,1.9102972156093752,-0.3171912885891061,29.907142857142855,5.000000000000002,10.285714285714286,9.4,12.799999999999997,2.3,3.92
2023-04-21,3.3509560713343296,1.3403824285337318,35.75,36.0,36.0,292.05,34.0,1.92038669851852,-0.3334687789181868,29.978571428571428,4.200000000000001,10.257142857142858,9.9,13.0,2.5,3.29
2023-04-22,3.2439966008321366,1.4104333047096247,33.6,36.6,34.0,208.38000000000002,32.8,1.8160403974657853,-0.3496474552512284,29.95,4.049999999999999,10.271428571428572,6.9,12.8,2.3,3.81
2023-04-23,3.386392382911216,1.6125678013862932,33.6,35.4,33.8,280.12,32.2,1.8162594115134116,-0.36572252349726897,29.935714285714283,4.949999999999999,9.842857142857143,9.4,11.2,2.1,3.42
2023-04-24,4.57437317060037,0.6629526334203434,31.875,35.5,32.2,220.15,32.8,1.8248577542799447,-0.3816892202666588,30.042857142857144,2.299999999999999,9.92857142857143,7.4,11.5,6.9,2.7
2023-04-25,4.654665362190685,1.0824803167885315,32.55,33.8,32.2,199.92,31.8,1.5726246866112852,-0.39754281428255595,30.092857142857145,3.5,9.3,6.8,8.799999999999997,4.3,2.96
2023-04-26,4.774316748609398,0.8231580601050688,32.1,33.2,31.6,129.6,31.8,1.4096122351084082,-0.4132786077829042,29.907142857142862,2.6999999999999993,8.657142857142858,4.5,8.800000000000004,5.8,2.82
2023-04-27,8.686647455454134,1.2965145455901692,33.1,34.2,33.0,231.47000000000003,31.8,1.2315736381324496,-0.4288919379124835,29.635714285714283,4.0,7.757142857142858,7.9,9.800000000000004,6.7,2.84
2023-04-28,1.2499698278601734,0.7812311424126084,32.25,33.0,32.0,102.96000000000001,31.6,1.1754984415048233,-0.4443781781046132,29.535714285714285,2.6500000000000004,7.542857142857144,3.6,8.8,1.6,2.56
2023-04-29,0.39258455334032694,0.30198811795409763,30.75,31.0,30.0,32.699999999999996,31.0,1.0956196863446628,-0.45973273945210397,29.407142857142855,1.0,6.642857142857144,1.2,7.5,1.3,0.65
2023-04-30,1.5432780137046094,1.0288520091364062,32.5,34.5,32.6,186.24,31.2,0.937270373951016,-0.47495107206704995,28.985714285714288,3.25,5.828571428571429,6.4,10.8,1.5,1.96
2023-05-03,1.7581109533233514,0.8790554766616757,32.45,34.8,32.6,110.96,31.0,0.7732019344579587,-0.5197438121555155,28.475000000000005,3.5,5.050000000000001,3.8,11.199999999999996,2.0,1.02
2023-05-04,1.3053774878282658,0.7252097154601477,31.599999999999998,33.0,31.4,158.2,30.8,0.7825181705507265,-0.5343725582809786,28.541666666666668,2.4499999999999993,4.9333333333333345,5.6,9.5,1.8,1.28
2023-05-05,0.7206164810960154,0.30025686712333977,29.7,31.4,28.4,0.0,29.6,0.6873006988623896,-0.548842958284719,28.366666666666664,2.75,4.550000000000001,0.0,7.899999999999999,2.4,1.4
2023-05-06,1.693059235813055,0.7361127112230674,30.6,33.0,30.0,147.16,29.8,0.6071383196475114,-0.5631507242749186,28.175,3.7499999999999982,3.9500000000000006,5.2,9.399999999999999,2.3,2.18
2023-05-07,1.519221904763276,0.8936599439783977,30.9,33.5,30.4,0.0,29.8,0.6794924185256731,-0.5772916165517272,28.349999999999998,4.100000000000001,4.616666666666667,0.0,8.0,1.7,1.72
2023-05-08,1.6002084382808164,1.0668056255205443,30.549999999999997,31.7,30.0,0.0,30.2,0.656960407666005,-0.5912614448635781,28.416666666666668,2.75,3.5500000000000007,0.0,7.599999999999998,1.5,0.89
2023-05-09,2.7251425777543674,1.090057031101747,30.9,33.1,30.4,52.65,30.2,0.7155097245023677,-0.6050560696488488,28.342857142857145,2.8000000000000007,3.0428571428571436,1.8,7.700000000000003,2.5,1.21
2023-05-10,2.048662496199123,0.8536093734163012,32.4,34.0,32.0,111.555,31.0,0.8130224815812742,-0.6186714032625031,28.55,3.5999999999999996,2.342857142857144,3.7,7.699999999999999,2.4,1.63
2023-05-11,3.9001982387832643,1.3448959444080222,32.849999999999994,34.6,32.6,168.49,31.6,0.8093873239747921,-0.6321034111873487,28.685714285714287,4.5,2.328571428571429,5.8,11.100000000000001,2.9,1.55
2023-05-12,4.770696399233729,1.5902321330779097,32.550000000000004,35.2,32.2,287.12,31.0,0.8979139281102029,-0.6453481132295501,28.8,5.600000000000001,2.3571428571428577,9.7,11.200000000000003,3.0,2.86
2023-05-13,8.211546740534928,1.675825865415291,31.800000000000004,34.0,31.6,160.16,31.0,1.0821961089608556,-0.6584015846980488,29.107142857142858,6.199999999999999,3.7428571428571433,5.6,10.8,4.9,2.9
2023-05-14,3.1034511869013213,1.7241395482785118,33.449999999999996,36.0,34.2,257.55,31.8,1.2164408452740305,-0.6712599575675313,29.150000000000002,5.0,3.8000000000000003,8.5,11.399999999999999,1.8,3.14
2023-05-15,4.485036050412393,1.8687650210051638,34.3,35.6,35.0,299.88000000000005,32.6,1.3350807887454754,-0.6839194216246106,29.264285714285712,5.100000000000001,5.014285714285714,9.8,10.0,2.4,3.56
2023-05-16,1.8696621732860699,1.558051811071725,35.05,37.4,35.6,336.02,33.2,1.4496464166718497,-0.6963762255968722,29.650000000000002,5.600000000000001,6.4142857142857155,10.6,11.399999999999999,1.2,4.8
2023-05-17,3.7241892819759,1.7734234676075713,35.3,36.6,36.0,311.08,33.4,1.5165028138104177,-0.7086266782644596,30.0,5.200000000000003,7.671428571428572,10.1,11.600000000000001,2.1,3.78
2023-05-18,2.4643960156695397,1.8956892428227228,34.85,35.2,35.2,288.0,33.4,1.6479048272663135,-0.7206671495538609,30.092857142857145,4.6,8.585714285714285,9.6,10.400000000000002,1.3,3.98
2023-05-19,2.187529747307351,1.8229414560894595,35.050000000000004,36.0,35.6,309.06,33.4,1.7265895841826993,-0.7324940716135789,30.22857142857143,5.500000000000002,9.128571428571428,10.2,11.399999999999999,1.2,4.69
2023-05-20,2.5561426582327225,1.9662635832559403,35.150000000000006,36.3,35.4,272.785,33.4,1.7598337731843492,-0.7441039398713607,30.328571428571426,5.949999999999999,9.200000000000001,8.9,11.299999999999997,1.3,4.81
2023-05-21,2.5756991490058163,1.9813070376967818,34.925,36.0,35.4,277.3,33.2,1.8013248757330136,-0.7554933140726803,30.62142857142857,5.899999999999999,9.671428571428573,9.4,13.0,1.3,2.6
2023-05-22,1.8820016997376863,1.3442869283840617,33.65,34.5,34.0,238.62500000000003,32.4,1.8380630885070521,-0.766658819300159,30.50714285714286,4.25,9.799999999999999,8.3,11.5,1.4,2.87
2023-05-23,2.5127315678395723,1.794808262742552,33.949999999999996,36.0,34.0,327.24,32.6,1.7631376467040376,-0.7775971469736269,30.24285714285714,5.5,9.585714285714287,10.8,11.399999999999999,1.4,3.02
2023-05-24,2.688068167520956,1.9200486910863972,34.4,36.0,34.6,323.67499999999995,33.0,1.796959996942727,-0.7883050558305255,30.042857142857144,5.9,9.614285714285716,10.7,11.5,1.4,3.61
2023-05-25,4.826117380869482,1.9304469523477925,34.5,35.4,34.8,381.44,33.2,1.8179064574397024,-0.7987793728863649,29.964285714285715,5.9,9.700000000000001,12.8,11.2,2.5,4.28
2023-05-26,6.2878351105855845,2.028333906640511,34.150000000000006,35.5,34.6,336.87,32.8,1.822871844514712,-0.8090169943749473,29.935714285714283,6.0,10.157142857142858,11.4,11.899999999999999,3.1,4.44
2023-05-27,3.7125519983680233,2.1838541166870726,34.2,36.4,34.6,343.54499999999996,32.5,1.8522136231648625,-0.8190148866680801,29.82857142857143,6.5,10.328571428571431,11.1,10.899999999999999,1.7,4.69
2023-05-28,3.311278808595907,2.2075192057306046,34.35,36.8,34.4,351.67999999999995,33.4,1.8832979850835956,-0.8287700871745038,29.87142857142857,6.4,10.642857142857142,11.2,10.799999999999997,1.5,4.43
2023-05-29,1.4613348705254572,1.2177790587712143,33.900000000000006,36.0,34.0,190.575,33.6,1.9156140090884273,-0.8382797052177744,30.142857142857142,3.9000000000000004,10.9,6.3,11.5,1.2,4.02
2023-05-30,2.970735793381321,1.8567098708633256,34.3,36.0,34.6,292.94,33.0,1.8975414562865918,-0.8475409228928311,30.357142857142858,5.6,10.614285714285714,9.7,11.600000000000001,1.6,3.5
2023-05-31,3.4240711847343017,2.1400444904589384,34.5,36.4,34.6,326.16,33.0,1.9063845431609885,-0.8565509959010036,30.342857142857138,6.449999999999999,10.457142857142857,10.8,12.399999999999999,1.6,3.7
2023-06-01,5.06314968432243,1.7459136842491139,33.7,35.5,34.0,325.365,32.6,1.9378125144999225,-0.865307254363206,30.335714285714285,5.300000000000001,10.471428571428573,10.9,11.3,2.9,4.62
2023-06-02,2.588778717798861,1.8491276555706149,33.325,35.4,33.2,244.61999999999998,32.3,1.9114506190572542,-0.8738071036110808,30.342857142857145,5.800000000000001,10.200000000000001,8.1,10.399999999999999,1.4,4.11
2023-06-03,3.6935880073198315,1.9439936880630693,33.525,35.5,33.8,267.52,32.3,1.8858497260472693,-0.8820480249558537,30.435714285714283,5.75,9.728571428571428,8.8,10.2,1.9,4.39
2023-06-04,4.539375579047697,1.7459136842491139,33.575,36.0,34.0,261.0,32.3,1.8515839505295546,-0.8900275764346767,30.357142857142858,5.300000000000001,9.400000000000002,8.7,12.0,2.6,3.72
2023-06-05,5.376667364961213,1.85402322929697,33.575,35.0,33.6,315.34999999999997,32.5,1.785640304603627,-0.8977433935342337,30.157142857142855,5.700000000000001,9.042857142857143,10.6,10.5,2.9,3.16
2023-06-06,3.252055917518671,1.548598055961272,33.574999999999996,36.6,33.8,255.64000000000001,32.3,1.8765323289644495,-0.9051931898913974,30.085714285714285,4.75,9.657142857142858,8.3,11.600000000000001,2.1,3.12
2023-06-07,11.802395276124722,1.8733960755753527,33.325,34.8,33.6,322.92,32.5,1.832516355407013,-0.9123747579707273,30.171428571428574,5.949999999999999,9.457142857142857,10.8,9.799999999999997,6.3,5.96
2023-06-08,9.47660743268094,1.8581583201335177,33.075,35.0,33.2,314.82,32.3,1.794423724709358,-0.9192859697186104,30.128571428571426,5.9499999999999975,9.457142857142857,10.6,10.600000000000001,5.1,4.82
2023-06-09,6.406169741606935,1.6426076260530604,33.425,36.0,33.6,282.15,32.3,1.8104586726928444,-0.9259247771938498,30.107142857142858,5.199999999999999,9.414285714285715,9.5,12.600000000000001,3.9,5.34
2023-06-10,9.952838460546664,2.0311915225605435,32.775,35.0,33.0,281.28,31.9,1.7809558113331936,-0.9322892131745133,30.035714285714285,6.4,9.614285714285716,9.6,11.399999999999999,4.9,5.52
2023-06-11,8.748233942968763,1.901789987601905,32.825,35.2,33.0,331.335,31.7,1.793412644832833,-0.9383773917408641,29.87857142857143,6.0,9.72857142857143,11.1,10.700000000000003,4.6,4.86
2023-06-12,7.895865822458273,1.9739664556145682,32.675,35.5,31.8,354.02500000000003,32.1,1.815680688168946,-0.9441875088341993,29.857142857142858,6.300000000000001,10.071428571428571,11.9,11.5,4.0,5.36
2023-06-13,8.884066029297239,1.7768132058594477,34.125,34.6,34.2,246.96,32.3,1.8328154347857455,-0.9497178427914316,29.857142857142858,5.6,10.257142857142858,8.4,10.400000000000002,5.0,4.92
2023-06-14,7.786738184704983,1.8992044352938984,33.925,35.4,34.0,246.82,32.3,1.8654175990569137,-0.9549667548552551,29.657142857142855,6.1,10.271428571428572,8.2,10.599999999999998,4.1,5.74
2023-06-15,5.688088906049715,2.1066995948332274,34.875,36.5,35.2,255.22500000000002,32.5,1.8691045075881345,-0.9599326896597447,29.685714285714287,6.450000000000001,9.900000000000002,8.3,11.5,2.7,3.81
2023-06-16,7.456800284309697,2.2596364497908175,35.025000000000006,36.0,35.2,353.8,32.9,1.9046104039738072,-0.9646141756912435,29.835714285714285,6.75,9.571428571428571,11.6,11.0,3.3,5.63
2023-06-17,4.958317746918428,1.3400858775455209,32.975,32.5,32.6,0.0,32.5,1.9927573787934867,-0.9690098257244062,29.95,4.5,9.871428571428572,0.0,7.5,3.7,3.36
2023-06-18,5.260801858930388,1.1956367861205426,32.0,33.0,31.6,22.96,31.8,1.8940280009341979,-0.9731183372332619,29.87142857142857,4.0,8.5,0.8,8.600000000000001,4.4,3.08
2023-06-19,6.63310396403411,1.9509129305982675,34.1,35.6,34.2,272.32,32.2,1.793148972151146,-0.9769384927771817,29.707142857142856,6.149999999999999,7.02857142857143,9.2,12.0,3.4,3.62
2023-06-20,7.100582287314922,2.0884065550926243,34.599999999999994,35.4,34.8,324.0,32.8,1.7898556114345314,-0.980469160361632,29.685714285714287,6.449999999999999,6.642857142857143,10.8,10.799999999999997,3.4,4.28
2023-06-21,3.2710911075862024,2.180727405057468,34.85,35.2,34.6,260.58,33.4,1.8343689470392712,-0.9837092937736097,29.771428571428572,10.599999999999998,6.985714285714287,8.6,9.800000000000004,1.5,3.32
2023-06-22,4.259263692173221,1.9360289509878275,35.1,36.0,35.2,309.06,33.6,1.8745865141483526,-0.986657932891657,29.8,5.950000000000001,7.042857142857143,10.1,10.8,2.2,4.32
2023-06-23,5.748104572222004,1.796282678819376,34.900000000000006,35.0,34.6,254.10000000000002,33.6,1.8502049935990097,-0.9893142039703663,29.77857142857143,5.649999999999999,7.3,8.4,9.5,3.2,4.3
2023-06-24,10.004920474597267,2.3821239225231587,34.95,35.8,35.2,324.0,33.4,1.7840115977459465,-0.99167731989929,29.74285714285714,7.25,6.842857142857143,10.8,11.599999999999998,4.2,4.11
2023-06-25,16.21926052689757,1.6720887141131517,34.800000000000004,34.5,34.4,149.17499999999998,33.2,1.9328741755998948,-0.993746580436178,29.92142857142857,5.5,8.385714285714286,5.1,10.5,9.7,4.82
2023-06-26,9.285656159349042,1.9756715232657533,35.1,35.0,35.0,318.325,33.4,2.000938736741696,-0.9955213724144752,30.0,6.250000000000002,9.000000000000002,10.7,10.5,4.7,4.08
2023-06-27,12.227218515846637,1.8811105408994826,35.349999999999994,34.2,35.4,330.4,33.6,2.004475678551337,-0.9970011699250151,30.02142857142857,6.0,9.214285714285714,11.2,9.400000000000002,6.5,5.16
2023-06-28,11.235257183833166,2.080603182191327,35.45,34.5,35.6,332.08,33.6,1.974861962238031,-0.9981855344718586,29.949999999999996,6.699999999999999,9.271428571428572,11.2,9.7,5.4,5.11
2023-06-29,7.451971408828747,2.1917562967143374,35.4,35.0,35.6,303.0,33.8,1.9605585018285825,-0.99907411510223,29.857142857142858,7.0,9.642857142857142,10.1,10.0,3.4,5.16
2023-06-30,11.49084825585759,2.2531075011485475,35.45,35.0,35.4,282.625,34.0,1.9970909797895122,-0.9996666485105112,29.77142857142857,7.1,9.642857142857142,9.5,10.5,5.1,5.07
2023-07-01,7.697580663642194,2.4054939573881855,34.05,36.5,34.4,255.22500000000002,33.4,2.0623516686936796,-0.9999629591162655,29.699999999999996,7.25,9.799999999999999,8.3,11.5,3.2,3.77
2023-07-02,3.069303852691635,1.334479935952885,33.95,32.5,33.2,0.0,32.4,2.0656902451029695,-0.9999629591162655,29.807142857142853,4.4,9.442857142857145,0.0,7.0,2.3,4.24
2023-07-03,9.52315874527804,1.286913343956492,33.85,33.2,33.0,23.28,33.8,2.0174604196515027,-0.9996666485105112,29.77142857142857,4.5,8.714285714285714,0.8,8.200000000000003,7.4,4.26
2023-07-04,23.52472912579263,1.568315275052842,32.85,33.0,32.6,161.46,32.4,1.9190663940358939,-0.99907411510223,29.678571428571427,5.4,7.3,5.4,6.199999999999999,15.0,5.66
2023-07-05,15.825687376541296,1.5668997402516136,32.9,32.8,32.4,97.35,32.0,1.8743813560578022,-0.9981855344718586,29.735714285714284,5.4,6.471428571428572,3.3,6.599999999999998,10.1,5.38
2023-07-06,10.775281690365114,1.5616350275891469,32.85,32.2,32.4,19.46,32.2,1.8009951500664148,-0.9970011699250151,29.714285714285715,5.3000000000000025,5.342857142857143,0.7,8.800000000000004,6.9,5.44
2023-07-07,11.397761827516696,1.8091685440502694,34.2,34.2,34.0,324.35999999999996,32.6,1.7109778259056732,-0.9955213724144752,29.400000000000002,6.0,4.000000000000001,10.2,4.800000000000004,6.3,5.94
2023-07-08,11.418479643667206,1.9687033868391737,34.95,34.0,34.0,280.25,34.2,1.6475579748916336,-0.9937465804361781,29.692857142857147,6.349999999999998,4.1000000000000005,9.5,9.0,5.8,5.01
2023-07-09,6.327755691193236,1.977423653497886,34.65,34.0,33.8,279.3,34.0,1.5851593219560605,-0.99167731989929,29.514285714285716,6.350000000000001,4.271428571428571,9.5,9.2,3.2,4.86
2023-07-10,2.579205680178981,1.612003550111863,33.75,33.6,33.0,0.0,32.8,1.677008424462489,-0.9893142039703664,29.571428571428573,5.199999999999999,5.628571428571429,0.0,9.100000000000001,1.6,3.09
2023-07-11,2.508966844175507,1.0908551496415249,34.025000000000006,34.5,33.4,97.41,32.6,1.723449882484685,-0.9866579328916572,29.564285714285713,4.350000000000001,5.514285714285715,3.4,11.7,2.3,3.91
2023-07-12,6.908269930693672,2.228474171191507,34.65,35.5,34.4,283.2,33.6,1.6552412931402112,-0.9837092937736098,29.38571428571429,7.025,5.228571428571429,9.6,12.0,3.1,3.67
2023-07-13,8.19545087108467,1.862602470701061,35.650000000000006,36.0,36.0,341.55,33.6,1.7497519261316243,-0.9804691603616321,29.38571428571429,5.75,6.128571428571429,11.5,12.600000000000001,4.4,4.81
2023-07-14,9.45570457619305,2.199001064230942,35.7,35.5,35.4,348.1,34.0,1.7927472751476121,-0.9769384927771817,29.657142857142855,7.0,7.671428571428572,11.8,12.0,4.3,5.74
2023-07-15,5.9239604480089145,2.369584179203566,36.099999999999994,37.0,35.8,344.09999999999997,34.0,1.8484376351734224,-0.973118337233262,29.32857142857143,7.300000000000001,7.9,11.1,12.0,2.5,5.28
2023-07-16,8.125998834240807,2.257221898400224,36.25,36.6,36.0,332.995,34.6,1.905706319796907,-0.9690098257244063,29.542857142857144,5.0,8.12857142857143,10.9,12.100000000000001,3.6,5.21
2023-07-17,9.087435729404655,1.4897435621974846,36.05,35.0,35.8,327.0,34.2,1.9456774976400983,-0.9646141756912435,29.70714285714286,6.049999999999999,8.32857142857143,10.9,10.0,6.1,4.29
2023-07-18,15.837739660021557,1.365322384484617,35.6075,34.0,35.4,282.15,34.4,1.9282117850809013,-0.9599326896597445,29.842857142857145,6.5,9.885714285714286,9.5,8.600000000000001,11.6,5.61
2023-07-19,21.492776226076025,1.9538887478250933,35.45,34.0,35.2,312.0,34.4,1.967421390058486,-0.9549667548552553,29.99285714285714,7.199999999999999,10.757142857142856,10.4,8.0,11.0,5.39
2023-07-20,18.179816857672616,2.065888279280979,35.875,34.4,35.4,306.8,34.2,1.9281949010061414,-0.9497178427914317,30.064285714285713,7.949999999999999,10.871428571428572,10.4,9.799999999999997,8.8,4.72
2023-07-21,18.56045755213791,1.874793692135142,35.9,35.2,35.4,339.36,34.4,1.9572357308032722,-0.9441875088341994,30.035714285714285,7.999999999999998,10.714285714285714,11.2,9.800000000000004,9.9,4.96
2023-07-22,16.80503047742642,1.82663374754635,35.65,34.6,35.2,329.40000000000003,34.0,1.9109203919324436,-0.9383773917408642,30.150000000000002,7.350000000000001,10.62857142857143,10.8,8.200000000000003,9.2,4.67
2023-07-23,17.64002471157092,1.8000025215888693,35.650000000000006,35.0,35.2,245.43,34.6,1.8333560445528414,-0.9322892131745134,30.07857142857143,6.449999999999999,10.585714285714287,8.1,9.399999999999999,9.8,4.64
2023-07-24,12.483491295419123,1.504035095833629,34.224999999999994,33.0,33.6,23.92,33.4,1.7680389907226477,-0.9259247771938499,30.04285714285714,5.049999999999999,10.185714285714285,0.8,6.199999999999999,8.3,4.58
2023-07-25,13.066018710731422,1.5934169159428564,34.675,33.6,34.0,152.48999999999998,33.6,1.770080638384954,-0.9192859697186105,30.02857142857143,5.4,8.742857142857144,5.1,7.400000000000002,8.2,5.26
2023-07-26,12.34386977675986,2.0573116294599765,34.5,34.1,34.0,202.17000000000002,33.4,1.802665571450417,-0.9123747579707274,30.057142857142857,6.75,8.114285714285716,6.9,9.600000000000001,6.0,4.96
2023-07-27,10.855651972047248,2.4123671048993884,35.85,35.6,35.6,333.0,33.8,1.817440268826829,-0.9051931898913975,29.957142857142856,7.200000000000001,7.614285714285715,11.1,11.200000000000003,4.5,5.78
2023-07-28,9.918214101069598,2.419076610016975,36.55,36.4,36.0,367.21999999999997,34.4,1.866937243915173,-0.8977433935342336,30.02857142857143,7.4,7.714285714285714,12.2,12.599999999999998,4.1,5.66
2023-07-29,10.042112444527191,2.510528111131798,36.599999999999994,36.8,36.4,361.76,34.4,1.9446919464697205,-0.8900275764346766,30.0,7.75,7.857142857142857,11.9,12.799999999999997,4.0,5.72
2023-07-30,9.317777780399746,2.588271605666596,36.65,37.1,36.2,336.33,34.6,2.042391141267642,-0.8820480249558535,29.985714285714284,8.0,8.014285714285714,11.1,13.600000000000001,3.6,4.07
2023-07-31,11.227957280320073,2.3889270809191645,36.2,35.4,35.6,255.85000000000002,34.6,2.1550010104216026,-0.8738071036110807,29.985714285714288,7.6,8.442857142857143,8.5,10.599999999999998,4.7,5.42
2023-08-01,21.241029088301737,2.308807509598015,36.150000000000006,36.0,35.6,285.2,34.4,2.281414151148108,-0.8653072543632061,30.014285714285712,7.25,9.542857142857144,9.2,10.0,9.2,4.16
2023-08-02,6.690901581945584,2.3896077078377087,110.95,35.5,35.6,351.05,34.2,2.383612807384559,-0.8565509959010037,30.17142857142857,7.75,10.12857142857143,11.9,12.0,2.8,4.62
2023-08-03,12.03364763919657,2.67414391982146,36.55,37.0,36.0,343.14000000000004,34.4,2.4310836757242353,-0.8475409228928312,30.2,8.1,10.842857142857142,11.4,13.8,4.5,4.72
2023-08-04,11.575706884417917,2.6308424737313447,36.8,37.0,36.0,329.40000000000003,35.0,2.468480363570245,-0.8382797052177745,30.214285714285715,8.0,10.885714285714286,10.8,13.0,4.4,4.08
2023-08-05,6.472914477612796,2.232039475038895,37.5,37.5,37.0,306.25,35.4,2.498732629815155,-0.828770087174504,30.27142857142857,6.75,10.685714285714285,9.8,12.5,2.9,4.22
2023-08-06,3.311986939277858,1.8399927440432542,37.45,37.8,37.0,233.24999999999997,35.8,2.4589485389447403,-0.8190148866680802,30.392857142857142,5.699999999999999,10.385714285714286,7.5,13.399999999999999,1.8,4.36
2023-08-07,7.31820347739544,2.3607107991598193,37.650000000000006,37.6,37.2,332.64000000000004,35.6,2.3520515587128346,-0.8090169943749472,30.50714285714286,7.200000000000003,9.871428571428572,10.8,13.600000000000001,3.1,4.42
2023-08-08,6.107444507845692,2.262016484387293,37.449999999999996,36.5,36.8,303.0,35.6,2.3480206613186425,-0.7987793728863648,30.607142857142858,6.950000000000001,10.200000000000001,10.1,13.0,2.7,5.73
2023-08-09,5.541052803898272,2.216421121559309,37.050000000000004,36.5,36.4,261.01,35.2,2.341336229145682,-0.7883050558305253,30.464285714285715,6.75,10.328571428571431,8.6,12.3,2.5,5.09
2023-08-10,4.211466834129464,2.3397037967385907,35.9925,36.8,35.8,328.48999999999995,34.4,2.316595288248768,-0.7775971469736268,30.58571428571429,7.050000000000001,9.857142857142858,10.7,12.199999999999996,1.8,4.88
2023-08-11,1.4876870507819293,0.7829931846220681,35.349999999999994,35.6,35.4,192.4,34.6,2.268818127808358,-0.7666588193001592,30.67142857142857,2.700000000000001,9.757142857142856,6.5,12.0,1.9,4.56
2023-08-12,8.288178216532296,2.2400481666303502,36.05,36.2,35.8,350.32000000000005,34.0,2.0048396579356043,-0.7554933140726804,30.54285714285714,6.749999999999998,9.142857142857142,11.6,12.000000000000004,3.7,4.78
2023-08-13,6.080930252060928,2.3388193277157416,36.5,37.0,36.4,250.09999999999997,34.2,2.0059837567343837,-0.7441039398713608,30.392857142857146,7.1,9.400000000000002,8.2,13.0,2.6,5.06
2023-08-14,6.438035318868067,2.299298328167167,36.65,36.6,36.4,306.51,34.2,2.0772446972590246,-0.7324940716135792,30.307142857142857,7.149999999999999,9.5,10.2,13.100000000000001,2.8,5.8
2023-08-15,5.429496665931972,2.360650724318249,37.05,36.1,36.8,291.385,35.0,2.0684714871172174,-0.7206671495538615,30.2,7.85,9.414285714285715,10.1,14.5,2.3,5.23
2023-08-16,5.30638920000265,2.526852000001262,37.4,37.0,36.8,330.71999999999997,35.0,2.0825620928216395,-0.70862667826446,30.035714285714285,7.85,9.414285714285715,10.6,11.600000000000001,2.1,5.51
2023-08-17,12.134860741698573,2.476502192183382,37.0,36.0,36.8,316.44000000000005,34.6,2.12690936117049,-0.6963762255968726,30.157142857142855,7.800000000000001,9.700000000000001,10.8,13.399999999999999,4.9,5.74
2023-08-18,13.81350008233801,2.192619060688573,37.15,36.0,36.4,294.91999999999996,35.2,2.1464519890911746,-0.6839194216246105,29.957142857142856,6.850000000000001,9.714285714285714,10.1,13.600000000000001,6.3,5.4
2023-08-19,13.933388932847418,2.322231488807903,37.2,36.0,36.4,321.3,35.0,2.347827114243532,-0.6712599575675315,29.900000000000002,7.299999999999999,10.228571428571428,10.8,12.5,6.0,4.42
2023-08-20,10.412580906894256,2.4215304434637805,36.75,36.5,36.4,333.2,34.0,2.359567588840325,-0.6584015846980489,29.835714285714285,7.6,10.114285714285714,11.2,13.5,4.3,5.23
2023-08-21,5.9615870042105445,2.591994349656759,37.75,38.0,37.0,339.2,35.4,2.3713834625186165,-0.64534811322955,29.728571428571428,7.75,10.542857142857144,10.6,12.0,2.3,6.0
2023-08-22,9.53454453182307,1.9458254146577691,37.35,38.0,37.2,309.375,36.0,2.4131971798742726,-0.6321034111873488,30.00714285714286,6.25,10.6,9.9,13.5,4.9,5.67
2023-08-23,4.399737774530259,2.1998688872651293,36.574999999999996,36.6,36.4,306.0,34.8,2.3539364213513467,-0.6186714032625032,30.349999999999998,6.800000000000001,10.571428571428571,10.2,13.200000000000003,2.0,5.53
2023-08-24,4.111899250555556,2.164157500292398,35.05,36.4,34.8,298.96,33.6,2.3072245481033278,-0.6050560696488494,30.178571428571427,6.550000000000001,10.514285714285716,10.1,13.599999999999998,1.9,4.86
2023-08-25,5.073763816501539,2.6704020086850204,35.675,36.8,35.0,332.45,33.6,2.2626038778331874,-0.5912614448635782,30.221428571428568,8.2,10.414285714285715,10.9,12.599999999999998,1.9,4.95
2023-08-26,6.086391675924396,2.4345566703697585,36.0,37.2,35.6,324.48,33.8,2.3308585846898224,-0.5772916165517278,30.407142857142855,7.1,10.528571428571428,10.4,12.000000000000004,2.5,4.51
2023-08-27,4.386014679119319,2.308428778483852,36.25,37.0,35.8,292.8,34.4,2.3469050391986594,-0.5631507242749187,30.614285714285717,7.0,10.471428571428572,9.6,13.0,1.9,5.04
2023-08-28,4.711469372195167,1.963112238414653,35.85,37.0,35.6,284.35,34.6,2.330747658487241,-0.5488429582847199,30.72142857142857,6.300000000000001,10.242857142857144,9.4,13.5,2.4,4.7
2023-08-29,10.997291235093353,2.4993843716121256,35.2,35.8,34.6,313.03999999999996,34.0,2.240907356881226,-0.5343725582809785,30.47142857142857,7.75,10.071428571428571,10.4,11.399999999999999,4.4,4.56
2023-08-30,4.687285658599987,2.4669924518947304,35.15,36.0,34.6,159.53,34.0,2.3199872078747057,-0.5197438121555157,30.307142857142857,7.699999999999999,10.142857142857142,5.3,11.8,1.9,4.34
2023-08-31,1.5050520867783241,0.7921326772517496,35.275,37.0,35.0,250.28999999999996,33.8,2.3581477171075056,-0.5049610547215202,30.321428571428573,2.75,9.442857142857145,8.1,12.2,1.9,2.98
2023-09-01,1.0779955553441052,0.6737472220900658,32.725,34.6,32.0,181.78,33.0,2.1621441709588414,-0.4900286664290594,30.50714285714286,2.25,9.157142857142857,6.1,9.600000000000001,1.6,4.61
2023-09-02,8.214646914146249,1.7857928074230978,33.474999999999994,33.5,33.2,301.08,32.6,1.8769077728738477,-0.4749510720670502,30.407142857142855,5.799999999999999,8.471428571428572,10.4,9.100000000000001,4.6,3.07
2023-09-03,2227.4509961406065,428.35596079627044,33.95,33.6,33.6,121.17000000000002,32.6,1.784227221024325,-0.4597327394521046,30.085714285714285,105.8,8.471428571428572,4.2,9.5,5.2,3.66
2023-09-04,7.2420784084530405,1.3927073862409693,32.525,33.5,32.0,110.815,31.8,62.64816036642241,-0.4443781781046134,29.849999999999998,4.85,7.700000000000001,3.7,7.100000000000001,5.2,3.02
2023-09-05,10.575219705706344,1.823313742363163,32.8,34.0,34.0,80.5,31.4,62.56667395896902,-0.4288919379124841,29.807142857142853,6.0,6.885714285714286,2.8,10.5,5.8,2.44
2023-09-06,3.4393983160578694,1.04224191395693,31.799999999999997,32.0,31.4,11.36,31.6,62.47009244050489,-0.41327860778290443,29.61428571428571,3.5,5.8,0.4,7.199999999999999,3.3,3.5
2023-09-07,3.33638567141512,1.076253442391974,31.999999999999996,32.4,31.8,67.91999999999999,31.4,62.26655664937091,-0.3975428142825566,29.37142857142857,3.6500000000000004,5.1000000000000005,2.4,8.2,3.1,3.5
2023-09-08,9.471539999199791,2.0590304346086503,33.75,35.7,34.0,246.54000000000002,32.2,62.307145330105236,-0.3816892202666586,29.0,6.75,4.2857142857142865,8.4,12.700000000000003,4.6,3.92
2023-09-09,12.148765555193302,2.4793399092231225,33.95,36.8,34.2,312.09,32.6,62.505042931893605,-0.3657225234972692,28.935714285714287,7.799999999999999,4.614285714285715,10.3,12.999999999999996,4.9,4.5
2023-09-10,7.579058372738191,1.4035293282848502,33.5,35.0,33.6,257.84000000000003,32.0,62.604121089293606,-0.34964745525122826,29.128571428571426,4.5,4.6000000000000005,8.8,11.399999999999999,5.4,4.71
2023-09-11,9.051393599895619,1.5341345084568843,33.099999999999994,34.0,33.0,203.415,32.4,1.6109165938670942,-0.33346877891818705,29.192857142857143,5.15,5.257142857142858,7.1,10.7,5.9,4.19
2023-09-12,9.764505427604567,2.2192057790010375,33.25,36.4,34.0,287.12,30.6,1.6311204684693676,-0.31719128858910595,29.00714285714286,7.0,5.742857142857143,9.7,13.599999999999998,4.4,4.15
2023-09-13,13.13976525459778,2.526877933576496,34.3,36.0,33.8,294.03000000000003,33.0,1.68767647370335,-0.300819807635668,29.12857142857143,7.9,6.7285714285714295,9.9,12.600000000000001,5.2,4.74
2023-09-14,7.712159674654823,1.977476839655083,33.15,35.6,33.0,191.1,32.8,1.8997673336490024,-0.2843591872810036,29.314285714285713,7.9,8.085714285714287,6.5,12.400000000000002,3.9,4.79
2023-09-15,6.87405203902669,2.455018585366675,34.5,36.2,34.0,286.56,32.8,2.028513533258018,-0.26781430516217486,29.471428571428568,7.800000000000001,8.671428571428573,9.6,12.700000000000003,2.8,4.22
2023-09-16,4.699237375177348,2.2377320834177845,34.45,33.5,34.0,273.885,33.2,2.085083269080593,-0.25119006388481957,29.54285714285714,6.5,8.842857142857143,9.3,8.100000000000001,2.1,4.88
2023-09-17,3.1770053019367093,1.2219251161295035,33.55,35.0,33.4,65.45,32.8,2.050567865394116,-0.23449138957041052,29.421428571428574,4.25,8.700000000000001,2.2,10.5,2.6,4.42
2023-09-18,1.064254254851968,0.5912523638066489,32.8,33.8,32.4,107.67,32.6,2.0246244065147807,-0.21772323039653224,29.485714285714288,3.0,7.757142857142858,3.7,9.399999999999999,1.8,2.28
2023-09-19,6.923219145985759,1.4129018665277058,33.05,35.5,33.0,192.0,32.6,1.8899269572790327,-0.20089055513063528,29.55,4.750000000000002,7.271428571428571,6.4,11.0,4.9,3.06
2023-09-20,2.0151966592204,1.060629820642316,32.925,0.6,33.0,39.040000000000006,32.4,1.7747406840685567,-0.18399835165767986,29.607142857142858,3.5999999999999996,6.800000000000002,3.2,-23.2,1.9,2.92
2023-09-21,1.7753586989332002,0.9343993152280001,32.5,35.6,31.8,226.48,31.8,1.5652766679351022,-0.1670516255021195,27.107142857142858,3.25,5.842857142857143,7.6,11.600000000000001,1.9,1.44
2023-09-22,2.0714552098986845,1.5934270845374496,32.5,34.0,32.4,212.38,31.4,1.4162655930169474,-0.15005539834465262,27.164285714285715,5.050000000000001,6.000000000000001,7.4,10.600000000000001,1.3,2.38
2023-09-23,1.7144391473579321,1.4286992894649435,32.55,35.0,32.4,204.48,31.8,1.293181092898487,-0.13301470653419636,27.0,4.75,5.685714285714286,7.1,12.399999999999999,1.2,2.42
2023-09-24,6.175674844924293,2.058558281641431,32.65,35.1,32.4,278.35,31.8,1.1776049794766525,-0.11593459959550066,26.907142857142855,6.450000000000001,5.371428571428572,9.5,11.600000000000001,3.0,3.44
2023-09-25,10.955066677689123,2.330865250572154,32.45,35.6,32.0,269.36,31.8,1.2971240031212137,-0.09882013873287211,26.842857142857145,7.300000000000001,6.4142857142857155,9.1,12.0,4.7,4.64
2023-09-26,9.241785790336415,2.2004251881753367,33.0,35.1,32.8,254.13,32.0,1.5456401298020002,-0.08167639533042288,26.914285714285715,7.0,7.185714285714286,8.6,11.100000000000001,4.2,4.36
2023-09-27,10.665042768524263,2.091184856573385,34.1,35.7,34.2,267.445,32.4,1.6581434614659472,-0.06450844944931625,26.849999999999998,6.700000000000001,7.500000000000001,8.9,11.300000000000004,5.1,4.28
2023-09-28,9.604087327814035,1.8120919486441576,33.6,34.0,33.6,214.61999999999998,32.6,1.8053656094561,-0.04732138832243232,29.400000000000002,6.049999999999999,8.314285714285715,7.3,9.2,5.3,4.26
2023-09-29,6.8861380880131415,1.8121416021087215,34.150000000000006,35.6,34.2,225.72,32.8,1.930750271372694,-0.03012030484690836,29.342857142857145,6.1,8.271428571428572,7.6,11.8,3.8,3.79
2023-09-30,1.3629685196192185,0.8518553247620115,32.599999999999994,34.8,32.8,172.57500000000002,32.6,1.9619952024543041,-0.012910296075008843,29.485714285714288,2.9000000000000004,8.3,5.9,11.099999999999998,1.6,2.05
2023-10-01,1.9698378194191843,0.8953808270087201,30.900000000000002,33.0,32.2,155.52,30.0,1.8795889217824568,0.004303538296243821,29.55,3.25,8.12857142857143,5.4,8.399999999999999,2.2,2.62
2023-10-02,2.027681169901026,1.2673007311881412,32.65,34.0,32.2,195.975,32.2,1.713420713977784,0.021516097436222233,29.478571428571428,4.199999999999999,7.542857142857144,6.7,9.5,1.6,2.76
2023-10-03,3.602772021168383,1.6376236459856284,33.75,34.5,35.2,209.45,32.0,1.5614829254943532,0.03872228089217399,29.428571428571427,5.5,7.200000000000001,7.1,10.0,2.2,3.02
2023-10-04,2.07739299500703,1.4838521392907356,33.300000000000004,34.1,33.2,218.625,32.2,1.481082705181538,0.05591699010060302,29.42142857142857,4.799999999999999,6.985714285714287,7.5,9.900000000000002,1.4,3.66
2023-10-05,2.7407732660687425,1.1916405504646708,32.3,34.0,32.2,177.20499999999998,31.8,1.3943208884268739,0.07309512989807776,29.292857142857144,4.0,6.785714285714286,6.1,9.899999999999999,2.3,3.42
2023-10-06,1.9603109504792773,1.089061639155154,31.299999999999997,35.5,29.8,185.925,31.8,1.3056849744012329,0.0902516100310407,29.24285714285714,4.35,6.614285714285715,6.7,15.5,1.8,2.1
2023-10-07,0.7105190297543703,0.4179523704437473,31.9,33.8,32.0,158.95,31.4,1.2023878368364371,0.10738134666416306,28.964285714285715,1.5,6.485714285714287,5.5,9.799999999999997,1.7,2.08
2023-10-08,2.5735392056244937,1.2867696028122468,32.800000000000004,34.6,33.2,232.44,31.6,1.1404017005052567,0.12447926388678869,28.914285714285715,4.200000000000001,6.42857142857143,7.8,9.600000000000001,2.0,3.32
2023-10-09,2.9640318260609586,1.2887094895917213,32.724999999999994,33.5,32.3,181.44000000000003,32.0,1.1963143827629035,0.141540295217043,29.057142857142857,4.149999999999999,6.771428571428572,6.4,10.3,2.3,3.63
2023-10-10,1.7094596098432921,0.8140283856396628,32.6,34.4,32.6,210.24,31.0,1.1993727768205578,0.15855938510313475,28.928571428571427,2.6999999999999993,6.728571428571429,7.2,10.399999999999999,2.1,2.2
2023-10-11,1.3587510188542382,0.8492193867838989,32.2,33.6,32.2,177.01000000000002,31.6,1.0817163110568484,0.17553149042142777,28.885714285714283,2.8499999999999996,6.742857142857143,6.2,10.100000000000001,1.6,1.98
2023-10-12,1.7490547163164647,0.9716970646202582,32.4,33.0,32.4,175.07,31.4,0.9910544892701575,0.19245158197082995,28.8,3.1999999999999993,6.557142857142858,6.1,8.600000000000001,1.8,2.12
2023-10-13,1.88788376850192,0.8989922707152,31.700000000000003,31.6,31.2,66.0,31.0,0.9596339912923842,0.20931464596304888,28.75,2.950000000000001,6.557142857142858,2.4,8.200000000000003,2.1,1.12
2023-10-16,3.3710673903489248,1.6052701858804403,31.95,34.0,32.0,307.125,30.6,0.9712743886320155,0.25951179706979943,28.15833333333333,5.199999999999999,5.400000000000001,10.5,9.5,2.1,1.82
2023-10-17,1.6397183644149527,0.780818268769025,31.95,33.6,32.0,227.76000000000002,31.0,1.0240345046801353,0.27609697309746883,28.308333333333334,2.75,6.083333333333335,7.8,8.8,2.1,2.34
2023-10-18,2.0441186320666174,1.2024227247450692,30.85,31.4,29.8,101.75,30.4,1.0184994852016958,0.2926003356333479,28.308333333333337,4.049999999999999,6.183333333333334,3.7,7.799999999999997,1.7,2.54
2023-10-19,1.147453189920073,0.8196094213714809,31.65,32.0,31.4,73.06,30.8,1.077366708195224,0.30901699437494723,28.133333333333336,2.75,5.766666666666667,2.6,7.800000000000001,1.4,1.62
2023-10-20,0.43910171692812566,0.36591809744010473,30.8,32.4,30.6,121.88000000000001,30.6,1.0520187676537611,0.3253420847119795,28.033333333333335,1.290000000000001,5.183333333333334,4.4,9.399999999999999,1.2,0.48
2023-10-23,1.9544900812171453,1.1497000477747914,31.4,33.5,31.0,165.29999999999998,30.2,0.9810228231329116,0.3737197147904692,28.375,4.5,6.183333333333334,5.8,10.0,1.7,1.64
2023-10-24,1.2285082206966873,1.1168256551788065,31.5,33.0,31.2,227.54999999999998,30.4,0.9050944667819701,0.38963044953078774,28.25,3.5,5.3999999999999995,8.2,10.5,1.1,2.69
2023-10-25,1.227620114729296,1.5345251434116198,31.299999999999997,33.4,31.0,234.06,30.4,0.961095697850267,0.4054257283599973,28.00833333333333,5.0,5.466666666666668,8.3,10.399999999999999,0.8,2.49
2023-10-26,1.6577445114267437,1.3814537595222864,31.25,33.2,31.0,265.08000000000004,30.4,1.0164461009613588,0.42110087079608916,28.125,4.649999999999999,6.233333333333334,9.4,10.000000000000004,1.2,2.46
2023-10-27,1.2655780748621712,0.9735215960478241,31.299999999999997,33.0,31.2,212.79999999999998,30.4,1.110086823986493,0.4366512319560638,28.141666666666666,3.299999999999999,7.366666666666667,7.6,10.0,1.3,2.37
2023-10-30,1.2924024911017942,0.8077515569386213,30.3,31.6,30.0,214.82999999999998,29.6,1.2342521326623739,0.48250774176121763,28.233333333333334,2.75,7.966666666666669,7.7,7.400000000000002,1.6,2.48
2023-10-31,1.6685094035687458,1.1917924311205328,31.0,32.5,30.6,210.9,30.2,1.177260717523012,0.4975132889071803,28.133333333333336,3.9499999999999993,8.283333333333333,7.4,8.0,1.4,1.62
2023-11-01,0.44663777697509777,0.5582972212188722,30.3,32.0,29.8,146.64000000000001,30.0,1.1897551801799666,0.5123714121284235,28.258333333333336,0.5500000000000007,8.15,5.2,7.600000000000001,0.8,1.28
2023-11-02,0.6377869464209928,0.708652162689992,30.7,32.7,30.4,158.125,30.0,1.0270505264811751,0.5270777086423724,28.25833333333333,2.4000000000000004,7.633333333333334,5.5,7.900000000000002,0.9,1.14
2023-11-03,1.2654030123278008,0.9038592945198578,30.4,33.0,30.0,192.1,30.0,0.9149169270091262,0.5416278206559811,28.349999999999998,3.0000000000000018,6.983333333333334,6.8,9.5,1.4,2.06
2023-11-04,1.1807894269585615,0.9839911891321346,30.549999999999997,33.5,30.2,173.85,30.0,0.9033065434211317,0.5560174366570446,28.391666666666666,3.3499999999999996,6.8500000000000005,6.1,10.0,1.2,2.32
2023-11-05,1.476542517003951,0.9228390731274694,31.35,31.5,31.0,223.96499999999997,30.4,0.9148329213798464,0.5702422926917867,28.407142857142855,3.0500000000000007,6.742857142857143,8.1,7.699999999999999,1.6,2.65
2023-11-06,0.791338251502985,0.608721731925373,30.6,31.7,30.6,144.3,30.2,0.8681689898210686,0.5842981736283683,28.25,0.6999999999999993,6.685714285714286,5.2,7.899999999999999,1.3,0.16
2023-11-07,0.5416342901069349,0.3868816357906678,31.0,32.0,30.8,143.31,30.6,0.8397361576763188,0.5981809144059158,28.228571428571428,1.3000000000000007,6.328571428571429,5.1,7.800000000000001,1.4,1.93
2023-11-08,0.5122735697617221,0.6403419622021527,31.200000000000003,33.1,31.4,158.125,30.4,0.7247489012006237,0.6118864012687242,28.17142857142857,2.1500000000000004,6.0,5.5,8.700000000000003,0.8,0.86
2023-11-09,0.9503078179682336,0.5001620094569651,30.85,32.5,30.0,154.275,30.6,0.7364695784839496,0.6254105729852457,28.25,1.6500000000000004,6.042857142857143,5.5,8.899999999999999,1.9,1.36
2023-11-10,0.7537491346978656,1.0767844781398082,31.6,32.8,31.6,296.40000000000003,30.8,0.7066852708792315,0.6387494220515268,28.150000000000002,3.5,6.042857142857143,10.4,8.599999999999998,0.7,2.18
2023-11-11,1.685366977061151,1.4044724808842926,31.15,32.8,30.4,177.81499999999997,30.6,0.7313888685392244,0.6518989958787125,28.185714285714287,4.5,6.557142857142858,6.1,7.299999999999997,1.2,2.04
2023-11-12,0.9960892392454123,0.5533829106918957,30.4,31.5,30.0,66.6,30.2,0.7914576245038185,0.6648553979642866,28.278571428571432,1.9000000000000004,6.557142857142857,2.4,7.5,1.8,0.94
2023-11-13,0.8676578473871523,0.5422861546169702,30.1,29.6,29.6,59.18,29.8,0.7386781727273078,0.6776147890466887,28.292857142857144,1.8999999999999986,5.742857142857142,2.2,5.400000000000002,1.6,1.12
2023-11-14,0.2923520626158212,0.4176458037368874,30.45,32.4,30.6,105.265,30.0,0.7291873759689645,0.690173388242972,28.17142857142857,1.5,5.314285714285715,3.7,7.899999999999999,0.7,1.17
2023-11-15,1.4731762514935296,0.8184312508297387,30.85,32.4,30.8,159.04,30.2,0.7335822571041388,0.7025274741691566,28.22142857142857,2.6999999999999993,5.114285714285715,5.6,8.0,1.8,2.84
2023-11-16,1.1490725442103904,1.0446114038276275,30.900000000000002,32.0,30.8,118.65,30.2,0.7590235840509368,0.7146733860429608,28.17142857142857,3.4499999999999993,5.128571428571429,4.2,7.5,1.1,1.76
2023-11-17,1.5536122693669245,0.9710076683543278,31.65,33.4,31.4,218.25,30.6,0.8368020689610314,0.7266075247685652,28.199999999999996,3.25,4.942857142857143,7.5,8.599999999999998,1.6,2.22
2023-11-22,0.5358776955330604,0.4871615413936913,30.25,32.7,29.8,120.12,30.0,0.743029327446996,0.7829801036770624,28.4,-0.5,4.6400000000000015,4.2,8.200000000000003,1.1,1.25
2023-11-23,0.8032179395847328,1.3386965659745547,30.75,33.0,30.0,139.65,30.0,0.6767753855597867,0.7935716089521472,28.439999999999998,4.5,4.360000000000001,4.9,9.0,0.6,1.76
2023-11-24,0.9436382496115373,1.3480546423021962,30.85,33.1,30.6,251.24000000000004,29.8,0.735592417989172,0.8039279618328208,28.49,2.3000000000000007,4.500000000000002,8.8,9.100000000000001,0.7,1.36
2023-11-25,1.468645086564432,1.22387090547036,31.200000000000003,32.6,31.2,261.28,30.2,0.8110018127787455,0.8140460935082175,28.380000000000003,4.049999999999999,4.760000000000001,9.2,8.400000000000002,1.2,1.4
2023-11-26,0.9198411030860104,0.7665342525716754,30.75,32.0,30.6,299.25,30.0,0.879813328227348,0.8239230057575536,28.383333333333336,2.6999999999999993,5.500000000000001,10.5,7.0,1.2,0.92
2023-11-27,0.463397543947972,0.42127049449815634,30.150000000000002,30.0,29.6,62.099999999999994,30.2,0.968342684297513,0.8335557718385695,28.508333333333336,-98.5,6.733333333333334,2.3,6.0,1.1,0.16
2023-11-28,0.6632827592872728,0.7369808436525253,30.550000000000004,31.0,30.6,163.72500000000002,29.8,0.8901895143261764,0.8429415373547832,28.292857142857144,2.5500000000000007,6.1000000000000005,5.9,6.5,0.9,0.38
2023-11-29,0.7330337647676737,0.5235955462626241,29.6,28.8,29.0,0.0,29.2,0.9032241779804513,0.8520775211013093,28.185714285714287,1.75,6.542857142857144,0.0,4.800000000000001,1.4,0.02
2023-11-30,0.8952532217642869,0.42631105798299374,29.9,30.0,29.6,76.16,29.4,0.9084290358188704,0.8609610158889945,27.87142857142857,1.5,5.942857142857143,2.8,5.600000000000001,2.1,0.74
2023-12-01,1.1217146842504955,0.3115874122918043,30.0,29.5,29.8,16.169999999999998,29.6,0.778088248962933,0.8695893893466109,27.685714285714287,1.5,5.642857142857144,0.6,5.100000000000001,3.6,1.82
2023-12-02,1.745588843171557,0.41561639123132305,29.55,30.5,29.4,30.415,29.0,0.6300215018185914,0.8779600847008883,27.457142857142856,1.450000000000001,4.4714285714285715,1.1,5.699999999999999,4.2,0.94
2023-12-03,2.3715615069129847,0.8177798299699948,30.1,32.2,30.0,160.16,29.6,0.5145565712130146,0.8860706215341378,27.349999999999998,2.7500000000000018,3.3142857142857145,5.6,7.200000000000003,2.9,1.42
2023-12-04,0.7223756738942498,1.031965248420357,31.25,33.0,31.4,158.125,30.0,0.521877367984203,0.893918596519257,27.36428571428571,3.450000000000001,2.6142857142857148,5.5,8.5,0.7,1.16
2023-12-05,0.4440429929224993,0.5550537411531241,30.45,33.5,30.6,163.875,30.0,0.6091194756873746,0.9015016841318838,27.61428571428571,1.9000000000000004,3.071428571428572,5.7,9.5,0.8,1.64
2023-12-06,1.184624830374355,1.0769316639766862,31.7,33.6,32.0,246.96,30.6,0.5831298896160316,0.9088176373395028,27.757142857142856,3.5,3.0428571428571436,8.4,8.400000000000002,1.1,2.78
2023-12-07,1.0922187031750505,0.7281458021167004,31.65,33.0,31.8,169.92000000000002,30.8,0.6621779064323262,0.9158642882672868,28.185714285714283,2.4000000000000004,4.242857142857143,5.9,8.399999999999999,1.5,1.74
2023-12-08,0.6735898900303167,0.5613249083585973,31.199999999999996,33.0,31.4,165.59,30.6,0.7052971555942843,0.9226395488404875,28.414285714285715,1.9000000000000004,4.685714285714286,5.8,8.899999999999999,1.2,2.14
2023-12-09,0.30098605430533526,0.37623256788166903,30.400000000000002,31.2,30.0,32.76,29.8,0.7409739407466833,0.9291414114031743,28.642857142857142,1.25,5.428571428571429,1.2,7.800000000000001,0.8,1.6
2023-12-10,0.2625894009640408,0.29176600107115647,28.424999999999997,29.6,24.0,16.23,29.8,0.7353476802681612,0.935367949313148,28.592857142857145,0.9499999999999993,5.442857142857143,0.6,5.100000000000001,0.9,1.48
2023-12-11,0.9700885909581776,0.42177764824268593,29.950000000000003,30.8,29.6,131.04,29.8,0.6602028475683273,0.941317317512847,28.371428571428574,1.4499999999999993,4.7285714285714295,4.8,7.0,2.3,1.08
2023-12-12,0.254599894184283,0.3182498677303538,28.700000000000003,29.2,28.0,0.0,28.6,0.5730331904000885,0.9469877530760751,28.164285714285715,1.200000000000001,4.628571428571429,0.0,5.800000000000001,0.8,0.86
2023-12-13,1.8974736479195913,0.7906140199664964,29.25,31.0,28.8,115.5,28.8,0.539204065625407,0.9523775757303973,27.814285714285717,2.75,3.8142857142857145,4.2,7.0,2.4,1.76
2023-12-14,0.30858373771690245,0.30858373771690245,28.9,28.5,28.4,10.5,28.8,0.4983015450525228,0.9574851883550389,27.542857142857144,1.1000000000000014,3.2142857142857153,0.4,4.5,1.0,1.01
2023-12-17,0.1690274279407877,0.3380548558815754,29.0,30.8,29.0,79.46,28.2,0.4118570529110053,0.9711000518829505,26.691666666666666,1.1500000000000004,1.6666666666666672,2.9,6.800000000000001,0.5,1.42
2023-12-18,1.6771402947544118,0.4932765572807094,29.65,31.0,29.6,99.72,29.0,0.4195718620460751,0.9750645322571945,26.75,1.700000000000001,2.0500000000000007,3.6,6.600000000000001,3.4,1.82
2023-12-19,0.7486819250368721,0.4404011323746307,29.7,31.0,29.8,103.55,29.0,0.4314883468857456,0.9787400799669153,26.816666666666666,1.5000000000000018,1.8500000000000005,3.8,7.5,1.7,1.76
2023-12-20,0.6528432346701057,0.725381371855673,29.3,31.4,29.0,109.2,28.8,0.4518468909931251,0.9821256058680006,26.974999999999998,2.3499999999999996,2.483333333333334,3.9,6.799999999999997,0.9,1.74
2023-12-21,1.0359265788021825,0.9417514352747114,30.35,32.5,30.0,245.1,29.6,0.4409747829746545,0.9852201067560606,27.058333333333334,3.1500000000000004,2.4333333333333336,8.6,8.0,1.1,1.56
2023-12-22,0.7678675138878045,0.9598343923597555,30.25,31.4,30.0,151.20000000000002,29.6,0.5465027325676227,0.9880226656636976,27.433333333333334,3.25,3.8000000000000007,5.4,6.799999999999997,0.8,1.3
2023-12-23,0.9640268594499273,0.9640268594499273,30.0,32.0,29.6,268.375,29.4,0.6055501125379275,0.9905324521322227,27.514285714285712,3.25,4.028571428571429,9.5,7.5,1.0,1.68
2023-12-24,1.355245723622146,0.7529142909011922,30.35,32.2,30.2,213.56,29.6,0.6946752292109976,0.9927487224577402,27.87142857142857,2.5,5.385714285714286,7.6,8.200000000000003,1.8,1.85
2023-12-25,1.1585909012945537,0.724119313309096,30.35,32.5,30.0,252.52499999999998,29.6,0.7539408627852285,0.9946708199115211,27.97142857142857,2.5,6.057142857142858,9.1,9.5,1.6,1.57
2023-12-26,3.2865235906015258,0.9390067401718645,29.700000000000003,30.7,29.2,251.62,29.2,0.7869183993607124,0.9962981749346077,27.978571428571428,3.1499999999999986,6.842857142857143,9.2,6.699999999999999,3.5,1.36
2023-12-31,2.522198081199104,0.7643024488482133,29.049999999999997,30.6,28.0,237.945,28.4,0.743008045398297,1.0,27.22,2.6500000000000004,6.0600000000000005,8.7,6.5,3.3,1.24
2024-01-01,0.356130907155547,0.1978505039753039,28.2,27.8,27.8,0.0,28.2,0.7452856769877012,0.9998518392091162,27.07,0.6500000000000004,6.28,0.0,3.6000000000000014,1.8,1.35
2024-01-02,0.41496622307248127,0.37724202097498294,28.35,28.2,28.0,0.0,27.8,0.6400319151209427,0.9994074007397048,26.72,1.3000000000000007,4.460000000000001,0.0,5.699999999999999,1.1,1.28
2024-01-03,1.2890543412062998,0.8056589632539373,29.200000000000003,30.8,29.0,225.96,28.0,0.5276789712815664,0.998666816288476,26.320000000000004,2.6999999999999993,2.6200000000000006,8.4,7.800000000000001,1.6,1.22
2024-01-04,0.9719236937078806,0.8835669942798914,29.25,31.0,28.8,180.9,28.0,0.5740089699436283,0.9976303053065857,26.416666666666668,3.0,3.583333333333334,6.7,8.0,1.1,1.96
2024-01-05,0.8397183148240724,0.9330203498045249,29.45,32.0,29.6,289.43,29.0,0.6182315448488086,0.9962981749346078,26.5,3.1999999999999993,4.028571428571429,10.3,7.800000000000001,0.9,1.52
2024-01-06,0.6141777779578068,0.7677222224472585,30.05,32.5,30.0,155.375,29.4,0.61851166373601,0.9946708199115211,26.75,2.5500000000000007,5.5,5.5,8.5,0.8,1.11
2024-01-07,0.36401703664409224,0.36401703664409224,29.400000000000002,30.6,29.0,46.41,29.0,0.6756233576548732,0.9927487224577402,26.99285714285714,1.25,5.657142857142858,1.7,6.600000000000001,1.0,0.28
2024-01-12,1.9972305408044522,0.9510621622878344,29.349999999999998,31.0,29.0,241.19000000000003,28.4,0.5849183784072352,0.9787400799669153,26.95,3.3499999999999996,4.520000000000001,8.9,7.800000000000001,2.1,1.56
2024-01-13,1.1232520382592381,1.0211382165993073,30.6,31.0,33.8,262.35,28.4,0.5885267409038971,0.9750645322571948,26.75,3.5,4.24,9.9,9.0,1.1,2.33
2024-01-14,3.2656656573549125,1.1260916059844526,29.325000000000003,31.0,29.0,210.0,28.4,0.6392099397343068,0.9711000518829505,26.4,3.9000000000000004,5.12,8.4,12.0,2.9,2.03
2024-01-15,1.653806198014468,1.1025374653429787,28.85,30.0,28.4,250.47000000000003,28.0,0.791624853602379,0.9668478136052775,25.939999999999998,4.0,6.460000000000001,9.9,9.399999999999999,1.5,2.11
2024-01-16,1.4561754665629207,0.9707836443752805,28.85,30.2,28.6,242.99,27.8,0.8434436222258123,0.9623090774541486,25.833333333333332,3.5999999999999996,7.033333333333334,9.4,8.7,1.5,2.04
2024-01-17,1.2867165373725493,0.9190832409803924,29.15,31.0,28.6,225.49999999999997,28.2,0.8616350539614507,0.9574851883550393,25.835714285714285,3.200000000000001,7.371428571428573,8.2,7.0,1.4,2.64
2024-01-20,0.8064703750270173,0.6720586458558478,29.25,32.5,29.0,96.05,28.6,0.9153076108752215,0.9413173175128471,26.10833333333333,2.6000000000000014,7.633333333333334,3.4,8.5,1.2,1.28
2024-01-21,1.7442529763902024,1.026031162582472,30.150000000000002,32.0,30.0,260.38,29.2,0.8571276824179782,0.9353679493131483,26.399999999999995,3.5,6.550000000000001,9.4,8.600000000000001,1.7,1.88
2024-01-22,2.215105909570512,1.1658452155634276,30.35,31.6,30.0,273.36,29.6,0.8404509418509815,0.9291414114031743,26.849999999999998,3.950000000000001,6.716666666666668,10.2,9.600000000000001,1.9,2.28
2024-01-23,1.4727931428120142,0.7751542856905338,30.0,31.0,29.6,263.61,29.2,0.8510022335543898,0.9226395488404876,27.099999999999998,2.6500000000000004,6.766666666666668,10.1,9.8,1.9,2.34
2024-01-24,1.8290437582000327,1.5242031318333606,30.2,31.5,29.8,267.8,29.0,0.818397340440265,0.9158642882672872,27.14166666666667,5.299999999999999,6.883333333333334,10.3,11.0,1.2,3.34
2024-01-25,1.3182099086201808,1.098508257183484,30.400000000000002,31.8,30.0,258.39000000000004,29.2,0.9192506555824265,0.9088176373395029,26.89166666666667,3.75,7.233333333333334,9.9,11.400000000000002,1.2,3.06
2024-01-26,2.186633523619668,0.911097301508195,30.5,31.2,30.0,263.61,29.4,0.9448588843825776,0.901501684131884,26.778571428571432,3.25,7.614285714285716,10.1,10.2,2.4,3.28
2024-01-27,2.5650895613029454,0.9865729081934405,30.5,32.0,30.0,270.62999999999994,29.4,1.02469971431676,0.893918596519257,26.72142857142857,3.4000000000000004,9.057142857142859,9.7,8.2,2.6,3.62
2024-01-28,2.4548608108634102,0.981944324345364,29.75,30.0,28.4,70.85000000000001,29.2,1.0696303232221305,0.886070621534138,26.671428571428574,3.4000000000000004,9.957142857142857,2.6,5.5,2.5,3.28
2024-01-29,1.5245523514715271,0.6628488484658814,29.25,29.5,28.8,34.905,29.0,1.0633322034739723,0.8779600847008882,26.607142857142858,2.3000000000000007,8.985714285714286,1.3,5.300000000000001,2.3,1.71
2024-01-30,0.6019015368879271,0.5015846140732726,29.55,29.0,29.0,0.0,29.0,0.9914755796028942,0.869589389346611,26.614285714285717,1.75,7.714285714285714,0.0,5.0,1.2,1.62
2024-01-31,0.8128828021633316,0.3870870486492055,31.15,32.6,31.0,136.32,30.0,0.9523941979432855,0.8609610158889943,26.67142857142857,1.3499999999999996,6.271428571428572,4.8,8.400000000000002,2.1,2.21
2024-02-01,0.4727908311987058,0.4727908311987058,30.1,31.8,29.8,140.25,29.2,0.7899490432026919,0.8520775211013093,27.014285714285712,1.6999999999999993,5.485714285714286,5.1,8.600000000000001,1.0,1.78
2024-02-02,1.700703972403982,1.1338026482693213,799.0,32.8,3102.0,282.03,30.0,0.7005608394905807,0.8429415373547828,27.214285714285715,3.8000000000000007,4.8,10.2,10.299999999999997,1.5,2.64
2024-02-03,2.212671678497242,1.3015715755866129,31.650000000000002,32.8,31.4,295.04999999999995,30.0,0.7323758890278844,0.8335557718385699,27.435714285714287,4.300000000000001,4.814285714285715,10.5,9.399999999999999,1.7,3.6
2024-02-04,2.761100578699492,0.986107349535533,30.950000000000003,31.6,30.6,208.23999999999998,29.8,0.7773756986554805,0.8239230057575542,27.464285714285715,3.3000000000000007,4.928571428571429,7.6,8.400000000000002,2.8,2.74
2024-02-05,2.8344386157630503,0.9773926261251897,31.200000000000003,32.0,31.2,256.15000000000003,30.2,0.7779704165397903,0.8140460935082178,27.485714285714284,3.3499999999999996,5.642857142857143,9.4,9.5,2.9,1.72
2024-02-06,2.944702794506603,1.1778811178026412,31.35,31.4,31.2,266.64,30.0,0.8229052419196916,0.8039279618328213,27.542857142857144,4.100000000000001,6.800000000000002,10.1,10.0,2.5,2.62
2024-02-07,1.2075845996946073,0.6037922998473036,31.000000000000004,32.0,30.6,251.51999999999998,30.0,0.9195190281667441,0.7935716089521474,27.52857142857143,3.5,8.242857142857144,9.6,11.600000000000001,2.0,3.32
2024-02-08,1.7885085946282908,0.993615885904606,32.5,31.8,30.6,274.495,29.8,0.9504769211950439,0.7829801036770629,27.214285714285715,3.549999999999999,8.928571428571429,10.3,10.3,1.8,3.64
2024-02-09,2.638549070050385,1.1471952478479934,31.45,30.6,31.2,276.12,30.0,1.024880500438744,0.7721565844991642,27.092857142857138,3.8999999999999986,9.671428571428573,10.4,8.100000000000001,2.3,3.56
2024-02-10,2.952959587807985,1.0546284242171375,31.4,31.6,31.0,277.68000000000006,30.2,1.0267937289499829,0.7611042586607747,26.935714285714283,3.5,9.700000000000001,10.4,9.8,2.8,3.47
2024-02-11,3.10739270760908,1.0715147267617517,31.275,31.5,30.6,251.10000000000002,30.2,0.9915161358972007,0.7498264012045686,26.735714285714284,3.75,9.685714285714287,9.3,9.0,2.9,4.61
2024-02-12,2.8714602349747427,0.9262774951531428,31.4,32.4,31.2,276.36,30.2,1.0037171897866606,0.7383263540031065,26.678571428571427,3.1999999999999993,9.928571428571429,9.8,8.399999999999999,3.1,3.22
2024-02-13,3.954246738374156,1.198256587386108,31.25,32.0,31.0,207.0,30.2,0.9964150282192252,0.7266075247685656,26.814285714285717,3.9499999999999993,9.985714285714286,7.5,8.8,3.3,2.38
2024-02-14,1.315122006933095,0.39852182028275607,30.650000000000002,31.4,30.4,183.6,30.0,0.9993258095882919,0.7146733860429609,26.985714285714288,2.6999999999999993,9.614285714285716,6.8,8.799999999999997,3.3,2.08
2024-02-15,2.216620852695422,0.6926940164673194,30.3,30.6,30.0,208.285,29.8,0.9700014553647851,0.7025274741691571,27.099999999999998,2.3999999999999986,9.214285714285717,7.7,7.100000000000001,3.2,2.58
2024-02-16,1.2242698140782031,0.6121349070391016,29.549999999999997,30.0,29.0,8.1,29.6,0.9270126168737441,0.6901733882429719,27.157142857142862,2.1000000000000014,8.842857142857143,0.3,6.0,2.0,3.66
2024-02-17,2.546127555617679,0.9430102057843255,30.8,31.8,30.6,240.55499999999998,29.6,0.8505754253296167,0.6776147890466889,27.22142857142857,3.1999999999999993,7.4,8.7,8.3,2.7,3.86
2024-02-18,2.311498759168299,1.2841659773157217,31.95,32.2,32.0,281.19000000000005,30.4,0.8346299655535007,0.6648553979642865,27.357142857142858,4.299999999999999,7.157142857142858,10.3,9.800000000000004,1.8,4.54
2024-02-19,2.0658560344188013,0.8981982758342615,32.2,32.8,32.0,279.265,30.6,0.8650087156326393,0.6518989958787126,27.400000000000002,3.0,7.300000000000002,10.1,10.299999999999997,2.3,3.78
2024-02-20,1.7518695576616767,1.2513353983297693,32.6,32.8,32.4,284.795,31.0,0.8609973985870847,0.6387494220515272,27.321428571428573,4.049999999999999,7.342857142857143,10.3,10.299999999999997,1.4,3.28
2024-02-21,1.8995460502667596,1.3568186073333999,32.95,33.1,32.8,292.425,31.2,0.8685800858647507,0.6254105729852463,27.32857142857143,4.25,7.742857142857145,10.5,10.5,1.4,4.04
2024-02-22,1.623874796803208,1.3532289973360065,33.55,33.2,33.6,280.17,31.8,1.0054796268719854,0.6118864012687243,27.45,3.6999999999999993,8.271428571428572,9.9,9.800000000000004,1.2,4.76
2024-02-23,2.353259743484001,1.3073665241577783,33.65,33.6,33.6,284.58,32.0,1.0998417669960836,0.5981809144059165,27.628571428571426,4.300000000000001,8.585714285714285,10.2,11.400000000000002,1.8,3.24
2024-02-24,2.4839963958997786,1.3073665241577783,33.65,33.0,33.6,287.04,32.0,1.199160569441609,0.5842981736283684,27.757142857142856,4.300000000000001,10.0,10.4,10.8,1.9,3.44
2024-02-25,3.5839534263214143,1.3784436255082362,33.75,33.5,33.6,287.1,32.0,1.2512114720663878,0.5702422926917871,27.75,4.1,10.242857142857144,9.9,9.0,2.6,3.64
2024-02-26,3.8545433351781186,0.940132520775151,32.400000000000006,31.8,32.2,271.115,31.4,1.2646797075224614,0.5560174366570446,27.99285714285714,3.0999999999999996,10.185714285714287,9.7,7.699999999999999,4.1,2.16
2024-02-27,3.9483290581454984,0.8973475132148859,32.0,31.0,31.8,266.4,31.0,1.2706703139425886,0.5416278206559814,28.035714285714285,3.1000000000000014,10.12857142857143,9.6,6.5,4.4,2.54
2024-02-28,5.057140251018937,1.2642850627547342,32.4,31.6,32.2,275.73,31.2,1.2201006160690337,0.5270777086423722,28.05,4.25,10.028571428571428,10.1,8.600000000000001,4.0,3.44
2024-02-29,3.1826072662088754,1.1366454522174556,32.15,32.4,32.0,264.14000000000004,31.2,1.2068815382720817,0.5123714121284237,27.97142857142857,3.9000000000000004,9.971428571428573,9.4,8.599999999999998,2.8,2.16
2024-03-01,3.560329955654974,1.0788878653499923,32.525,32.6,32.4,265.05,31.4,1.1759410318265744,0.49751328890718066,27.942857142857143,3.5999999999999996,9.9,9.5,9.400000000000002,3.3,2.68
2024-03-02,1.7248934238291327,1.078058389893208,32.65,33.0,32.4,197.28,31.6,1.143301223425462,0.48250774176121847,27.942857142857147,3.5500000000000007,9.8,7.2,11.2,1.6,1.78
2024-03-03,1.7751816561638696,0.8453245981732712,32.25,32.5,32.0,254.125,31.0,1.1105429185305231,0.4673592171580022,27.91428571428571,2.75,9.342857142857143,9.5,11.5,2.1,2.36
2024-03-04,2.282815224192281,1.342832484818989,33.25,33.4,33.4,283.55999999999995,31.4,1.0343830574826711,0.45207220393230435,27.592857142857138,4.25,9.285714285714286,10.2,11.2,1.7,3.24
2024-03-05,2.8603815278003166,1.243644142521877,33.1,32.8,33.4,292.95,31.4,1.091911623774648,0.43665123195606403,27.571428571428573,4.1,9.357142857142858,10.5,9.799999999999997,2.3,3.3
2024-03-06,2.1088863857048468,1.109940203002551,32.75,33.0,32.4,173.6,31.6,1.141382570818504,0.4211008707960896,27.592857142857145,3.5500000000000007,9.485714285714286,6.2,10.0,1.9,3.06
2024-03-07,1.1362736477046012,1.0329760433678192,32.4,32.5,32.4,87.2,31.4,1.1193333051396206,0.40542572835999735,27.692857142857143,3.5,8.928571428571429,3.2,10.5,1.1,3.16
2024-03-08,3.372951710306046,1.7752377422663401,33.5,35.2,34.4,295.05,32.0,1.1045233895896724,0.38963044953078796,27.571428571428573,5.5,8.042857142857143,10.5,14.200000000000003,1.9,3.84
2024-03-09,3.334911310096903,1.8527285056093905,34.0,35.2,34.6,270.75,32.2,1.204001943434865,0.37371971479046906,27.599999999999998,5.75,8.185714285714287,9.5,13.400000000000002,1.8,4.02
2024-03-10,4.1973559729435275,1.9078890786106941,34.45,34.8,34.8,277.41999999999996,32.6,1.3146691028228912,0.35769823883312546,27.75714285714286,6.25,8.514285714285716,9.7,12.399999999999999,2.2,4.74
2024-03-11,4.1247446712530795,1.5864402581742614,34.400000000000006,33.8,34.6,286.84,32.6,1.4664640285996657,0.3415707691678556,28.021428571428572,5.25,8.542857142857143,10.1,10.799999999999997,2.6,4.88
2024-03-12,4.050552003116095,1.7611095665722152,34.95,34.5,35.6,300.825,33.0,1.5012651390789904,0.3253420847119801,28.107142857142858,5.549999999999999,8.528571428571428,10.5,11.7,2.3,3.62
2024-03-13,3.9188682764321854,2.062562250753782,34.050000000000004,34.0,34.6,277.2,32.2,1.5751887710861818,0.30901699437494745,28.214285714285715,6.5,8.528571428571428,9.9,12.0,1.9,2.68
2024-03-14,4.537636951658321,2.062562250753782,32.7,35.0,35.8,284.20000000000005,33.0,1.7112776350506433,0.29260033563334836,28.214285714285715,6.5,9.057142857142857,9.8,12.0,2.2,3.12
2024-03-15,4.058180157561978,1.449350056272135,35.55,35.8,36.0,11.96,33.6,1.8583613789629234,0.27609697309746883,28.464285714285715,4.5,10.0,0.4,11.799999999999997,2.8,4.17
2024-03-16,4.0426850720164635,1.497290767413505,35.9,35.5,36.4,299.77500000000003,33.8,1.8118059952494658,0.2595117970697999,28.721428571428568,4.65,8.557142857142859,10.5,13.899999999999999,2.7,4.64
2024-03-17,5.512265529617571,2.0415798257842854,36.05,34.5,36.8,297.995,33.6,1.7610291755071965,0.2428497220959356,28.728571428571428,6.699999999999999,8.700000000000001,10.7,13.3,2.7,4.08
2024-03-18,4.124029010349988,1.649611604139995,35.599999999999994,34.0,35.8,294.0,33.8,1.7801278536748524,0.22611568550828828,28.62142857142857,5.5,8.842857142857143,10.5,12.0,2.5,3.76
2024-03-19,4.0157690469610605,1.6063076187844243,35.599999999999994,34.0,36.2,263.625,33.4,1.7891523316699571,0.20931464596304847,28.564285714285713,5.15,8.900000000000002,9.5,12.5,2.5,3.54
2024-03-20,4.141271784715968,1.6565087138863872,35.9,35.0,36.4,312.375,33.8,1.7670377677002727,0.19245158197082998,28.435714285714287,5.250000000000002,8.757142857142858,10.5,10.5,2.5,3.7
2024-03-23,2.8120717888418207,1.041508069941415,32.6,33.5,33.0,289.1,31.0,1.5105442629727641,0.141540295217043,28.308333333333337,3.3499999999999996,8.966666666666667,9.8,8.0,2.7,2.16
2024-03-24,1.297662179148934,0.6179343710233018,32.0,33.0,32.2,152.64,31.2,1.4345804800607491,0.12447926388678915,28.46666666666667,2.0,8.85,5.3,8.399999999999999,2.1,2.76
2024-03-25,3.0056826814316864,1.2022730725726745,33.35,33.8,35.6,296.94,31.4,1.1973062376005854,0.10738134666416309,28.625,3.799999999999999,7.95,10.1,8.799999999999997,2.5,3.56
2024-03-26,2.605636386425003,0.9305844237232155,33.6,34.0,34.0,289.06,32.0,1.1227498156726985,0.09025161003104117,28.858333333333334,3.1500000000000004,7.883333333333334,9.7,8.399999999999999,2.8,4.88
2024-03-27,2.97669671046528,1.2942159610718609,33.75,34.0,34.0,254.47499999999997,32.4,1.010129283162497,0.07309512989807777,29.2,4.0,7.916666666666667,8.7,9.5,2.3,3.66
2024-03-28,3.136309729169705,1.3636129257259588,34.150000000000006,34.5,34.4,310.05,32.4,0.9497471576934094,0.055916990100603484,29.116666666666664,4.25,7.616666666666667,10.6,10.5,2.3,3.36
2024-03-29,2.9215175049512325,1.537640792079596,34.3,34.5,34.6,296.40000000000003,32.6,1.0088708388409164,0.03872228089217446,29.135714285714283,4.700000000000001,8.042857142857143,10.4,12.0,1.9,3.76
2024-03-30,2.9063596163864016,1.3210725529029097,33.525,34.5,33.4,301.27500000000003,32.4,1.1411099451625746,0.021516097436222254,29.214285714285715,4.199999999999999,9.228571428571428,10.3,10.5,2.2,3.48
2024-03-31,2.9146047216658744,1.3248203280299429,33.95,35.1,34.0,312.90000000000003,32.6,1.1810477284427883,0.004303538296244289,29.178571428571427,4.300000000000001,9.3,10.5,10.600000000000001,2.2,3.93
2024-04-01,3.464702349063206,1.6498582614586694,34.35,35.2,34.4,304.01,33.0,1.2820314365865941,-0.01291029607500882,29.321428571428573,5.35,10.042857142857143,10.1,10.200000000000003,2.1,4.58
2024-04-02,4.378680410518079,1.7514721642072315,34.45,35.3,34.6,313.56,33.0,1.3459721778560219,-0.030120304846908114,29.42142857142857,5.5,10.042857142857144,10.4,10.299999999999997,2.5,4.16
2024-04-03,2.690932747471289,1.4162803934059416,34.35,35.4,34.6,265.76,33.2,1.463241855068024,-0.04732138832243185,29.471428571428568,4.4,10.142857142857142,8.8,10.399999999999999,1.9,3.46
2024-04-04,2.8929729602367242,1.314987709198511,34.5,35.0,34.2,302.94,33.4,1.4806796311157502,-0.06450844944931623,29.607142857142858,3.950000000000001,10.157142857142857,10.2,10.600000000000001,2.2,4.18
2024-04-05,3.383971961035563,1.6114152195407443,34.75,36.0,34.6,299.475,33.6,1.4737331716118287,-0.08167639533042241,29.671428571428574,4.899999999999999,10.1,9.9,11.5,2.1,3.52
2024-04-06,3.5138359437711078,1.673255211319575,35.099999999999994,35.6,35.0,306.03,33.6,1.48427237553485,-0.09882013873287143,29.92142857142857,5.050000000000001,10.028571428571428,10.1,10.600000000000001,2.1,4.24
2024-04-07,4.026403819620782,2.013201909810391,35.3,36.6,35.4,309.87,33.6,1.534584183880088,-0.11593459959550041,30.071428571428573,6.000000000000002,10.0,9.9,10.600000000000001,2.0,4.06
2024-04-08,2.630927277836822,1.6443295486480136,34.75,35.0,34.4,196.68,33.6,1.6329244098487234,-0.1330147065341959,30.285714285714285,4.950000000000001,9.914285714285715,6.6,10.399999999999999,1.6,3.86
2024-04-09,3.5094907618689453,1.462287817445394,34.3,34.0,34.4,281.29999999999995,33.0,1.6321345937329155,-0.1500553983446526,30.242857142857144,4.800000000000001,9.414285714285715,9.7,10.0,2.4,3.47
2024-04-10,3.3087520402405097,1.272596938554042,34.35,34.5,34.0,306.0,33.2,1.59082254419551,-0.16705162550211924,30.07857142857143,4.15,9.314285714285715,10.2,9.0,2.6,4.05
2024-04-11,1.1282776553984175,0.7521851035989451,31.1,33.8,30.2,110.77,31.8,1.5702963363595244,-0.18399835165768005,30.050000000000004,2.5,9.514285714285716,3.8,9.299999999999997,1.5,1.98
2024-04-12,1.437413714905495,0.8983835718159343,31.450000000000003,31.8,31.0,66.96,30.8,1.4898959641310152,-0.20089055513063506,29.97142857142857,2.75,8.6,2.4,7.800000000000001,1.6,2.92
2024-04-13,2.1296841055784004,1.1831578364324447,32.0,33.5,32.6,161.425,30.6,1.3880343001703281,-0.21772323039653177,29.635714285714283,3.75,7.528571428571429,5.5,8.3,1.8,3.02
2024-04-14,2.7157618631391944,1.1807660274518237,32.9,34.0,33.0,294.98,31.6,1.3180203894721665,-0.23449138957040985,29.5,3.6500000000000004,6.871428571428572,9.8,7.800000000000001,2.3,3.36
2024-04-15,1.591466831204664,0.691942100523767,31.7,33.4,31.6,110.19999999999999,31.4,1.1991009777066566,-0.25119006388481935,29.32857142857143,2.25,6.857142857142857,3.8,8.799999999999997,2.3,2.04
2024-04-16,3.5511212127023706,1.5439657446532047,33.65,34.4,33.2,303.85,32.0,1.0630456279746217,-0.2678143051621742,29.214285714285715,4.699999999999999,6.457142857142857,10.3,9.799999999999997,2.3,2.88
2024-04-17,2.9450933476306806,1.6361629709059335,33.25,36.4,33.0,328.59999999999997,32.4,1.074713903290023,-0.2843591872810034,29.285714285714285,4.9,6.542857142857143,10.6,10.799999999999997,1.8,3.54
2024-04-18,3.409919166548315,1.894399536971286,33.15,36.0,33.0,344.4,32.4,1.1266519079117219,-0.30081980763566735,29.428571428571427,5.700000000000001,6.6000000000000005,11.2,10.5,1.8,3.38
2024-04-19,2.8838834753884712,1.6964020443461596,33.7,36.7,33.4,328.125,32.4,1.2898253983934846,-0.3171912885891061,29.657142857142862,5.0,7.657142857142858,10.5,10.900000000000002,1.7,3.66
2024-04-20,3.3370610230909126,1.8539227906060625,34.150000000000006,36.8,33.6,361.09999999999997,33.8,1.4038280373263743,-0.3334687789181868,30.13571428571429,5.5,8.814285714285715,11.5,10.799999999999997,1.8,4.34
2024-04-21,4.100680234168823,2.2781556856493457,34.8,37.5,34.6,333.9,33.4,1.4996516022083195,-0.3496474552512284,30.428571428571427,6.75,9.671428571428573,10.6,12.0,1.8,4.16
2024-04-22,4.095678488387806,2.2753769379932254,35.5,37.5,35.4,355.95000000000005,34.4,1.656421553379394,-0.36572252349726897,30.628571428571426,6.700000000000001,9.785714285714286,11.3,12.0,1.8,4.54
2024-04-23,2.2422645284799407,1.601617520342815,35.400000000000006,36.2,35.6,243.71500000000003,34.2,1.8826265301607454,-0.3816892202666588,30.985714285714284,4.700000000000001,10.857142857142858,7.9,10.700000000000003,1.4,3.88
2024-04-24,2.948289746009344,1.7342880858878496,35.95,36.8,36.0,308.88,34.0,1.890862498116404,-0.39754281428255595,31.178571428571427,5.350000000000001,10.514285714285714,9.9,11.199999999999996,1.7,4.42
2024-04-25,2.5048392701312556,1.6698928467541705,35.45,35.8,35.2,220.45999999999998,34.2,1.904880371685249,-0.4132786077829042,31.207142857142856,4.949999999999999,10.414285714285715,7.3,11.199999999999996,1.5,4.78
2024-04-26,2.9092227140600033,1.6162348411444463,35.75,35.8,35.6,280.395,34.6,1.8728079873685182,-0.4288919379124835,31.128571428571426,4.900000000000002,9.857142857142858,9.3,11.299999999999997,1.8,4.58
2024-04-27,4.335281284392849,1.9705824019967493,36.5,36.8,36.6,290.71999999999997,34.6,1.8613555297682733,-0.4443781781046132,30.971428571428568,5.799999999999999,9.685714285714287,9.2,10.399999999999999,2.2,4.82
2024-04-28,4.3202516974047604,1.9637507715476181,36.975,37.0,37.0,382.32,35.0,1.8780211885383717,-0.45973273945210397,30.999999999999996,5.65,9.357142857142858,11.8,9.2,2.2,5.18
2024-04-29,2.4742707032822198,1.3745948351567887,36.4,35.5,36.0,252.97,35.6,1.8331062008095536,-0.47495107206704995,31.12857142857143,4.25,9.528571428571428,8.2,9.3,1.8,4.26
2024-04-30,4.448645588269769,1.9341937340303343,36.949999999999996,37.0,37.0,330.75,35.6,1.704423043261491,-0.4900286664290592,31.03571428571428,5.649999999999999,9.085714285714287,10.5,11.0,2.3,4.46
2024-05-01,3.986439402479636,1.993219701239818,36.725,37.8,36.0,347.76000000000005,35.8,1.7519339309311366,-0.5049610547215204,31.128571428571426,5.75,9.457142857142857,10.8,11.199999999999996,2.0,4.08
2024-05-02,2.2759383734106313,1.8966153111755262,37.15,32.2,37.2,275.89000000000004,35.8,1.7889241616957037,-0.5197438121555155,31.271428571428572,5.499999999999998,9.585714285714287,9.4,5.700000000000003,1.2,4.18
2024-05-03,3.0586008740623702,2.1847149100445504,37.2,38.0,37.2,293.92999999999995,35.8,1.8213130851844688,-0.5343725582809786,31.15,6.199999999999999,9.885714285714286,9.1,11.399999999999999,1.4,4.16
2024-05-04,3.29284986956101,1.733078878716321,37.55,37.6,37.8,352.07,36.0,1.9025245235987693,-0.548842958284719,31.457142857142856,5.4,9.857142857142858,10.9,10.600000000000001,1.9,4.96
2024-05-05,4.280926425410788,2.140463212705394,37.9,38.6,38.2,332.00999999999993,36.4,1.8685954488444225,-0.5631507242749186,31.557142857142857,5.949999999999999,10.1,10.2,12.100000000000001,2.0,4.94
2024-05-06,3.741776221512595,1.7817982007202833,38.599999999999994,38.8,38.8,335.58,36.8,1.893840083295533,-0.5772916165517272,31.57857142857143,5.199999999999999,9.871428571428572,10.2,11.799999999999997,2.1,5.16
2024-05-07,6.428183751432029,2.4723783659353957,38.55,38.5,39.0,323.235,36.8,1.9520119926617467,-0.5912614448635781,31.87142857142857,7.099999999999998,10.157142857142857,9.9,11.7,2.6,5.69
2024-05-08,4.59731291290966,1.4830041654547292,37.5,35.6,37.6,228.0,36.6,2.028895511505327,-0.6050560696488488,32.035714285714285,4.700000000000001,10.071428571428571,7.5,10.400000000000002,3.1,4.85
2024-05-09,4.746673875312901,2.260320893006143,37.650000000000006,37.5,38.0,312.345,36.0,1.9560075778217427,-0.6186714032625031,31.77857142857143,6.75,9.6,9.9,11.899999999999999,2.1,4.34
2024-05-10,2.48065480513188,1.0785455674486437,37.199999999999996,37.2,36.8,203.45000000000002,35.8,2.0079655180832594,-0.6321034111873487,32.09285714285714,3.299999999999999,9.671428571428573,6.5,11.800000000000004,2.3,3.18
2024-05-11,2.981573163296002,1.104286356776297,36.8,36.0,36.8,227.55,35.6,1.8499413262838442,-0.6453481132295501,31.949999999999996,3.5500000000000007,9.3,7.4,10.5,2.7,3.55
2024-05-12,1.9229075324056524,0.9156702535265011,36.2,35.4,36.2,155.04,35.0,1.760113823149555,-0.6584015846980488,31.728571428571428,3.0,8.8,5.1,10.0,2.1,3.89
2024-05-13,0.8144821181905183,0.5090513238690739,32.650000000000006,34.0,32.0,159.5,33.6,1.5851434004097134,-0.6712599575675313,31.421428571428574,1.700000000000001,8.071428571428571,5.5,10.0,1.6,2.82
2024-05-14,1.6125931096071597,0.8062965548035799,31.85,36.0,32.2,198.25,31.0,1.4033224180023978,-0.6839194216246106,30.864285714285717,2.6500000000000004,7.4,6.5,11.0,2.0,2.21
2024-05-15,2.073169352370404,1.2195113837472966,33.900000000000006,34.5,34.0,210.79500000000002,33.0,1.1653107306978525,-0.6963762255968722,30.557142857142857,3.75,6.9142857142857155,6.9,7.899999999999999,1.7,3.29
2024-05-20,9.326030389270276,1.047868583064076,31.3,35.8,31.6,90.19,30.6,0.8454821362839038,-0.7554933140726803,29.759999999999998,3.3499999999999996,6.040000000000001,2.9,9.399999999999999,8.9,2.14
2024-05-21,16.57780726178206,1.4801613626591124,30.599999999999998,33.5,30.0,115.05,30.4,0.9532455881229043,-0.766658819300159,30.179999999999996,4.75,5.5200000000000005,3.9,8.0,11.2,2.89
2024-05-22,8.58658796696977,1.717317593393954,32.8,34.8,32.8,296.94,31.8,1.0880185496940107,-0.7775971469736269,29.979999999999997,5.5,5.000000000000001,9.8,8.999999999999996,5.0,3.44
2024-05-23,4.696330915798727,0.9584348807752503,31.85,33.8,31.6,105.52499999999999,31.2,1.1875797916233422,-0.7883050558305255,29.929999999999996,3.25,5.580000000000001,3.5,7.299999999999997,4.9,3.08
2024-05-24,4.698569340349269,1.42380889101493,31.750000000000004,32.6,31.4,125.99,31.4,1.1493889731486602,-0.7987793728863649,29.966666666666665,4.550000000000001,5.233333333333334,4.3,6.600000000000001,3.3,2.94
2024-05-25,3.7776795784752606,0.7264768420144732,32.1,33.0,32.0,94.4,31.2,1.2702065324068996,-0.8090169943749473,29.974999999999998,2.5,5.050000000000002,3.2,7.0,5.2,2.21
2024-05-26,8.897559464450824,1.744619502833495,33.95,34.0,34.2,251.60000000000002,32.4,1.1925308623508388,-0.8190148866680801,29.907142857142855,5.5,4.7857142857142865,8.5,8.8,5.1,3.79
2024-05-27,4.070355843049812,1.2334411645605492,34.099999999999994,34.0,34.2,173.42,32.6,1.2998125222507557,-0.8287700871745038,29.92142857142857,1.1500000000000004,5.157142857142858,5.8,8.2,3.3,3.59
2024-05-28,9.694670678697198,1.5388366156662219,35.05,34.0,36.0,270.72499999999997,33.0,1.3263228910359663,-0.8382797052177744,29.75,4.85,5.571428571428572,9.1,8.5,6.3,4.86
2024-05-29,8.358484230570902,1.6074008135713274,36.45,34.8,36.8,327.0,34.4,1.334705070036982,-0.8475409228928311,29.785714285714285,5.050000000000001,6.314285714285715,10.9,9.599999999999998,5.2,4.5
2024-05-30,7.566645304078546,1.7596849544368711,36.0,34.4,36.4,317.09999999999997,34.4,1.3190026729194637,-0.8565509959010036,29.74285714285714,5.35,6.471428571428572,10.5,8.399999999999999,4.3,4.73
2024-05-31,1.8710467640055144,1.2473645093370096,36.949999999999996,36.6,37.8,248.82,35.2,1.4334669691568382,-0.865307254363206,29.75,3.75,7.471428571428572,7.8,9.400000000000002,1.5,4.77
2024-06-01,1.9024774955957013,1.4634442273813086,37.3,36.2,38.0,195.3,35.2,1.4082606289171353,-0.8738071036110808,30.12142857142857,4.4,7.971428571428572,6.2,9.400000000000002,1.3,3.88
2024-06-02,2.1920901961020607,1.2894648212365063,33.349999999999994,34.0,32.6,17.28,31.4,1.5135416839695404,-0.8820480249558537,30.407142857142855,3.9000000000000004,8.4,0.6,10.399999999999999,1.7,4.58
2024-06-03,2.457673880130215,1.0685538609261807,32.9,33.6,32.6,127.065,32.0,1.4485195865985419,-0.8900275764346767,30.292857142857144,3.299999999999999,7.271428571428572,4.3,8.100000000000001,2.3,3.62
2024-06-04,2.8091638604014952,1.3376970763816642,33.85,34.6,33.6,257.55,32.6,1.424964257507918,-0.8977433935342337,30.24285714285714,4.1,7.057142857142858,8.5,8.600000000000001,2.1,4.28
2024-06-05,2.3668606395349627,1.4792878997093517,35.400000000000006,35.4,36.0,190.34,33.6,1.396230037610124,-0.9051931898913974,30.321428571428573,4.4,6.971428571428572,6.2,9.399999999999999,1.6,4.74
2024-06-06,1.7791028723939235,1.2707877659956597,35.6,35.0,36.0,198.25,34.0,1.3779281927726992,-0.9123747579707273,30.42142857142857,3.8499999999999996,6.300000000000002,6.5,9.0,1.4,4.46
2024-06-07,2.6938107145685932,1.4177951129308386,35.95,34.8,36.4,276.64,34.4,1.3080857372810972,-0.9192859697186104,30.464285714285715,4.4,5.7285714285714295,9.1,8.799999999999997,1.9,4.08
2024-06-08,2.385118811222373,1.3250660062346518,35.4,34.0,35.4,211.225,34.4,1.33243296636593,-0.9259247771938498,30.25,4.050000000000001,5.9142857142857155,7.1,8.5,1.8,4.62
2024-06-09,4.169679248380875,1.2263762495237869,35.05,33.0,35.0,195.5,34.4,1.3126646490592646,-0.9322892131745133,30.0,4.0,6.042857142857144,6.8,8.5,3.4,4.22
2024-06-10,7.5385645553300975,1.8386742817878288,35.9,35.0,36.0,318.6,34.6,1.3036519959574477,-0.9383773917408641,29.99285714285714,5.75,6.92857142857143,10.8,11.0,4.1,4.82
2024-06-11,5.742108299503975,1.6888553822070516,35.8,35.2,35.8,332.45,34.4,1.4136691989376828,-0.9441875088341993,29.985714285714288,5.449999999999999,7.8571428571428585,10.9,9.400000000000002,3.4,5.24
2024-06-12,5.417309132829214,1.692909104009129,35.300000000000004,34.0,35.2,153.4,34.4,1.4638346711984525,-0.9497178427914316,30.014285714285712,5.35,8.2,5.2,9.0,3.2,4.36
2024-06-13,3.9908544946869697,1.4780942572914701,34.75,34.0,34.6,159.5,34.0,1.494351986098421,-0.9549667548552551,29.842857142857145,4.699999999999999,8.057142857142859,5.5,10.0,2.7,3.67
2024-06-14,4.708888478623198,1.6237546478011027,34.85,34.2,34.8,239.45500000000004,33.6,1.5239671991406796,-0.9599326896597447,29.62857142857143,5.0,7.9142857142857155,8.3,10.700000000000003,2.9,4.59
2024-06-15,7.142966167142292,1.6611549225912308,34.55,34.2,34.4,236.57,33.6,1.5533899898364314,-0.9646141756912435,29.407142857142855,5.25,7.800000000000002,8.2,10.700000000000003,4.3,4.18
2024-06-16,5.56043889712705,2.1386303450488655,35.05,35.2,35.0,310.8,33.6,1.6014026921730857,-0.9690098257244062,29.27857142857143,6.600000000000001,7.957142857142857,10.5,11.200000000000003,2.6,4.24
2024-06-17,4.610997012163157,2.426840532717451,35.5,36.8,35.4,334.63,34.0,1.7317247058195255,-0.9731183372332619,29.400000000000002,7.35,8.485714285714286,10.9,12.199999999999996,1.9,4.46
2024-06-18,5.85002713115687,1.8871055261796355,35.5,35.0,35.4,346.32,34.0,1.815748455952329,-0.9769384927771817,29.571428571428573,5.850000000000001,8.500000000000002,11.1,7.600000000000001,3.1,5.43
2024-06-19,2.928085497558086,1.3943264274086125,35.05,35.0,34.8,162.24,33.8,1.8440699050912692,-0.980469160361632,29.67142857142857,4.5,8.528571428571428,5.2,7.600000000000001,2.1,3.57
2024-06-20,7.01371267999657,1.7106616292674564,34.85,34.4,34.6,224.2,33.6,1.801415237005481,-0.9837092937736097,29.914285714285715,5.4499999999999975,8.52857142857143,7.6,9.799999999999997,4.1,3.44
2024-06-21,11.476796697056468,1.7389085904631012,34.85,34.0,34.6,332.64,33.8,1.834639147287765,-0.986657932891657,29.985714285714288,5.5,8.82857142857143,11.2,8.600000000000001,6.6,4.82
2024-06-22,14.602614798792406,1.6407432358193714,35.0,34.4,35.0,312.09,33.8,1.851089710525193,-0.9893142039703663,30.107142857142858,5.449999999999999,9.242857142857144,10.1,7.0,8.9,4.94
2024-06-23,5.244199714225049,0.8458386635846853,34.0,33.0,33.6,121.975,33.6,1.8481737552720705,-0.99167731989929,30.4,2.900000000000002,9.514285714285714,4.1,6.5,6.2,5.06
2024-06-24,8.1275209380882,1.2130628265803283,33.050000000000004,32.5,32.0,157.95000000000002,32.6,1.663489229348616,-0.993746580436178,30.42142857142857,4.0,8.6,5.4,6.5,6.7,5.52
2024-06-25,14.980305865785342,1.3026352926769862,33.099999999999994,32.6,32.8,127.28,32.4,1.49009241418617,-0.9955213724144752,30.214285714285715,4.350000000000001,7.814285714285715,4.3,6.0,11.5,5.76
2024-06-26,7.828018597359687,0.9785023246699609,32.55,32.0,32.4,133.39999999999998,32.2,1.4065966665429346,-0.9970011699250151,29.985714285714288,3.450000000000001,6.842857142857143,4.6,6.0,8.0,5.34
2024-06-27,9.110898082478577,1.5184830137464296,33.2,33.0,32.6,162.25,32.0,1.3471932232945556,-0.9981855344718586,29.67142857142857,4.800000000000001,6.757142857142858,5.5,7.0,6.0,5.62
2024-06-28,10.45077792932365,2.132811822310949,34.45,34.0,35.0,333.5,33.0,1.3197391353629804,-0.99907411510223,29.67142857142857,6.75,6.457142857142857,11.5,10.0,4.9,5.82
2024-06-29,4.369025006248046,1.9859204573854754,35.199999999999996,35.0,35.8,348.075,33.4,1.3760110256269587,-0.9996666485105112,29.571428571428573,1.200000000000001,6.5,11.7,10.5,2.2,5.46
2024-06-30,4.969893289005019,2.070788870418758,35.8,36.4,36.4,371.46999999999997,33.8,1.4253220572792593,-0.9999629591162655,29.407142857142855,6.0,6.7285714285714295,12.1,11.399999999999999,2.4,5.84
2024-07-01,5.087727083224349,1.2719317708060873,35.8,34.8,36.6,347.48999999999995,34.6,1.6003149439698412,-0.9999629591162655,29.542857142857144,4.199999999999999,7.871428571428572,11.7,10.199999999999996,4.0,4.78
2024-07-02,3.837734358636263,2.257490799197802,36.3,36.2,36.8,333.18000000000006,34.4,1.6087247931449495,-0.9996666485105112,29.607142857142858,6.4,8.771428571428572,10.8,10.700000000000003,1.7,4.51
2024-07-03,7.538365823864695,1.8386258106987063,36.6,36.0,37.0,365.925,34.8,1.7451327226479232,-0.99907411510223,29.785714285714285,5.649999999999999,9.700000000000001,11.9,10.5,4.1,5.16
2024-07-04,2.2853565328875787,1.0387984240398085,36.0,35.5,37.0,274.81500000000005,33.8,1.868007506366315,-0.9981855344718586,30.035714285714285,3.5,10.742857142857144,9.3,11.899999999999999,2.2,4.86
2024-07-05,6.419716952114512,1.604929238028628,35.849999999999994,34.5,36.0,318.6,34.8,1.7994811364082266,-0.9970011699250151,30.042857142857144,5.0,11.285714285714286,10.8,10.0,4.0,4.94
2024-07-06,6.697334831914346,1.717265341516499,35.599999999999994,35.0,35.8,241.89999999999998,34.4,1.7240693386536095,-0.9955213724144752,30.114285714285717,5.65,11.185714285714287,8.2,11.0,3.9,5.26
2024-07-07,6.1499473330565655,1.9838539784053437,36.199999999999996,36.0,36.4,354.0,34.6,1.6856900363866125,-0.9937465804361781,30.07857142857143,6.0,10.685714285714287,11.8,12.0,3.1,5.85
2024-07-08,11.843267190125957,2.114869141093921,35.849999999999994,34.0,36.0,256.71,34.6,1.673270766098982,-0.99167731989929,29.978571428571428,6.75,10.642857142857142,8.6,8.3,5.6,5.27
2024-07-09,9.81958159495412,2.1346916510769827,36.05,35.0,36.2,330.4,34.8,1.7936903904258155,-0.9893142039703664,30.0,6.799999999999999,10.200000000000001,11.2,11.0,4.6,5.26
2024-07-10,11.851838664519812,1.9429243712327562,36.2,34.8,36.6,329.28,34.6,1.7761476549799842,-0.9866579328916572,29.807142857142857,5.6,10.257142857142856,11.2,10.799999999999997,6.1,5.62
2024-07-11,6.6061279950446625,2.359331426801665,36.55,36.6,37.0,366.52000000000004,34.6,1.7910474493419914,-0.9837092937736098,29.614285714285717,6.75,10.157142857142858,11.9,11.600000000000001,2.8,5.98
2024-07-12,9.783775764526169,1.7788683208229397,36.2,36.4,37.0,337.355,35.0,1.9796950211651136,-0.9804691603616321,29.792857142857144,5.549999999999999,10.528571428571428,10.9,10.899999999999999,5.5,6.22
2024-07-13,10.317090576840329,1.3575119180053066,35.3,33.5,35.2,186.0,34.6,2.004543461564301,-0.9769384927771817,30.0,4.449999999999999,10.542857142857143,6.2,7.0,7.6,5.64
2024-07-14,4.35259804624452,1.741039218497808,35.15,33.0,35.0,247.8,34.2,1.9531501153484165,-0.973118337233262,30.071428571428573,5.75,10.257142857142856,8.4,7.0,2.5,4.82
2024-07-15,18.966500812652793,1.2729195176277042,34.85,34.2,35.0,230.66,34.0,1.9184622925044827,-0.9690098257244063,30.0,4.25,9.771428571428572,7.6,7.700000000000003,14.9,2.16
2024-07-16,15.738600993076131,1.484773678592088,33.9,32.8,33.4,35.76,33.6,1.7981837748664518,-0.9646141756912435,30.071428571428573,5.0,9.62857142857143,1.2,5.9999999999999964,10.6,4.58
2024-07-17,16.207367818835255,1.6046898830529956,33.95,33.4,33.6,93.31,33.0,1.7053383502257524,-0.9599326896597445,30.114285714285717,5.25,8.200000000000001,3.1,6.599999999999998,10.1,5.66
2024-07-18,21.090148067453256,1.539426866237464,33.599999999999994,32.6,33.4,102.17,33.4,1.657019137628644,-0.9549667548552553,30.214285714285715,5.199999999999999,7.042857142857144,3.4,5.100000000000001,13.7,5.58
2024-07-19,24.66491388163427,2.1447751201421106,34.65,33.8,34.8,294.87999999999994,33.4,1.5398899146909009,-0.9497178427914317,30.107142857142858,7.1,5.828571428571429,9.7,6.799999999999997,11.5,5.56
2024-07-20,23.014044396613837,2.171136263831494,34.9,33.8,34.8,337.44,33.6,1.5921623145936397,-0.9441875088341994,30.02857142857143,7.15,5.6571428571428575,11.1,6.799999999999997,10.6,6.44
2024-07-21,5.548264314058277,2.3117767975242822,35.65,35.5,35.8,306.425,33.6,1.7083943639973804,-0.9383773917408642,30.085714285714285,7.200000000000001,6.357142857142857,10.3,11.5,2.4,5.76
2024-07-22,13.585756262297862,2.6638737769211494,36.05,36.0,36.0,358.72,34.2,1.7899283038583056,-0.9322892131745134,30.12142857142857,8.5,6.628571428571429,11.8,11.2,5.1,5.84
2024-07-23,8.942172784277123,2.0795750661109587,36.25,36.0,36.4,357.0,34.4,1.9886360551859406,-0.9259247771938499,30.12857142857143,6.450000000000001,7.228571428571429,11.9,12.0,4.3,4.96
2024-07-24,11.452145268503275,2.082208230636959,36.425,36.4,36.6,325.815,34.5,2.0736076819743507,-0.9192859697186105,30.157142857142855,6.5,8.757142857142858,10.7,11.899999999999999,5.5,4.62
2024-07-25,15.685778506925702,2.0914371342567604,36.45,36.0,36.6,359.59999999999997,34.8,2.1418245887720597,-0.9123747579707274,30.207142857142856,6.149999999999999,9.842857142857143,11.6,10.0,7.5,6.58
2024-07-26,20.08602964052099,2.3630623106495285,35.65,34.6,35.6,252.32000000000002,34.4,2.2206831984891022,-0.9051931898913975,30.342857142857138,7.449999999999999,11.014285714285714,8.3,8.400000000000002,8.5,5.28
2024-07-27,17.33956348401342,2.3431842545964083,36.099999999999994,35.0,36.4,337.90000000000003,34.0,2.2518670828473044,-0.8977433935342336,30.342857142857145,7.35,10.814285714285717,10.9,8.0,7.4,5.64
2024-07-28,19.896956701505534,2.0303017042352582,35.8,34.4,35.8,314.15999999999997,34.4,2.2764453672422924,-0.8900275764346766,30.428571428571427,6.5,10.785714285714286,10.2,7.199999999999999,9.8,6.84
2024-07-29,17.333533158286066,1.7687278732944964,35.400000000000006,35.0,35.2,234.85,34.2,2.2362346396295747,-0.8820480249558535,30.578571428571426,5.799999999999999,10.771428571428572,7.7,9.0,9.8,5.42
2024-07-30,16.413024530662856,1.8865545437543514,35.6,35.0,35.6,180.54000000000002,34.4,2.1083566533971956,-0.8738071036110807,30.592857142857138,6.099999999999998,10.185714285714287,5.9,8.8,8.7,5.24
2024-07-31,13.537845502015323,1.9339779288593317,36.099999999999994,35.2,36.0,319.06,34.4,2.0807822930605377,-0.8653072543632061,30.678571428571427,6.0,9.328571428571427,10.6,10.200000000000003,7.0,5.68
2024-08-01,16.402153657888178,2.21650725106597,36.5,35.2,36.6,327.54,34.8,2.0596065356637334,-0.8565509959010037,30.62857142857143,6.949999999999999,9.314285714285715,10.6,8.600000000000001,7.4,6.82
2024-08-02,11.136687237479105,1.9886941495498403,35.400000000000006,34.8,35.2,221.26,34.2,2.0774736952079063,-0.8475409228928312,30.614285714285717,6.15,9.171428571428573,7.4,9.799999999999997,5.6,5.38
2024-08-03,5.4771082032841605,1.7668090978336002,36.1,37.5,36.2,297.12,34.8,2.0239925293365224,-0.8382797052177745,30.542857142857144,5.550000000000001,9.042857142857144,9.6,13.100000000000001,3.1,2.0
2024-08-04,5.697594999201466,1.9646879307591263,36.8,38.2,37.2,280.735,34.8,1.94165322122755,-0.828770087174504,30.535714285714285,6.0,8.857142857142858,9.1,14.700000000000003,2.9,6.79
2024-08-05,2.3354670671208373,1.0615759396003805,35.85,36.0,35.6,245.17999999999998,34.4,1.9322798250166737,-0.8190148866680802,30.542857142857144,2.3000000000000007,8.700000000000001,8.2,12.2,2.2,5.34
2024-08-06,13.466379407872248,1.320233275281593,33.925,33.4,34.0,102.2,32.8,1.8312581202032285,-0.8090169943749472,30.45714285714286,4.300000000000001,8.771428571428572,3.5,8.399999999999999,10.2,4.22
2024-08-07,6.097324645692364,1.9668789179652786,35.35,36.6,35.6,189.41,34.2,1.7503550818499771,-0.7987793728863648,30.257142857142856,6.100000000000001,8.428571428571429,6.2,12.100000000000001,3.1,5.26
2024-08-08,6.293748251441638,1.966796328575512,35.650000000000006,34.8,36.0,271.92,34.4,1.755055223150827,-0.7883050558305253,30.321428571428573,6.199999999999999,7.8,8.8,7.799999999999997,3.2,5.64
2024-08-09,7.612722789203475,2.057492645730669,33.55,35.0,33.4,328.125,33.0,1.7193822342236185,-0.7775971469736268,30.321428571428573,6.5,7.542857142857143,10.5,7.5,3.7,4.84
2024-08-10,6.263104183417159,1.7894583381191884,32.800000000000004,34.0,32.6,265.34999999999997,32.2,1.72921059082088,-0.7666588193001592,30.514285714285716,5.75,7.985714285714287,8.7,7.0,3.5,4.38
2024-08-11,4.142097175522944,1.72587382313456,33.9,35.0,33.8,225.0,33.0,1.7324461965759639,-0.7554933140726804,30.45,5.25,7.857142857142857,7.2,7.5,2.4,4.76
2024-08-12,2.5567592337832057,1.503976019872474,33.6,35.0,33.6,237.5,32.8,1.69832989548674,-0.7441039398713608,30.50714285714286,4.75,7.585714285714287,7.6,7.5,1.7,4.92
2024-08-13,1.2625181157492584,0.6644832188153992,32.75,34.0,32.8,127.26,32.6,1.761529906954182,-0.7324940716135792,30.7,2.1999999999999993,7.5,4.2,7.399999999999999,1.9,3.64
2024-08-14,1.5305757414214647,0.8503198563452581,33.449999999999996,34.4,33.4,165.78,32.6,1.6678513274590117,-0.7206671495538615,30.857142857142858,2.75,7.6000000000000005,5.4,7.399999999999999,1.8,3.76
2024-08-15,1.3560096374590296,0.7976527279170762,33.25,35.0,33.0,255.77999999999997,32.6,1.5083428900847229,-0.70862667826446,30.87857142857143,2.5999999999999996,7.485714285714286,8.7,11.2,1.7,3.44
2024-08-16,1.8021532426836828,1.3862717251412944,33.449999999999996,35.4,33.4,217.44,32.6,1.3413223757049464,-0.6963762255968726,30.66428571428571,4.1999999999999975,7.471428571428572,7.2,10.399999999999999,1.3,2.24
2024-08-17,2.6793506033138383,1.2758812396732564,32.25,33.0,32.0,161.83999999999997,31.8,1.2454336727636073,-0.6839194216246105,30.514285714285712,4.199999999999999,7.0,5.6,8.2,2.1,2.52
2024-08-18,2.2803626670568167,1.3413898041510688,32.3,34.0,31.8,231.07500000000002,32.0,1.17206551584276,-0.6712599575675315,30.285714285714285,4.25,6.557142857142857,7.9,9.5,1.7,3.78
2024-08-19,0.9891354076385938,0.4710168607802827,31.95,34.8,31.8,216.46,31.8,1.1171392274165468,-0.6584015846980489,30.0,1.6500000000000004,6.6571428571428575,7.9,14.799999999999997,2.1,3.02
2024-08-20,21.394578093744126,0.9301990475540924,32.2,34.3,31.8,241.78499999999997,31.6,0.9695736332605195,-0.64534811322955,29.449999999999996,3.5999999999999996,6.700000000000001,8.1,8.899999999999999,23.0,2.58
2024-08-21,2.725725556665355,1.090290222666142,30.35,30.2,29.8,146.28,30.2,1.0075330373660472,-0.6321034111873488,29.385714285714283,3.75,7.257142857142857,5.3,5.199999999999999,2.5,2.54
2024-08-22,1.4471243476497813,1.2059369563748177,31.450000000000003,34.0,30.8,193.79999999999998,31.2,1.0418145182690304,-0.6186714032625032,28.942857142857143,3.6000000000000014,7.242857142857143,6.8,11.0,1.2,3.16
2024-08-23,1.9852589571822912,1.240786848238932,33.6,34.2,33.8,223.86,32.0,1.1001408366201364,-0.6050560696488494,28.814285714285717,4.0,6.971428571428572,7.8,11.000000000000004,1.6,3.68
2024-08-24,2.8035257193380816,1.3350122473038484,31.9,34.8,32.2,179.39999999999998,31.6,1.0793572827769418,-0.5912614448635782,28.599999999999998,4.25,7.057142857142858,6.5,14.399999999999999,2.1,3.94
2024-08-25,10.047834266212519,1.7942561189665214,32.6,34.2,34.2,314.64000000000004,32.4,1.0878045695813119,-0.5772916165517278,28.414285714285715,5.700000000000001,7.185714285714286,11.4,13.200000000000003,5.6,4.38
2024-08-26,10.725048834403799,2.1887854764089383,34.05,34.5,34.6,342.125,32.4,1.152499757412091,-0.5631507242749187,28.178571428571427,7.050000000000001,7.685714285714286,11.9,11.5,4.9,4.46
2024-08-27,9.470516862207186,2.202445781908648,34.5,35.0,35.0,325.23,32.8,1.3978952739304702,-0.5488429582847199,28.371428571428574,7.050000000000001,8.257142857142858,11.1,11.399999999999999,4.3,4.34
2024-08-28,8.385154456980057,1.9500359202279203,33.7,33.8,34.0,157.575,33.0,1.5796448074096925,-0.5343725582809785,28.292857142857144,6.25,8.685714285714287,5.5,10.299999999999997,4.3,3.92
2024-08-29,10.104187369759243,1.9064504471243855,34.5,35.0,34.6,331.74,33.0,1.7024656213470895,-0.5197438121555157,28.442857142857143,6.25,8.714285714285715,11.4,11.8,5.3,3.04
2024-08-30,5.697369925929306,1.238558679549849,33.0,33.0,33.0,210.9,32.2,1.8025389771684561,-0.5049610547215202,28.52857142857143,4.35,9.371428571428572,7.4,9.0,4.6,3.46
2024-08-31,11.662253497329285,2.2004251881753367,34.25,34.8,34.6,271.66,32.8,1.8022206673557302,-0.4900286664290594,28.5,2.0,9.314285714285715,9.4,11.799999999999997,5.3,5.88
2024-09-01,11.477220980548887,1.821781108023633,34.25,35.0,34.4,321.0,33.0,1.9258510874802284,-0.4749510720670502,28.685714285714287,5.950000000000001,9.72857142857143,10.7,10.0,6.3,5.58
2024-09-02,13.839912981298916,2.1624864033279554,34.5,35.2,34.8,319.68000000000006,33.0,1.9297832287741017,-0.4597327394521046,29.02857142857143,6.65,9.62857142857143,10.8,11.200000000000003,6.4,5.34
2024-09-03,10.551759608176475,1.9540295570697175,33.25,33.0,33.0,149.5,32.6,1.9260262183339611,-0.4443781781046134,29.15,6.399999999999999,9.471428571428572,5.2,8.5,5.4,4.19
2024-09-04,7.456750116263217,1.657055581391826,32.9,33.4,32.6,273.53999999999996,32.4,1.890538186214114,-0.4288919379124841,29.071428571428573,5.65,8.62857142857143,9.7,10.399999999999999,4.5,5.85
2024-09-05,10.343967040264026,2.2986593422808945,34.25,36.0,34.2,298.96,32.8,1.8486838520946718,-0.41327860778290443,29.00714285714286,7.0,9.22857142857143,10.1,12.8,4.5,5.76
2024-09-06,12.129868162574162,1.8952919004022128,33.400000000000006,34.6,33.4,229.495,32.4,1.9047136942598877,-0.3975428142825566,29.07857142857143,6.25,9.042857142857143,7.9,11.100000000000001,6.4,5.16
2024-09-07,15.004380242833216,2.1434828918333166,33.55,35.5,33.0,289.275,32.4,1.998532725810225,-0.3816892202666586,29.157142857142855,6.75,9.114285714285716,9.5,10.100000000000001,7.0,6.08
2024-09-08,14.01006638526705,2.155394828502623,33.75,34.8,33.6,226.47999999999996,32.6,1.9903981120470795,-0.3657225234972692,29.37857142857143,6.899999999999999,9.12857142857143,7.6,9.999999999999996,6.5,6.62
2024-09-09,11.612755354198091,1.9682636193556087,34.25,36.0,34.0,309.0,32.8,2.0380572149726492,-0.34964745525122826,29.349999999999998,6.199999999999999,8.685714285714287,10.3,12.0,5.9,5.64
2024-09-10,14.038501066938721,2.228333502688686,34.35,35.5,34.2,333.0,33.0,2.0103111029766,-0.33346877891818705,29.407142857142855,7.1,8.614285714285716,11.1,11.0,6.3,6.42
2024-09-11,12.948307686397875,2.2324668424823924,34.3,35.1,34.0,284.52500000000003,33.0,2.049497380922167,-0.31719128858910595,29.585714285714285,7.15,9.457142857142857,9.5,10.3,5.8,6.22
2024-09-12,11.419462248543784,2.239110244812507,33.8,36.0,33.8,323.73,32.6,2.1316989896493905,-0.300819807635668,29.835714285714285,7.199999999999999,9.428571428571429,10.9,12.600000000000001,5.1,5.62
2024-09-13,15.422731737934885,2.6590916789542907,34.9,37.0,34.8,328.125,33.2,2.123191975725335,-0.2843591872810036,29.849999999999998,8.2,9.542857142857144,10.5,11.5,5.8,6.26
2024-09-14,16.267280597271952,2.4647394844351442,34.6,36.0,34.8,333.35,33.4,2.2323062298042036,-0.26781430516217486,30.164285714285715,8.0,9.914285714285715,11.3,13.0,6.6,6.28
2024-09-15,19.409612989146456,2.587948398552861,34.85,35.8,34.8,374.21999999999997,33.4,2.278200028747322,-0.25119006388481957,30.02857142857143,8.1,10.171428571428573,12.6,12.199999999999996,7.5,6.26
2024-09-16,20.405099839746928,2.519148128363818,35.2,36.4,35.2,374.495,33.8,2.3399933958973556,-0.23449138957041052,30.014285714285716,7.9,10.885714285714286,12.1,10.899999999999999,8.1,7.08
2024-09-17,15.223609273435157,2.718501655970564,35.3,36.6,35.6,307.65000000000003,33.6,2.4186911828985282,-0.21772323039653224,30.150000000000002,8.5,11.142857142857144,10.5,14.600000000000001,5.6,6.48
2024-09-18,12.497630785125686,2.716876257636019,36.15,37.4,35.6,293.88000000000005,33.8,2.4887152047959398,-0.20089055513063528,30.050000000000004,8.299999999999999,11.057142857142859,9.3,11.599999999999998,4.6,7.44
2024-09-19,15.274794477022004,2.4245705519082548,34.85,35.8,34.8,278.4,33.6,2.5579165498178864,-0.18399835165767986,30.285714285714285,7.800000000000001,11.028571428571428,9.6,13.599999999999998,6.3,6.24
2024-09-20,17.58442341933956,2.5859446204911123,34.6,36.0,34.2,235.42000000000002,33.6,2.5844108794029927,-0.1670516255021195,30.185714285714287,8.600000000000001,10.842857142857143,7.9,12.399999999999999,6.8,6.72
2024-09-21,23.93688518589377,2.72010058930611,34.1,35.8,34.0,268.40000000000003,33.2,2.573961299622539,-0.15005539834465262,29.978571428571428,8.75,10.471428571428573,8.8,10.599999999999998,8.8,7.84
2024-09-22,20.96153750531673,2.4660632359196155,32.6,34.6,30.0,187.85,32.4,2.6104414574612482,-0.13301470653419636,30.12142857142857,8.0,10.114285714285716,6.5,11.400000000000002,8.5,6.24
2024-09-23,15.780084184207702,2.630014030701284,34.15,36.2,34.0,262.24,33.0,2.5930292913707844,-0.11593459959550066,30.007142857142856,8.499999999999998,9.242857142857144,8.8,12.800000000000004,6.0,6.66
2024-09-24,16.063779913443103,2.5099656114754847,34.7,36.8,34.6,304.515,33.2,2.6088672774189945,-0.09882013873287211,29.842857142857145,8.55,8.771428571428572,10.1,13.299999999999997,6.4,6.14
2024-09-25,17.882276398083796,2.62974652912997,35.1,37.0,35.0,333.0,33.6,2.5790764139196973,-0.08167639533042288,29.964285714285715,8.5,8.714285714285714,11.1,14.0,6.8,7.62
2024-09-26,7.351259639698116,2.4504198798993717,35.0,37.8,34.8,302.82,33.8,2.5666293098474044,-0.06450844944931625,29.735714285714284,7.5,8.971428571428572,9.8,13.799999999999997,3.0,6.96
2024-09-27,4.411150665684851,1.5754109520303041,34.6,36.5,34.2,303.45,33.8,2.5703220709889925,-0.04732138832243232,30.007142857142856,4.900000000000002,9.000000000000002,10.2,13.5,2.8,5.44
2024-09-28,5.0512546703183245,1.8708350630808608,34.85000000000001,36.0,34.6,327.0,33.4,2.4259601183517345,-0.03012030484690836,30.0,5.75,9.328571428571431,10.9,12.0,2.7,5.08
2024-09-29,5.151302201872597,1.6097819380851865,34.8,35.8,34.8,248.17000000000002,33.6,2.3046364717481276,-0.012910296075008843,29.928571428571427,5.25,9.62857142857143,8.3,11.799999999999997,3.2,5.48
2024-09-30,1.2340924661072015,0.5609511209578188,33.15,33.8,33.0,194.82,32.8,2.1823105720574945,0.004303538296243821,30.071428571428573,1.8999999999999986,9.885714285714286,6.8,10.299999999999997,2.2,4.06
2024-10-01,4.273962421593673,1.643831700612951,34.15,35.4,34.4,253.26999999999998,32.6,1.8867301563798566,0.021516097436222233,29.907142857142855,5.1,9.6,8.6,11.899999999999999,2.6,5.44
2024-10-02,4.692444431212239,1.9551851796717665,34.05,35.3,34.0,253.26999999999998,32.4,1.762996740542352,0.03872228089217399,29.807142857142853,6.0,9.385714285714286,8.6,11.699999999999996,2.4,5.26
2024-10-03,5.286515002353551,1.7621716674511836,33.15,35.8,33.0,310.79999999999995,32.4,1.6666308334768942,0.05591699010060302,29.728571428571424,5.5,9.028571428571428,10.5,12.399999999999999,3.0,4.56
2024-10-04,4.398534330104435,1.374541978157636,33.65,36.6,33.6,303.96,32.6,1.5683096602700102,0.07309512989807776,29.542857142857144,5.300000000000001,9.12857142857143,10.2,13.600000000000001,3.2,4.38
2024-10-05,6.061707532905577,2.090243976863992,33.8,36.0,33.8,278.07,32.6,1.5396140925739148,0.0902516100310407,29.55,6.900000000000002,9.128571428571428,9.3,12.2,2.9,3.78
2024-10-06,5.122616962663527,1.8972655417272322,34.2,36.0,34.6,250.09999999999997,33.0,1.5709582231143622,0.10738134666416306,29.535714285714285,5.9,8.9,8.2,11.0,2.7,3.03
2024-10-07,1.1201555903112332,0.9334629919260278,32.5,32.4,32.0,14.1,32.2,1.6120273093489401,0.12447926388678869,29.62142857142857,3.3000000000000007,8.885714285714284,0.5,8.399999999999999,1.2,2.99
2024-10-08,1.5548810666700563,1.295734222225047,32.35,34.2,32.2,195.84,31.6,1.665243290915827,0.141540295217043,29.557142857142853,4.150000000000002,7.985714285714286,6.8,10.800000000000004,1.2,2.34
2024-10-11,3.192077898001483,1.2277222684621087,32.0,32.4,31.8,191.76,31.0,1.4398303001164487,0.19245158197082995,29.266666666666666,3.9000000000000004,7.050000000000001,6.8,8.399999999999999,2.6,3.84
2024-10-12,0.7342079343271191,0.6674617584791991,30.9,30.2,30.4,46.07,30.6,1.4153603485005275,0.20931464596304888,29.0,2.25,6.483333333333333,1.7,6.199999999999999,1.1,2.38
2024-10-13,3.1151401532773857,1.038380051092462,31.25,32.0,30.8,103.60000000000001,31.0,1.1782299787697286,0.22611568550828803,28.53333333333333,3.5500000000000007,5.216666666666668,3.7,8.0,3.0,3.38
2024-10-14,2.4363560418185197,0.5942331809313464,30.7,32.0,30.6,66.6,30.4,1.035082396997267,0.2428497220959358,28.116666666666664,2.25,4.466666666666667,2.4,8.5,4.1,2.84
2024-10-15,4.642580338499582,1.2217316680262058,30.299999999999997,31.5,29.8,70.85000000000001,30.0,0.9785440951648199,0.25951179706979943,28.041666666666668,4.25,4.783333333333334,2.6,8.5,3.8,2.16
2024-10-16,9.069616620357897,1.9716557870343254,31.35,34.5,31.2,319.125,30.4,0.9662103361316797,0.27609697309746883,27.78333333333333,6.25,4.083333333333334,11.1,11.5,4.6,3.64
2024-10-17,7.9451672360255,2.037222368211667,31.85,35.0,32.0,316.1,31.0,1.1098454005463434,0.2926003356333479,27.92142857142857,6.25,5.085714285714287,10.9,12.0,3.9,4.42
2024-10-18,3.77973165457176,1.7180598429871634,31.85,34.2,31.6,269.325,31.0,1.2512010117481878,0.30901699437494723,28.007142857142856,5.5,5.6000000000000005,9.5,11.700000000000003,2.2,3.34
2024-10-19,4.035468300827979,1.921651571822847,32.45,35.0,32.4,327.0,31.4,1.3212492366803386,0.3253420847119795,28.028571428571432,6.050000000000001,5.985714285714287,10.9,10.0,2.1,4.66
2024-10-20,3.6649593355396126,1.527066389808172,32.349999999999994,35.0,32.0,220.15,31.8,1.5004192100151452,0.341570769167856,28.442857142857147,4.799999999999999,7.300000000000002,7.4,10.5,2.4,2.56
2024-10-21,2.4872895330427895,1.1305861513830862,32.5,33.2,32.2,254.54000000000002,31.8,1.5702315441173895,0.35769823883312546,28.692857142857147,3.700000000000001,7.828571428571429,8.9,9.200000000000003,2.2,2.14
2024-10-22,0.7995767214476858,0.6663139345397382,31.75,32.0,31.4,146.64000000000001,31.2,1.6468533970390666,0.3737197147904692,28.814285714285717,2.0999999999999996,8.757142857142858,5.2,7.600000000000001,1.2,2.26
2024-10-23,1.2097873773157497,0.7561171108223435,31.85,34.2,31.8,129.82500000000002,31.2,1.5675080065409996,0.38963044953078774,28.95,2.5999999999999996,9.12857142857143,4.5,10.700000000000003,1.6,2.96
2024-10-24,2.75599771954831,1.5311098441935056,31.85,34.0,31.8,245.70000000000002,30.8,1.3938596242250025,0.4054257283599973,28.964285714285715,5.0,8.185714285714287,8.4,9.5,1.8,3.46
2024-10-25,1.8025549200386641,0.9012774600193321,31.999999999999996,34.5,31.8,269.09999999999997,31.6,1.321557835079551,0.42110087079608916,29.0,3.0,7.828571428571429,9.2,10.5,2.0,2.99
2024-10-26,5.893215147875417,1.901037144475941,32.3,34.5,32.4,291.55,31.6,1.204874637512718,0.4366512319560638,29.128571428571426,6.0,7.785714285714286,9.8,9.5,3.1,3.81
2024-10-27,5.201587147500215,1.7338623825000716,32.2,35.0,32.2,274.95,31.6,1.2019297193203027,0.45207220393230374,29.092857142857138,5.5,7.628571428571429,9.4,11.5,3.0,3.94
2024-10-28,3.5061352705109674,2.062432512065275,32.150000000000006,34.8,32.4,320.76,31.4,1.231472003990574,0.46735921715800205,29.02142857142857,6.75,7.9142857142857155,10.8,10.199999999999996,1.7,4.18
2024-10-29,3.2598754212220817,1.6299377106110409,32.199999999999996,35.0,32.0,282.15,31.6,1.364592912659458,0.48250774176121763,29.178571428571427,5.049999999999999,8.185714285714287,9.5,10.600000000000001,2.0,3.18
2024-10-30,1.5327798624806754,0.9016352132239268,32.449999999999996,32.0,32.0,82.64999999999999,31.6,1.5022534520982156,0.4975132889071803,29.392857142857142,2.8500000000000014,8.8,2.9,7.0,1.7,2.38
2024-10-31,2.2510954662821248,1.071950222039107,33.2,34.4,33.6,227.76,32.0,1.5230417524412991,0.5123714121284235,29.342857142857138,3.5999999999999996,8.571428571428573,7.8,10.399999999999999,2.1,2.34
2024-11-01,1.3732806895421266,0.6539431854962507,32.449999999999996,33.5,32.6,148.665,31.6,1.4574475207049564,0.5270777086423724,29.335714285714285,2.3000000000000007,8.485714285714286,5.1,8.7,2.1,2.36
2024-11-02,2.402321746399909,1.0009673943332955,33.1,34.4,33.4,240.24,31.8,1.4221140529159446,0.5416278206559811,29.321428571428573,3.4000000000000004,7.9,8.4,11.599999999999998,2.4,2.22
2024-11-03,1.6030614585904823,0.8905896992169346,32.25,32.2,32.0,190.44000000000003,31.4,1.293532660038424,0.5560174366570446,29.157142857142862,3.0,7.7,6.9,9.200000000000003,1.8,2.94
2024-11-04,0.7585959540474374,0.6321632950395312,32.150000000000006,32.5,32.0,151.25,31.6,1.1730651338551186,0.5702422926917867,28.921428571428574,2.200000000000001,7.342857142857143,5.5,10.0,1.2,2.46
2024-11-05,1.424441947012483,0.9496279646749886,31.900000000000002,32.8,31.8,226.72999999999996,31.4,0.9687409599942981,0.5842981736283683,28.607142857142858,3.4000000000000004,6.585714285714287,8.2,10.299999999999997,1.5,2.84
2024-11-06,3.860349444287907,1.6084789351199613,32.1,33.2,32.8,286.84000000000003,31.2,0.8715538534320049,0.5981809144059158,28.314285714285717,5.25,6.4,10.1,9.600000000000001,2.4,2.26
2024-11-07,3.1750110175200663,1.2700044070080265,32.85,34.6,33.2,242.72,31.6,0.9725315279885814,0.6118864012687242,28.300000000000004,2.4000000000000004,7.42857142857143,8.2,10.0,2.5,3.58
2024-11-08,1.9924712217079656,0.5108900568481963,31.9,31.5,31.8,57.855000000000004,31.2,1.0008249829841414,0.6254105729852457,28.357142857142858,1.8499999999999996,7.485714285714286,2.1,7.899999999999999,3.9,2.94
2024-11-09,1.2434689813432647,0.5406386875405499,30.299999999999997,31.5,30.0,162.25,30.0,0.9803888217487049,0.6387494220515268,28.12857142857143,1.8000000000000007,7.057142857142857,5.9,8.0,2.3,1.74
2024-11-10,2.2056248730269368,0.7877231689381917,30.95,32.0,31.4,291.375,30.2,0.9146275779211698,0.6518989958787125,27.971428571428568,2.6500000000000004,6.7,10.5,8.5,2.8,2.92
2024-11-11,1.457526842950239,0.7671193910264417,31.7,34.0,31.8,284.20000000000005,30.6,0.8999323593099209,0.6648553979642866,27.99285714285714,4.600000000000001,7.214285714285714,9.8,10.0,1.9,2.63
2024-11-12,3.1609339936074523,1.2643735974429808,32.0,34.0,30.0,285.59999999999997,31.2,0.9192118015937651,0.6776147890466887,28.207142857142856,4.0,7.828571428571429,10.2,12.0,2.5,3.65
2024-11-13,2.653575655464532,1.1056565231102218,29.800000000000004,34.0,31.6,278.875,30.2,0.964175463417764,0.690173388242972,28.257142857142856,3.600000000000003,8.114285714285716,9.7,10.5,2.4,2.42
2024-11-14,0.8392679512198751,0.7629708647453409,30.25,30.2,30.0,33.12,29.8,0.8923436902735155,0.7025274741691566,28.307142857142853,2.5500000000000007,8.057142857142859,1.2,5.199999999999999,1.1,2.52
2024-11-15,1.253007489974895,0.6961152722082751,30.950000000000003,32.2,31.0,153.45000000000002,30.2,0.8199103270931317,0.7146733860429608,28.021428571428572,2.5999999999999996,7.057142857142857,5.5,8.600000000000001,1.8,2.12
2024-11-16,3.2013609893806123,1.3339004122419218,31.200000000000003,34.0,31.4,289.575,30.2,0.8463710721445716,0.7266075247685652,28.071428571428573,4.450000000000001,7.542857142857143,9.9,9.5,2.4,2.29
2024-11-17,3.11931790490331,1.2997157937097126,31.025,33.0,31.2,261.16999999999996,30.4,0.9596941756733391,0.7383263540031063,28.321428571428573,4.25,8.114285714285714,9.1,8.600000000000001,2.4,2.26
2024-11-18,2.536562566282738,1.102853289688147,31.15,32.6,31.4,256.32,30.0,1.0328359792121278,0.749826401204568,28.45714285714286,3.6499999999999986,7.914285714285714,8.9,7.600000000000001,2.3,2.04
2024-11-19,1.063999455618546,0.7599996111561043,30.450000000000003,30.5,30.4,141.52499999999998,30.2,1.0807979647352286,0.7611042586607742,28.428571428571427,1.5,7.785714285714286,5.1,5.5,1.4,2.86
2024-11-20,0.9499738569353039,0.6785527549537885,30.45,30.8,30.2,46.58,30.0,1.0087445381228175,0.7721565844991641,28.392857142857142,2.25,7.057142857142857,1.7,6.800000000000001,1.4,2.82
2024-11-21,2.0120595581317464,0.5917822229799254,30.05,30.5,29.8,68.75,29.6,0.94772971410047,0.7829801036770624,28.2,1.950000000000001,5.9142857142857155,2.5,6.0,3.4,2.43
2024-12-02,2.342478219117792,1.6731987279412803,29.5,34.0,29.8,204.4,28.4,0.7097139727195172,0.8860706215341378,26.060000000000002,5.450000000000001,2.000000000000001,7.3,12.0,1.4,2.16
2024-12-03,2.1969836264264972,1.2923433096626455,31.25,33.0,30.0,210.9,29.0,0.8702947652564776,0.893918596519257,26.383333333333336,5.75,2.883333333333334,7.4,9.0,1.7,2.54
2024-12-04,1.1200600053021377,1.0182363684564888,29.6,32.6,29.0,141.12,29.0,0.9305874144573588,0.9015016841318838,26.685714285714287,3.450000000000001,3.528571428571429,4.9,7.600000000000001,1.1,3.32
2024-12-05,2.3527351209778,1.069425054989909,30.25,32.4,30.0,246.40000000000003,29.6,1.0384000361930565,0.9088176373395028,27.15,3.5500000000000007,4.1000000000000005,8.8,8.799999999999997,2.2,2.73
2024-12-06,2.253050015204055,0.9387708396683562,30.200000000000003,32.0,30.2,183.14999999999998,29.4,1.1251025856258061,0.9158642882672868,27.507142857142856,3.200000000000001,5.185714285714286,6.6,8.5,2.4,2.44
2024-12-07,2.488830996994474,0.9572426911517209,30.65,32.0,30.8,152.28,29.8,1.165000614066045,0.9226395488404875,27.835714285714285,3.1999999999999993,6.128571428571429,5.4,7.600000000000001,2.6,2.38
2024-12-08,2.3163705934641414,0.9265482373856566,30.3,31.2,30.0,64.44,29.6,1.1946277999967383,0.9291414114031743,28.064285714285717,3.1500000000000004,6.714285714285715,2.4,8.7,2.5,2.52
2024-12-09,3.2110257920983867,1.1467949257494239,30.699999999999996,32.0,31.0,251.16,29.4,1.125109318465151,0.935367949313148,28.014285714285712,4.0,6.114285714285715,9.2,9.399999999999999,2.8,2.98
2024-12-10,2.8581532380807197,0.7939314550224221,30.2,31.0,30.0,107.25,29.8,1.049908775294886,0.941317317512847,27.91428571428571,2.75,6.385714285714287,3.9,7.0,3.6,2.52
2024-12-11,2.6613259010675776,0.8064623942629023,30.55,31.4,30.6,173.29,29.8,0.9787070817748539,0.9469877530760751,27.77142857142857,3.200000000000001,5.885714285714286,6.2,6.899999999999999,3.3,1.58
2024-12-12,2.7664610190405927,0.7476921673082683,30.45,30.2,30.4,144.04,29.8,0.9484536568900558,0.9523775757303973,27.650000000000002,2.5,6.071428571428571,5.2,5.0,3.7,3.48
2024-12-13,1.5708316925881876,0.682970301125299,29.9,29.8,29.8,102.57000000000001,29.4,0.9024918157926786,0.9574851883550389,27.607142857142858,2.6500000000000004,5.557142857142858,3.9,7.0,2.3,1.62
2024-12-14,0.862339302727379,0.4106377632035138,28.725,28.2,28.0,15.66,28.8,0.865948881715099,0.9623090774541487,27.400000000000002,1.75,5.171428571428572,0.6,4.199999999999999,2.1,0.98
2024-12-15,6.630159715641217,1.0359624555689402,29.2,30.0,29.0,231.625,28.8,0.7878624634367837,0.9668478136052773,27.099999999999998,4.25,4.485714285714286,8.5,5.5,6.4,1.72
2024-12-18,3.872028084615176,0.9004716475849247,28.9,31.0,28.0,199.8,28.4,0.7087222931136203,0.9787400799669153,27.0,3.0,4.6000000000000005,7.4,8.0,4.3,1.93
2024-12-19,2.390615846605852,0.9960899360857718,29.849999999999998,32.8,30.0,192.95999999999998,29.0,0.7243905020006242,0.9821256058680006,26.84166666666667,3.25,4.800000000000001,6.7,7.9999999999999964,2.4,2.29
2024-12-20,3.241961067806146,1.3508171115858942,30.925,34.5,31.2,231.26999999999998,29.5,0.7657901301302079,0.9852201067560606,27.025000000000002,4.1,5.050000000000001,7.8,9.7,2.4,3.34
2024-12-21,2.3032963728148492,0.8226058474338748,30.5,35.5,30.0,208.385,29.8,0.8770979318736405,0.9880226656636976,27.583333333333332,2.75,5.7,7.1,12.3,2.8,2.56
2024-12-22,1.028223479663034,0.32131983739469816,29.900000000000002,31.5,29.8,215.275,29.4,0.9457592792453674,0.9905324521322227,28.125,2.5500000000000007,6.783333333333334,7.9,8.5,3.2,2.96
2024-12-23,2.5188564872421577,1.049523536350899,29.85,31.2,29.6,249.84999999999997,29.2,0.8266521762163269,0.9927487224577402,28.125,3.549999999999999,6.683333333333334,9.5,9.8,2.4,2.22
2024-12-24,5.622829807112735,1.1963467674707946,29.75,32.0,29.6,210.6,29.0,0.8584909419498372,0.9946708199115211,27.864285714285717,4.100000000000001,7.085714285714286,7.8,10.0,4.7,2.44
2024-12-25,2.3872202249376904,1.1936101124688452,30.3,31.6,30.4,253.89000000000001,29.4,0.9481678119866939,0.9962981749346077,27.907142857142862,4.0,7.742857142857143,9.3,8.600000000000001,2.0,2.05
2024-12-26,1.3969130400892906,0.8730706500558066,30.474999999999998,31.5,30.6,213.3,29.5,0.9900447355415397,0.9976303053065857,27.95,3.0,8.014285714285716,7.9,9.0,1.6,2.84
2024-12-27,1.8510900045764789,0.6855888905838811,29.800000000000004,30.4,29.6,141.51,29.2,0.9724705518229734,0.9986668162884759,27.692857142857143,2.75,8.185714285714287,5.3,7.399999999999999,2.7,2.24
2024-12-28,1.5156754838905364,0.6589893408219724,30.1,31.0,30.0,173.88,29.4,0.8774379488226857,0.9994074007397048,27.27142857142857,-1.25,7.82857142857143,6.3,6.800000000000001,2.3,2.92
2024-12-29,0.604431128698729,0.3555477227639582,29.5,29.2,28.8,62.64,29.0,0.8540641621638424,0.9998518392091162,27.021428571428572,1.299999999999999,7.714285714285715,2.4,6.199999999999999,1.7,2.46
2024-12-30,2.040506869317725,0.7036230583854224,29.7,30.5,29.6,121.00000000000001,29.0,0.8589538600737369,1.0,26.857142857142858,0.7999999999999989,6.92857142857143,4.4,6.0,2.9,19.2
2024-12-31,0.24770557750354671,0.16513705166903114,28.599999999999998,27.5,29.6,0.0,28.0,0.8095395060786686,0.9998518392091162,27.02857142857143,0.5999999999999996,6.200000000000001,0.0,4.5,1.5,1.45
2025-01-03,1.505448207355018,0.6021792829420072,27.95,29.6,27.6,79.98,27.4,0.5450954810884701,0.998666816288476,26.391666666666666,2.25,3.150000000000001,3.1,7.600000000000001,2.5,1.38
2025-01-04,1.429782435663339,0.84104849156667,28.05,29.4,27.8,83.04,27.6,0.5311938798148245,0.9976303053065857,26.241666666666664,3.1000000000000014,2.7833333333333345,3.2,6.899999999999999,1.7,1.41
2025-01-05,1.9006235831818468,1.0003282016746562,28.5,30.0,28.4,167.04999999999998,28.0,0.5615370716056073,0.9962981749346078,25.966666666666665,3.5999999999999996,2.2666666666666675,6.5,8.600000000000001,1.9,1.98
2025-01-06,2.29365100540261,1.0922147644774334,29.049999999999997,30.7,29.0,259.21000000000004,28.2,0.6690004847573903,0.9946708199115211,25.900000000000002,3.8000000000000007,2.9500000000000006,9.8,8.5,2.1,2.74
2025-01-07,1.9987619569410628,0.7995047827764251,29.200000000000003,31.5,29.0,234.89999999999998,28.4,0.7337657691060588,0.9927487224577402,25.724999999999998,2.75,3.850000000000001,8.7,9.0,2.5,2.67
2025-01-08,1.1608028725950748,0.5527632726643212,28.999999999999996,30.2,28.8,111.72000000000001,28.4,0.8394937242906244,0.9905324521322229,26.016666666666666,1.6999999999999993,5.300000000000001,4.2,7.199999999999999,2.1,1.99
2025-01-09,0.8625123045970816,0.37500534982481815,28.25,28.5,27.6,0.0,27.8,0.7985322312011525,0.9880226656636976,26.099999999999998,1.450000000000001,5.142857142857144,0.0,4.5,2.3,1.86
2025-01-10,1.6562786436910393,0.44764287667325386,29.125,30.2,28.8,0.0,28.6,0.7518634494180473,0.9852201067560606,26.25,1.25,5.071428571428572,0.0,6.399999999999999,3.7,1.46
2025-01-11,0.7463446180672915,0.2017147616398085,27.55,29.0,27.0,15.54,27.6,0.7297868199510825,0.9821256058680006,26.42142857142857,0.6999999999999993,4.628571428571429,0.6,6.199999999999999,3.7,0.66
2025-01-12,0.5558335381482357,0.252651608249198,27.049999999999997,27.5,26.4,105.21000000000001,27.0,0.6384534299615309,0.9787400799669153,26.414285714285715,0.8999999999999986,4.257142857142858,4.2,4.899999999999999,2.2,0.82
2025-01-13,1.7977215441312944,0.6914313631274209,28.0,30.0,27.8,145.75,27.4,0.5316424880436083,0.9750645322571948,26.321428571428573,2.3499999999999996,3.9285714285714293,5.5,7.0,2.6,1.86
2025-01-14,0.0960348609393259,0.10670540104369544,27.1,27.4,26.4,0.0,27.2,0.474387716422178,0.9711000518829505,26.32857142857143,0.40000000000000036,3.3142857142857145,0.0,4.399999999999999,0.9,0.76
2025-01-15,1.0112143579899926,0.45964288999545116,28.0,29.8,27.6,50.349999999999994,27.6,0.3754163761746452,0.9668478136052775,26.071428571428573,1.5500000000000007,2.071428571428572,1.9,6.600000000000001,2.2,0.83
2025-01-16,1.7504383129699816,0.5148347979323475,27.950000000000003,28.6,27.6,60.959999999999994,27.6,0.36211346436480657,0.9623090774541486,26.057142857142857,1.9999999999999982,1.7428571428571435,2.4,6.400000000000002,3.4,0.58
2025-01-17,2.1612031940520064,0.6356479982505902,28.099999999999998,29.5,27.8,226.2,27.6,0.38208909980873934,0.9574851883550393,25.935714285714287,2.1999999999999993,2.085714285714286,8.7,7.0,3.4,1.96
2025-01-18,0.35492665950598506,0.2087803879446971,27.449999999999996,27.5,27.0,0.0,27.4,0.4089469743197874,0.9523775757303974,25.792857142857144,0.8000000000000007,3.3285714285714287,0.0,4.0,1.7,0.76
2025-01-21,1.1476016182458448,0.4250376363873499,28.349999999999998,29.8,28.0,118.8,27.6,0.4236417220683247,0.9353679493131483,25.816666666666663,1.4000000000000004,2.3833333333333337,4.5,6.800000000000001,2.7,1.62
2025-01-22,0.2823630640069354,0.16609592000407963,27.3,26.8,26.8,0.0,27.4,0.4766970946256004,0.9291414114031743,26.016666666666666,0.6500000000000004,3.1333333333333333,0.0,4.600000000000001,1.7,0.48
2025-01-23,0.829325892505524,0.552883928337016,27.85,29.0,27.4,10.32,27.4,0.4277725996270385,0.9226395488404876,25.683333333333334,1.9000000000000004,2.816666666666667,0.4,6.399999999999999,1.5,1.48
2025-01-24,1.1770648460494708,0.8407606043210506,28.200000000000003,29.7,28.0,63.24,27.6,0.43411412136114985,0.9158642882672872,25.75,3.0,2.4833333333333334,2.4,6.699999999999999,1.4,1.34
2025-01-25,0.8435871696822989,0.4439932472012099,28.4,28.5,29.4,7.844999999999999,27.4,0.46829955570622667,0.9088176373395029,25.808333333333334,1.5,1.4333333333333336,0.3,4.699999999999999,1.9,1.74
2025-01-26,2.162768423013519,0.5691495850035577,28.2,28.6,28.4,174.87,27.6,0.5075016989156454,0.901501684131884,25.916666666666668,2.0,1.4833333333333336,6.7,5.0,3.8,2.34
2025-01-27,1.718179544893363,0.9043050236280858,28.7,30.3,28.4,80.135,28.0,0.5163085397853472,0.893918596519257,25.942857142857143,3.3499999999999996,2.2285714285714286,3.1,8.900000000000002,1.9,2.56
2025-01-28,0.6364665673252486,0.5303888061043739,27.65,28.0,27.6,0.0,27.4,0.5574608492689072,0.886070621534138,25.87857142857143,2.0,2.485714285714286,0.0,4.600000000000001,1.2,0.88
2025-01-29,1.0006903778774454,0.454859262671566,27.9,28.8,27.4,0.0,27.6,0.5725110163713392,0.8779600847008882,25.778571428571432,1.5500000000000007,1.842857142857143,0.0,4.800000000000001,2.2,0.86
2025-01-30,1.0966377481343832,0.5222084514925635,28.7,31.5,28.2,108.225,27.8,0.6137629224666943,0.869589389346611,26.050000000000004,1.75,1.8428571428571432,3.9,7.5,2.1,1.72
2025-01-31,3.209571255183844,0.9725973500557102,29.5,32.0,29.0,235.45,28.6,0.6093807114889154,0.8609610158889943,26.32857142857143,3.1999999999999993,2.342857142857143,8.5,8.600000000000001,3.3,2.18
2025-02-01,2.472735812197304,0.9890943248789217,29.75,31.8,29.6,256.5,28.8,0.6282145323081524,0.8520775211013093,26.521428571428572,3.3499999999999996,3.2142857142857144,9.5,9.600000000000001,2.5,3.34
2025-02-02,2.6379399760064275,1.0145922984640106,29.75,31.8,29.6,257.28,28.8,0.7060861148335399,0.8429415373547828,26.642857142857142,3.4000000000000004,4.528571428571429,9.6,10.0,2.6,3.66
2025-02-03,2.5304648143464945,1.0543603393110395,29.45,31.8,29.0,271.96,28.8,0.7697207881850331,0.8335557718385699,26.74285714285714,3.75,4.942857142857143,10.4,11.3,2.4,3.95
2025-02-04,2.665805634794316,0.9192433223428677,29.15,31.2,28.8,255.36,28.4,0.7911572618540265,0.8239230057575542,26.785714285714285,3.25,5.985714285714286,9.6,9.2,2.9,3.31
2025-02-05,1.8713028319865073,0.7485211327946029,28.5,30.0,27.8,106.27499999999999,28.0,0.8467079070309541,0.8140460935082178,26.91428571428571,2.5999999999999996,7.357142857142857,3.9,5.5,2.5,1.58
2025-02-06,1.2569435064939454,1.0474529220782878,30.95,32.4,31.0,274.0,29.4,0.8886596027628164,0.8039279618328213,27.035714285714285,3.5500000000000007,7.914285714285714,10.0,10.0,1.2,2.94
2025-02-07,2.746585341958563,0.8322985884722918,31.049999999999997,31.5,31.0,254.62499999999997,29.8,0.9636945271322057,0.7935716089521474,26.985714285714288,3.4000000000000004,8.785714285714286,9.7,10.5,3.3,2.88
2025-02-08,2.46835356427584,0.987341425710336,30.65,30.5,30.8,180.435,29.8,0.9436518469060031,0.7829801036770629,26.77857142857143,3.25,8.957142857142857,6.9,8.7,2.5,2.52
2025-02-09,4.204359376916763,1.2365762873284596,32.0,31.4,34.6,238.42,29.6,0.9434014327390623,0.7721565844991642,26.657142857142855,3.8999999999999986,8.585714285714285,9.1,10.399999999999999,3.4,2.98
2025-02-10,3.32592134373436,1.0728778528175356,31.549999999999997,31.8,32.0,286.65000000000003,29.8,0.9751134311482693,0.7611042586607747,26.571428571428573,3.75,8.514285714285714,10.5,9.0,3.1,3.38
2025-02-11,1.7089621744253216,0.6329489534908598,30.65,30.5,30.6,78.3,29.8,0.9777587902206258,0.7498264012045686,26.735714285714288,2.3499999999999996,8.528571428571428,2.9,7.0,2.7,2.64
2025-02-12,3.5251681428657995,1.1371510138276772,32.15,32.8,32.6,295.92,30.4,0.936859594670339,0.7383263540031065,26.792857142857144,4.25,7.571428571428571,10.8,10.799999999999997,3.1,3.02
2025-02-13,2.745303258678344,1.1936101124688452,32.6,32.4,33.0,285.58,30.8,0.9923781491036355,0.7266075247685656,26.814285714285717,4.0,8.557142857142859,10.9,12.399999999999999,2.3,3.88
2025-02-14,2.95214786621179,1.3418853937326316,33.25,33.0,34.0,288.84999999999997,31.0,1.0132577477308577,0.7146733860429609,26.642857142857142,4.550000000000001,8.685714285714287,10.6,11.5,2.2,3.82
2025-02-15,3.6811907619796407,1.5338294841581837,33.5,32.8,34.2,290.265,31.8,1.0860558627680492,0.7025274741691571,26.785714285714285,4.75,8.814285714285715,11.1,13.299999999999997,2.4,3.74
2025-02-16,2.707538220739567,1.0830152882958268,32.65,32.0,33.0,283.54999999999995,31.0,1.164125585403456,0.6901733882429719,26.785714285714285,3.75,9.414285714285715,10.7,11.0,2.5,3.68
2025-02-17,3.2986252293400975,1.2217130479037397,32.599999999999994,32.6,32.8,290.44,31.2,1.1421882998273658,0.6776147890466889,26.82857142857143,4.1,9.642857142857142,10.6,10.400000000000002,2.7,3.78
2025-02-18,3.0189378720756936,1.257890780031539,33.150000000000006,33.0,33.4,261.12,31.2,1.1634504705539663,0.6648553979642865,26.842857142857145,4.199999999999999,9.657142857142858,9.6,11.600000000000001,2.4,3.38
2025-02-19,3.0871141308452326,1.4700543480215393,33.8,33.6,34.6,290.85,31.8,1.252727874345492,0.6518989958787126,26.87142857142857,4.899999999999999,10.614285714285714,10.5,11.8,2.1,4.32
2025-02-20,3.1556380114272287,1.5026847673462993,33.800000000000004,33.2,34.4,295.32,32.0,1.3002854935160435,0.6387494220515272,26.91428571428571,4.9,10.571428571428571,10.7,11.200000000000003,2.1,4.54
2025-02-21,3.26804372244035,1.3072174889761399,33.65,33.0,34.0,288.75,32.0,1.3444390156413941,0.6254105729852463,27.114285714285717,4.4,10.542857142857143,10.5,11.0,2.5,4.56
2025-02-22,2.8485713477678356,1.2948051580762887,33.15,32.8,33.6,283.91999999999996,31.8,1.3394864578190382,0.6118864012687243,27.150000000000002,4.4,10.528571428571428,10.4,10.999999999999996,2.2,4.08
2025-02-23,3.666157001744681,1.3093417863373862,33.4,33.0,34.0,299.75,31.8,1.3053401255216246,0.5981809144059165,27.314285714285713,4.4,10.428571428571429,10.9,11.0,2.8,4.54
2025-02-24,3.7719413184090267,1.1093945054144196,32.550000000000004,32.8,33.6,281.78999999999996,32.0,1.3376724823847044,0.5842981736283684,27.457142857142856,3.75,10.457142857142857,10.1,9.799999999999997,3.4,3.48
2025-02-25,0.5059632209875553,0.29762542411032666,29.1,28.4,27.8,0.0,29.6,1.3216269763148016,0.5702422926917871,27.52857142857143,1.0500000000000007,10.385714285714286,0.0,4.399999999999999,1.7,0.72
2025-02-26,2.371937185281222,0.5785212647027371,30.150000000000002,31.0,30.0,112.74999999999999,29.6,1.1844462111832,0.5560174366570446,27.385714285714283,1.950000000000001,9.014285714285714,4.1,7.0,4.1,0.58
2025-03-03,2.2560701106051835,0.9809000480892103,30.549999999999997,32.0,30.6,182.57500000000002,29.4,0.598979254430764,0.48250774176121847,27.169999999999998,3.1999999999999993,4.38,6.7,9.5,2.3,3.84
2025-03-04,1.8850093754202144,0.9921101975895865,30.3,32.0,30.2,165.85,29.8,0.5732803629657222,0.4673592171580022,27.04,3.4000000000000004,3.7,6.2,10.5,1.9,2.02
2025-03-05,2.2802233218219423,1.2667907343455236,31.15,33.2,31.4,278.72,29.8,0.7121773176615742,0.45207220393230435,27.15,4.200000000000001,4.94,10.4,12.800000000000004,1.8,3.18
2025-03-06,2.542002540336492,1.6946683602243282,31.5,34.2,31.8,276.42,30.0,0.8498312115901314,0.43665123195606403,27.01,5.450000000000001,6.2,10.2,14.200000000000003,1.5,3.92
2025-03-07,3.4401760601018445,1.7200880300509223,31.45,34.0,31.8,231.0,30.0,0.9906374030291643,0.4211008707960896,27.025000000000002,5.0,6.866666666666667,8.4,13.0,2.0,3.58
2025-03-08,2.4222023211921644,1.1534296767581735,31.1,32.0,31.2,266.0,30.0,1.0948446354608439,0.40542572835999735,27.092857142857145,3.8500000000000014,7.085714285714286,9.5,8.0,2.1,3.02
2025-03-09,3.4425905830358783,1.229496636798528,31.15,32.0,31.2,275.22,29.8,1.2002465333932513,0.38963044953078796,27.25,4.25,7.928571428571429,9.9,8.399999999999999,2.8,3.68
2025-03-10,1.0092439179480215,0.40369756717920857,29.05,29.5,28.4,16.2,29.2,1.2910690976937533,0.37371971479046906,27.314285714285713,1.4000000000000004,8.757142857142858,0.6,5.0,2.5,2.12
2025-03-11,0.26112995908848735,0.1450721994936041,27.6,28.0,26.8,0.0,28.6,1.2086116004208958,0.35769823883312546,27.27857142857143,0.5000000000000018,7.885714285714286,0.0,5.5,1.8,1.54
2025-03-12,3.2129367827376103,1.0709789275792034,30.099999999999998,33.0,30.2,91.2,29.0,1.0876061721214698,0.3415707691678556,27.064285714285713,3.5,7.0,3.2,9.0,3.0,2.08
2025-03-13,2.8246049034665,1.2839113197575,30.95,33.0,31.2,263.625,30.0,1.0596330568691383,0.3253420847119801,27.307142857142853,4.25,5.971428571428571,9.5,10.5,2.2,3.78
2025-03-14,2.8405273864262606,1.2911488120119365,32.1,33.5,32.4,285.325,32.4,1.0009534796595914,0.30901699437494745,27.4,4.25,5.871428571428573,10.1,10.5,2.2,4.76
2025-03-15,3.280080592826243,1.4909457240119286,31.500000000000004,33.5,32.0,275.5,30.6,0.9396764485111648,0.29260033563334836,27.507142857142856,4.250000000000002,6.114285714285714,9.5,9.0,2.2,4.26
2025-03-16,0.9798465762230253,0.9798465762230253,31.2,33.8,31.2,52.2,30.4,0.9878930266902728,0.27609697309746883,27.65,3.25,6.114285714285714,1.8,9.599999999999998,1.0,4.14
2025-03-17,2.341347110429257,1.1149271954425033,30.75,33.5,30.8,227.6,30.0,0.9522287323223438,0.2595117970697999,27.821428571428573,4.0,4.957142857142857,8.0,10.100000000000001,2.1,4.54
2025-03-18,2.6455857558021685,0.9798465762230253,31.350000000000005,33.8,31.6,276.45,30.4,1.053832964931386,0.2428497220959356,28.028571428571432,3.25,6.014285714285714,9.5,9.399999999999999,2.7,3.86
2025-03-19,1.4148627968423337,0.8842892480264586,30.549999999999997,31.0,30.0,298.1,30.2,1.1730864473213032,0.22611568550828828,28.57857142857143,2.900000000000002,7.371428571428571,11.0,7.800000000000001,1.6,2.76
2025-03-20,2.0905243676475145,0.995487794117864,30.6,32.5,30.6,212.79999999999998,29.8,1.1464164930994827,0.20931464596304847,28.37857142857143,1.3000000000000007,8.485714285714286,7.6,9.0,2.1,2.96
2025-03-21,4.530380319569504,1.562200110196381,32.2,34.0,32.6,307.125,30.8,1.1052131322938201,0.19245158197082998,28.414285714285715,4.899999999999999,8.214285714285714,10.5,9.5,2.9,3.32
2025-03-22,4.62564021864233,1.4921420060136548,32.875,34.0,33.4,281.29999999999995,31.3,1.1439347463201694,0.1755314904214282,28.557142857142857,4.75,8.27142857142857,9.7,10.0,3.1,3.26
2025-03-23,4.387361897064677,1.4152780313111861,33.25,34.8,33.8,286.08,31.6,1.1441056437489876,0.15855938510313475,28.557142857142857,4.5,8.3,9.6,9.999999999999996,3.1,4.26
2025-03-24,4.005036741911545,1.3350122473038484,33.4,34.0,33.8,294.91999999999996,32.0,1.2063101373330105,0.141540295217043,28.671428571428574,4.25,9.414285714285715,10.1,9.600000000000001,3.0,3.04
2025-03-25,2.8321815541475166,1.1800756475614653,32.85,33.5,33.0,221.375,31.8,1.2377508590274882,0.12447926388678915,28.77857142857143,4.050000000000001,9.714285714285714,7.7,9.5,2.4,3.36
2025-03-26,3.20837997436997,1.1882888793962851,32.949999999999996,34.6,33.4,218.88,31.8,1.266355012075837,0.10738134666416309,28.728571428571428,3.75,9.457142857142857,7.6,11.600000000000001,2.7,3.48
2025-03-27,3.3495868158462314,1.3956611732692632,32.75,34.4,33.0,277.91999999999996,31.4,1.3097835308429548,0.09025161003104117,28.97142857142857,4.350000000000001,8.971428571428572,9.6,10.899999999999999,2.4,3.24
2025-03-28,2.0473292104475664,1.279580756529729,107.52499999999999,34.0,32.5,232.05999999999997,31.2,1.3669511564360122,0.07309512989807777,29.107142857142858,4.050000000000001,9.257142857142856,8.2,11.399999999999999,1.6,3.26
2025-03-29,2.753363737031413,1.3766818685157065,34.2,34.4,34.2,269.78000000000003,33.8,1.326576963055062,0.055916990100603484,28.97142857142857,4.25,8.928571428571429,9.4,11.399999999999999,2.0,4.74
2025-03-30,2.8410545486371577,1.4952918677037672,33.6,34.6,34.0,304.72,32.4,1.310082657698212,0.03872228089217446,28.928571428571427,4.6,8.885714285714284,10.4,10.600000000000001,1.9,4.92
2025-03-31,2.8736498158649244,1.3062044617567836,33.75,34.5,34.2,285.59999999999997,32.6,1.321513205754295,0.021516097436222254,28.857142857142858,4.200000000000001,9.0,9.6,9.5,2.2,4.18
