Date,Dry_Morning,Wet_Morning,Dry_Evening,Wet_Evening,Max_Temperature,Min_Temperature,S. T. - 5cm Morning,S. T. - 10cm Morning,S. T. - 20cm Morning,S. T. - 30cm Morning,S. T. - 5cm Evening,S. T. - 10cm Evening,S. T. - 20cm Evening,S. T. - 30cm Evening,R. H. Morning,R. H. Evening,Mean Velocity,SunShine,Rainfall,Evaporation,Rainfall_Trace_Flag,Evaporation_Overflow_Flag,Wind_Direction_Encoded
2015-01-01,28.2,25.0,31.5,25.4,33.5,22.9,30.7,25.8,26.4,26.8,34.1,32.4,30.0,27.4,81.0,60.0,1.3,8.5,0.0,3.83,0.0,0.0,8
2015-01-02,28.2,25.0,31.5,25.4,33.5,22.9,30.7,26.8,27.8,27.6,32.5,31.6,30.2,27.8,83.0,62.0,1.6,7.0,0.0,1.99,0.0,0.0,5
2015-01-03,28.2,25.0,31.5,25.4,33.5,22.9,30.7,26.4,27.4,27.6,34.1,32.8,31.0,28.0,84.0,69.0,1.9,9.7,0.0,3.11,0.0,0.0,10
2015-01-04,28.2,25.0,31.5,25.4,33.5,22.9,30.7,27.2,28.0,28.0,33.1,32.0,30.8,28.2,88.0,65.0,1.8,8.4,0.0,2.71,0.0,0.0,8
2015-01-05,28.2,25.0,31.5,25.4,33.5,22.9,30.7,26.4,27.4,27.8,33.5,32.2,30.2,27.8,87.0,65.0,2.1,8.3,0.0,2.98,0.0,0.0,8
2015-01-06,28.2,25.0,31.5,25.4,33.5,22.9,30.7,26.2,27.4,27.8,27.9,26.8,27.8,27.6,84.0,91.0,1.8,1.7,36.9,3.32,0.0,0.0,8
2015-01-07,28.2,25.0,31.5,25.4,33.5,22.9,30.7,24.4,26.2,26.8,32.1,30.4,28.4,27.2,85.0,61.0,1.6,8.2,0.0,3.58,0.0,0.0,8
2015-01-08,28.2,25.0,31.5,25.4,33.5,22.9,30.7,24.8,26.2,27.0,31.9,30.0,29.4,26.4,92.0,64.0,1.3,10.1,0.0,1.57,0.0,0.0,14
2015-01-09,28.2,25.0,31.5,25.4,33.5,22.9,30.7,24.6,26.2,27.0,32.9,31.2,29.2,27.2,82.0,54.0,1.4,9.5,0.0,3.67,0.0,0.0,11
2015-01-10,28.2,25.0,31.5,25.4,33.5,22.9,30.7,25.0,26.4,25.4,31.7,30.0,29.0,27.6,79.0,63.0,2.1,9.8,0.0,3.81,0.0,0.0,13
2015-01-11,28.2,25.0,31.5,25.4,33.5,22.9,30.7,24.0,25.8,26.6,29.5,28.8,27.8,26.6,74.0,69.0,1.5,6.4,0.0,3.62,0.0,0.0,12
2015-01-12,28.2,25.0,31.5,25.4,33.5,22.9,30.7,23.8,25.4,26.4,31.3,29.6,28.2,27.0,75.0,57.0,1.9,8.6,0.0,3.75,0.0,0.0,13
2015-01-13,28.2,25.0,31.5,25.4,33.5,22.9,30.7,23.4,24.8,26.2,31.5,29.4,28.2,26.2,69.0,59.0,1.9,9.0,0.0,1.88,0.0,0.0,13
2015-01-14,25.5,23.0,28.0,23.0,30.4,17.1,27.1,25.2,26.2,26.6,30.3,28.0,28.6,27.0,79.0,63.0,1.9,7.9,0.0,1.61,0.0,0.0,8
2015-01-15,25.5,23.0,28.2,24.2,31.2,17.1,27.1,25.2,26.4,26.6,31.7,31.0,29.2,27.2,79.0,70.0,2.0,9.1,0.0,2.91,0.0,0.0,8
2015-01-16,25.8,23.8,28.8,24.0,31.2,16.9,27.3,25.2,26.4,27.2,31.9,30.6,29.0,27.2,84.0,65.0,1.8,9.3,0.0,2.71,0.0,0.0,13
2015-01-17,26.0,24.0,30.5,23.4,32.0,19.5,26.9,25.2,26.2,27.2,35.3,32.6,30.4,27.6,84.0,52.0,2.0,10.0,0.0,3.45,0.0,0.0,10
2015-01-18,26.5,24.0,28.0,24.0,30.3,17.6,28.3,26.8,27.8,28.0,32.7,31.6,30.0,28.0,80.0,70.0,2.2,5.2,0.0,2.37,0.0,0.0,5
2015-01-19,25.2,23.0,29.0,23.0,30.8,16.3,27.1,25.8,27.2,27.6,35.1,32.4,30.8,27.8,82.0,58.0,2.0,9.0,0.0,2.23,0.0,0.0,5
2015-01-20,25.0,22.5,29.8,23.5,31.4,17.5,26.7,25.4,27.2,27.8,34.7,32.2,30.8,28.0,80.0,57.0,1.9,9.3,0.0,4.14,0.0,0.0,10
2015-01-21,25.5,23.8,29.5,21.3,30.9,15.3,27.3,26.0,27.4,28.0,34.5,32.2,30.8,28.2,85.0,45.0,2.0,9.6,0.0,2.44,0.0,0.0,13
2015-01-22,25.0,22.4,29.0,24.0,31.3,18.8,26.5,25.2,26.8,28.0,34.7,32.4,30.4,28.0,79.0,64.0,2.2,9.8,0.0,3.67,0.0,0.0,13
2015-01-23,25.0,23.5,28.0,24.0,31.5,19.5,27.9,26.6,27.8,28.2,33.3,31.2,30.2,28.8,88.0,70.0,2.2,4.9,0.0,3.54,0.0,0.0,16
2015-01-24,24.5,23.0,28.0,24.5,30.5,18.0,27.5,27.0,28.2,28.4,32.3,31.6,30.8,28.6,87.0,74.0,2.6,4.9,14.6,1.66,0.0,0.0,13
2015-01-25,24.0,23.0,28.5,23.5,30.0,18.0,26.9,26.2,27.8,28.4,32.9,31.2,30.0,28.6,91.0,64.0,2.6,5.3,7.3,1.72,0.0,0.0,5
2015-01-26,24.5,23.0,27.0,23.0,27.8,17.8,26.5,25.8,27.0,27.8,30.3,28.6,28.2,27.8,87.0,70.0,1.5,0.3,0.0,0.54,0.0,0.0,12
2015-01-27,24.0,22.8,28.5,24.0,30.0,19.2,26.5,25.4,26.4,27.2,29.9,29.4,29.0,27.4,83.0,67.0,1.7,2.0,0.0,1.1,0.0,0.0,8
2015-01-28,24.5,23.0,28.0,25.0,29.5,20.0,27.1,26.2,27.2,27.8,30.5,29.2,28.4,28.0,87.0,77.0,2.4,2.3,2.0,1.25,0.0,0.0,5
2015-01-29,26.5,25.0,27.2,24.0,29.0,18.5,27.9,26.6,27.6,27.8,30.3,28.8,28.6,27.8,87.0,75.0,2.8,0.7,14.0,1.99,0.0,0.0,5
2015-01-30,25.5,24.0,30.0,24.0,30.2,17.5,27.3,26.0,27.0,27.6,33.3,31.0,29.2,27.8,87.0,59.0,2.3,6.4,0.0,2.93,0.0,0.0,5
2015-01-31,24.5,22.5,29.5,24.5,31.0,17.0,26.7,26.0,27.2,27.8,34.5,32.2,30.2,28.0,83.0,65.0,2.5,8.6,0.0,3.9,0.0,0.0,13
2015-02-01,24.5,23.0,30.0,24.5,31.5,20.2,26.9,25.8,27.2,28.0,32.1,30.6,29.6,28.2,87.0,63.0,3.5,9.1,0.7,3.0,0.0,0.0,13
2015-02-02,26.2,24.5,29.5,25.0,30.5,19.5,28.5,27.2,27.8,28.2,33.5,31.0,29.6,28.2,87.0,67.0,3.5,6.3,1.3,2.55,0.0,0.0,5
2015-02-04,25.0,23.7,27.0,25.0,28.8,18.2,27.1,25.4,26.2,27.0,29.9,28.2,28.0,27.2,90.0,77.0,2.0,0.8,5.5,1.41,0.0,0.0,5
2015-02-05,25.0,23.5,28.5,26.0,29.8,19.1,26.9,25.4,26.6,26.8,31.1,29.0,28.2,27.2,88.0,80.0,2.1,1.6,3.5,1.75,0.0,0.0,10
2015-02-06,26.0,24.2,28.5,24.0,30.8,17.0,27.9,26.4,27.2,27.2,34.3,31.8,29.6,28.0,85.0,67.0,2.6,5.5,0.0,3.32,0.0,0.0,7
2015-02-07,25.8,23.8,29.0,24.5,31.0,18.5,28.1,25.8,26.8,27.6,33.9,31.4,29.8,27.8,84.0,68.0,2.6,9.5,0.0,3.02,0.0,0.0,16
2015-02-08,25.5,24.0,29.0,24.4,30.8,18.8,28.3,26.4,27.2,28.0,34.9,32.4,30.2,28.0,87.0,67.0,2.7,9.3,2.6,3.16,0.0,0.0,17
2015-02-10,24.0,23.0,26.5,25.0,29.3,18.5,25.7,24.8,26.2,27.0,29.5,27.8,28.2,27.2,91.0,87.0,2.1,1.7,9.0,1.28,0.0,0.0,5
2015-02-11,25.4,23.5,27.2,24.8,31.2,19.0,28.3,25.4,28.6,27.0,32.1,31.4,29.8,27.4,85.0,81.0,2.0,7.0,0.0,2.24,0.0,0.0,5
2015-02-12,24.5,23.5,29.5,25.0,30.8,22.9,26.9,25.8,27.0,27.6,33.5,31.8,30.2,28.0,90.0,67.0,2.1,8.8,0.0,2.08,0.0,0.0,8
2015-02-13,27.5,24.8,29.5,24.8,31.3,22.9,30.5,26.8,27.6,28.0,34.3,32.8,31.0,28.6,79.0,66.0,2.0,8.9,0.6,3.2,0.0,0.0,12
2015-02-14,26.0,24.0,30.0,24.8,31.8,15.3,28.3,26.2,27.6,28.0,37.1,34.8,31.8,28.4,84.0,64.0,1.9,10.4,0.0,3.18,0.0,0.0,13
2015-02-15,24.5,23.0,29.0,25.8,30.4,14.2,28.5,25.6,27.4,28.2,37.9,35.4,31.8,28.6,87.0,76.0,2.0,10.3,0.0,4.12,0.0,0.0,13
2015-02-16,24.0,21.6,29.5,23.5,30.4,14.9,27.7,25.0,26.8,28.0,37.5,35.0,31.2,28.4,80.0,58.0,2.3,10.5,0.0,4.82,0.0,0.0,12
2015-02-17,23.5,21.0,28.5,21.8,30.3,15.0,27.1,25.2,26.8,28.0,37.1,34.4,31.2,28.2,78.0,55.0,2.3,9.2,0.0,2.46,0.0,0.0,13
2015-02-18,23.0,21.0,29.5,23.0,30.5,15.0,26.9,24.8,26.6,27.8,37.7,34.8,31.2,28.2,83.0,55.0,1.9,9.9,0.0,3.25,0.0,0.0,13
2015-02-19,24.5,22.0,29.5,23.0,30.8,14.8,28.1,25.2,27.0,28.0,38.1,35.2,31.8,28.4,79.0,55.0,2.0,10.7,0.0,3.56,0.0,0.0,13
2015-02-20,24.8,22.6,29.5,24.0,31.5,16.3,28.1,25.2,26.4,28.0,37.7,35.6,31.8,28.2,82.0,61.0,2.5,10.8,0.0,2.67,0.0,0.0,13
2015-02-21,25.4,23.2,28.5,23.5,30.5,18.1,28.5,26.2,27.4,28.2,35.9,32.2,31.0,28.6,82.0,64.0,3.1,8.3,2.8,3.25,0.0,0.0,8
2015-02-22,28.0,22.8,27.5,24.4,28.4,18.3,26.5,26.2,27.8,28.2,31.1,29.4,28.8,28.0,59.0,76.0,2.1,0.5,20.8,3.07,0.0,0.0,14
2015-02-23,22.5,22.0,24.5,22.0,27.5,17.8,25.1,25.0,26.6,27.6,29.7,29.4,28.6,28.0,95.0,79.0,2.0,0.1,49.2,2.55,0.0,0.0,7
2015-02-24,24.5,23.0,27.0,22.0,30.8,18.6,26.7,25.2,26.4,27.0,32.3,30.8,29.0,27.4,87.0,63.0,1.6,2.3,19.4,3.16,0.0,0.0,13
2015-02-25,24.0,23.0,29.5,25.2,31.3,18.8,27.1,25.8,27.0,27.4,32.7,28.2,30.2,28.6,91.0,69.0,2.9,2.9,4.2,2.4,0.0,0.0,8
2015-02-26,25.0,23.2,30.0,26.0,31.4,17.4,27.7,26.6,26.8,28.0,34.1,32.6,31.0,28.2,85.0,71.0,2.4,4.5,0.0,4.23,0.0,0.0,10
2015-02-27,24.5,23.0,31.5,26.0,32.8,16.0,27.9,26.2,27.6,28.2,34.9,33.4,31.2,28.6,87.0,62.0,2.0,7.1,0.0,3.49,0.0,0.0,13
2015-02-28,25.5,23.0,32.0,26.6,32.8,18.3,27.3,26.2,27.6,28.2,35.7,34.4,31.4,28.6,79.0,64.0,2.2,10.9,0.0,3.54,0.0,0.0,13
2015-03-01,27.0,24.0,29.2,25.5,31.6,18.0,29.9,27.2,28.4,28.8,34.3,33.6,31.2,29.0,77.0,74.0,2.8,8.3,0.0,3.32,0.0,0.0,12
2015-03-02,26.5,24.5,31.2,25.5,32.8,17.5,29.3,27.2,28.2,28.8,36.5,35.8,32.2,29.2,84.0,62.0,2.0,8.8,0.0,3.94,0.0,0.0,10
2015-03-03,27.0,24.5,31.0,25.8,32.8,18.2,29.9,27.4,28.6,29.0,38.1,36.8,32.6,29.6,81.0,65.0,1.9,10.1,0.0,4.12,0.0,0.0,10
2015-03-04,27.0,24.8,26.2,24.5,34.5,17.5,30.5,28.0,28.6,29.4,37.4,36.4,32.6,29.4,83.0,87.0,2.2,7.6,17.8,3.74,0.0,0.0,12
2015-03-05,26.5,24.0,32.0,26.0,32.8,18.7,29.9,27.6,28.4,29.4,34.9,34.6,32.2,29.6,80.0,60.0,2.5,10.4,0.0,4.28,0.0,0.0,10
2015-03-06,27.5,25.2,31.0,24.8,32.7,17.1,30.1,27.6,28.8,29.2,35.1,34.8,32.2,29.6,81.0,58.0,2.4,9.6,0.0,4.21,0.0,0.0,8
2015-03-07,27.5,25.0,30.5,24.2,32.8,16.7,29.1,27.0,28.4,29.2,36.1,35.2,32.2,29.8,80.0,57.0,2.4,10.2,0.0,4.19,0.0,0.0,10
2015-03-08,27.2,24.0,31.5,25.0,33.0,17.2,29.5,27.2,28.2,29.2,37.1,35.6,32.2,29.6,75.0,56.0,2.4,10.8,0.0,4.01,0.0,0.0,12
2015-03-09,26.0,24.0,31.0,24.5,32.7,17.4,29.3,27.6,28.8,29.2,37.5,35.8,32.6,30.0,84.0,57.0,2.2,8.7,0.0,4.17,0.0,0.0,10
2015-03-10,26.0,23.8,30.0,24.4,32.1,22.9,29.5,27.8,28.6,29.8,37.5,35.8,32.8,30.4,82.0,61.0,2.1,9.8,0.0,3.9,0.0,0.0,13
2015-03-11,26.0,23.2,30.0,24.6,32.0,22.9,29.9,27.4,28.8,29.6,37.9,35.4,32.6,30.0,78.0,63.0,2.2,8.5,0.0,3.52,0.0,0.0,13
2015-03-12,26.0,25.0,26.0,24.0,30.3,22.9,28.1,27.6,28.8,29.6,30.1,29.2,30.2,29.8,92.0,84.0,1.8,1.5,7.8,1.39,0.0,0.0,13
2015-03-13,24.3,23.3,28.0,24.8,30.5,22.9,27.3,26.4,28.2,27.0,30.9,30.0,29.8,29.0,91.0,76.0,2.4,0.2,8.4,2.02,0.0,0.0,13
2015-03-14,23.5,23.0,29.0,25.0,29.5,22.9,25.9,25.8,26.4,28.2,32.5,29.6,28.2,28.2,95.0,71.0,1.6,1.9,1.8,1.97,0.0,0.0,10
2015-03-15,26.0,24.6,30.0,26.0,31.5,22.9,28.9,26.4,27.2,28.2,34.9,32.2,30.4,28.4,88.0,71.0,3.0,7.7,0.0,1.68,0.0,0.0,14
2015-03-16,28.0,25.0,30.0,25.0,31.1,22.9,30.1,27.6,28.2,28.6,33.7,33.0,31.0,28.8,77.0,65.0,2.9,10.3,0.0,4.03,0.0,0.0,10
2015-03-17,28.0,24.5,31.0,24.5,32.3,22.9,29.9,27.4,28.4,29.0,37.3,35.6,32.4,26.4,74.0,57.0,2.5,10.1,0.0,4.39,0.0,0.0,10
2015-03-18,25.5,23.2,32.0,24.0,32.8,22.9,28.5,26.4,28.0,29.0,38.3,36.2,32.6,29.8,81.0,49.0,1.9,10.2,0.0,4.23,0.0,0.0,12
2015-03-19,25.0,23.0,31.5,23.5,32.5,22.9,28.5,26.8,28.2,29.4,38.1,36.0,32.8,30.0,84.0,48.0,1.6,9.5,0.0,2.76,0.0,0.0,10
2015-03-20,25.5,23.4,31.5,25.5,33.2,22.9,29.3,27.2,28.6,29.6,37.3,35.8,32.6,30.0,82.0,60.0,2.1,9.4,0.0,5.0,0.0,0.0,12
2015-03-21,26.5,24.6,30.0,25.0,32.8,22.9,29.5,27.4,28.8,30.0,37.7,35.8,32.4,30.2,84.0,65.0,2.0,9.9,0.0,2.71,0.0,0.0,13
2015-03-22,26.0,24.4,32.5,25.8,33.5,22.9,29.1,27.4,28.6,29.6,38.1,36.0,32.8,30.0,87.0,56.0,1.8,9.2,0.0,4.21,0.0,0.0,7
2015-03-23,26.0,24.5,33.0,25.0,34.0,22.9,29.3,27.6,28.8,30.0,39.3,37.0,33.6,30.8,88.0,50.0,1.9,9.7,0.0,4.32,0.0,0.0,13
2015-03-24,25.5,23.0,33.0,25.0,33.8,22.9,29.3,27.6,29.0,29.8,38.7,36.6,33.6,31.0,79.0,50.0,2.2,10.0,0.0,5.4,0.0,0.0,13
2015-03-25,26.0,23.5,33.0,25.8,33.7,22.9,29.5,27.8,29.0,30.2,38.5,36.2,33.0,30.6,81.0,54.0,2.3,9.7,0.0,4.26,0.0,0.0,17
2015-03-26,27.5,25.0,31.0,25.8,32.7,22.9,30.3,28.4,29.8,30.2,36.9,34.8,32.6,30.6,80.0,65.0,3.0,9.3,6.7,4.12,0.0,0.0,13
2015-03-27,26.0,24.5,31.0,25.0,31.5,22.9,29.3,28.0,29.2,30.2,34.5,32.2,31.2,30.2,88.0,60.0,1.9,2.3,4.1,2.13,0.0,0.0,5
2015-03-28,28.0,26.0,30.0,25.5,33.0,22.9,30.3,28.0,28.6,29.6,32.9,32.4,32.0,29.8,85.0,69.0,2.3,5.8,0.0,2.89,0.0,0.0,13
2015-03-29,28.5,25.5,32.0,26.0,34.2,22.9,30.5,28.0,28.8,29.8,37.3,35.0,33.0,30.4,78.0,60.0,2.6,9.7,0.0,4.46,0.0,0.0,10
2015-03-30,28.5,24.4,32.6,25.5,34.4,22.9,30.9,28.6,29.6,30.0,37.9,36.4,33.4,30.8,69.0,55.0,2.8,10.0,0.0,5.08,0.0,0.0,12
2015-03-31,28.8,25.8,31.5,25.8,34.5,22.9,31.5,28.0,30.0,30.6,36.7,36.0,33.6,31.0,78.0,61.0,2.6,8.9,0.0,4.37,0.0,0.0,13
2015-04-01,28.0,25.0,30.0,25.4,34.8,22.9,30.9,28.8,30.4,31.0,36.1,36.0,34.2,31.0,77.0,68.0,3.0,7.3,0.0,4.48,0.0,0.0,10
2015-04-02,27.5,25.0,32.0,26.0,35.0,22.9,31.1,29.2,30.6,31.0,38.1,36.2,33.8,31.0,80.0,60.0,2.3,7.7,0.0,3.88,0.0,0.0,13
2015-04-03,27.0,25.0,34.5,27.0,35.2,22.9,31.3,29.6,30.2,31.0,38.7,37.2,34.2,31.8,84.0,53.0,2.3,8.7,2.8,4.01,0.0,0.0,13
2015-04-04,29.5,27.0,34.5,26.5,35.0,22.9,31.7,29.4,30.2,31.0,39.1,37.4,34.6,31.6,81.0,51.0,2.3,10.2,0.0,5.04,0.0,0.0,10
2015-04-05,28.5,26.0,34.5,26.0,35.3,22.9,31.9,29.8,30.4,31.2,38.3,37.0,34.4,31.8,80.0,48.0,2.4,9.8,0.0,4.5,0.0,0.0,5
2015-04-06,28.5,25.5,35.2,25.8,35.8,22.9,31.9,29.8,31.2,31.4,40.1,38.2,34.8,32.0,78.0,45.0,1.6,10.0,0.0,4.56,0.0,0.0,10
2015-04-07,29.5,26.0,30.5,24.0,36.0,22.9,32.5,30.4,31.6,31.6,35.9,36.6,34.2,32.0,74.0,56.0,2.3,7.5,0.7,3.34,0.0,0.0,5
2015-04-08,25.8,24.4,28.0,25.6,29.2,22.9,29.1,29.0,31.2,31.4,31.9,31.2,31.8,31.4,88.0,82.0,1.9,0.2,0.0,1.08,0.0,0.0,13
2015-04-09,27.8,25.0,31.8,25.4,34.0,22.9,30.9,29.0,30.4,30.4,38.3,36.8,34.0,31.2,79.0,58.0,2.9,9.7,0.0,4.28,0.0,0.0,2
2015-04-10,29.0,26.0,27.0,25.0,33.0,22.9,31.7,30.6,31.2,30.0,30.3,30.4,32.2,31.4,78.0,84.0,2.1,6.2,32.2,4.28,0.0,0.0,5
2015-04-11,27.5,25.0,28.5,24.0,35.0,22.9,30.9,28.2,29.4,30.2,33.9,33.8,33.0,29.8,80.0,67.0,2.0,6.7,0.0,3.99,0.0,0.0,5
2015-04-12,29.5,26.0,32.0,26.5,35.0,22.9,31.7,29.0,29.8,30.2,36.3,35.6,33.6,31.0,74.0,64.0,3.1,10.3,0.0,4.79,0.0,0.0,10
2015-04-13,28.0,26.0,22.5,21.5,32.0,22.9,31.5,29.8,30.2,30.8,27.7,29.2,30.4,30.6,85.0,91.0,3.0,2.6,9.7,2.15,0.0,0.0,5
2015-04-15,28.5,26.2,30.0,26.0,33.0,22.9,30.7,28.2,28.6,31.0,33.9,33.2,32.0,29.8,82.0,71.0,2.4,7.8,2.0,3.74,0.0,0.0,13
2015-04-16,27.5,24.5,32.0,26.0,34.0,22.9,30.7,28.6,29.2,29.8,37.9,35.6,32.6,30.4,77.0,60.0,2.7,9.8,0.0,4.12,0.0,0.0,8
2015-04-17,28.0,25.5,33.5,25.5,34.5,22.9,31.3,29.2,30.2,29.8,37.7,35.6,33.6,31.0,82.0,50.0,3.2,10.7,0.0,5.58,0.0,0.0,8
2015-04-18,28.0,25.0,29.0,26.0,34.9,22.9,31.1,29.4,30.4,30.4,37.1,35.4,33.4,31.0,77.0,78.0,2.9,10.6,0.0,3.07,0.0,0.0,8
2015-04-19,27.5,25.0,27.2,24.5,34.8,22.9,30.3,29.2,30.6,31.0,36.9,35.2,33.2,31.2,80.0,80.0,2.0,8.4,13.6,3.49,0.0,0.0,11
2015-04-20,27.4,25.4,26.0,24.0,33.0,22.9,30.9,29.2,30.4,31.0,30.9,31.4,32.2,30.8,84.0,84.0,2.1,4.5,28.7,2.87,0.0,0.0,0
2015-04-21,26.0,24.4,32.0,26.0,33.5,22.9,29.7,28.4,29.4,30.0,38.5,35.6,32.4,30.4,87.0,60.0,2.8,6.8,1.2,4.55,0.0,0.0,8
2015-04-22,28.0,25.4,34.5,27.0,35.0,22.9,31.7,28.8,29.8,30.4,40.3,36.8,33.6,30.8,80.0,53.0,2.1,10.4,0.0,4.64,0.0,0.0,12
2015-04-23,28.5,26.5,30.8,25.6,36.2,22.9,32.5,30.0,30.4,31.4,40.3,37.6,34.4,34.0,85.0,64.0,2.9,10.5,0.0,4.91,0.0,0.0,13
2015-04-24,29.0,24.8,30.0,26.0,35.8,23.7,32.1,29.8,30.4,31.2,41.7,38.4,34.6,31.8,70.0,71.0,2.6,10.8,0.0,5.15,0.0,0.0,10
2015-04-25,28.0,25.0,29.0,25.4,33.3,23.0,31.9,30.2,31.4,31.6,35.9,34.4,33.6,31.6,77.0,74.0,2.8,5.9,0.0,5.29,0.0,0.0,17
2015-04-26,28.0,25.0,33.5,27.4,35.2,22.4,32.1,29.8,30.6,31.2,40.1,37.8,34.4,31.8,77.0,60.0,2.7,11.0,0.0,3.74,0.0,0.0,13
2015-04-27,26.5,25.0,34.0,26.5,35.3,22.7,31.3,29.4,31.2,31.4,41.5,38.0,34.4,32.0,87.0,54.0,3.1,9.2,0.0,3.58,0.0,0.0,13
2015-04-28,29.0,25.5,28.0,25.0,35.0,23.2,32.3,30.0,31.2,31.6,36.9,36.2,34.4,32.0,75.0,77.0,1.7,7.8,3.0,4.08,0.0,0.0,13
2015-04-29,29.0,24.8,30.5,26.0,33.8,23.3,32.3,29.6,30.4,31.4,36.9,35.4,33.4,31.8,70.0,68.0,2.1,8.2,0.0,3.88,0.0,0.0,12
2015-04-30,28.0,25.4,34.4,25.6,35.5,23.0,31.5,29.4,30.6,31.4,41.5,38.2,34.4,32.0,80.0,47.0,2.0,9.5,0.0,4.64,0.0,0.0,16
2015-05-01,29.0,25.8,32.5,26.4,34.1,23.9,32.3,30.2,31.4,31.8,38.5,36.4,34.2,32.0,76.0,60.0,2.5,6.9,0.0,2.91,0.0,0.0,13
2015-05-02,28.4,26.0,32.5,27.0,35.0,24.3,31.5,30.0,31.4,31.6,39.9,37.4,34.8,32.4,82.0,63.0,2.2,6.8,2.0,5.29,0.0,0.0,12
2015-05-03,30.0,27.0,35.0,27.0,36.0,24.5,32.3,30.0,31.0,31.8,41.3,38.2,34.6,32.0,78.0,52.0,1.9,9.3,0.0,4.57,0.0,0.0,8
2015-05-04,29.0,26.0,23.5,22.0,34.8,16.6,32.3,30.6,31.4,32.2,35.7,31.0,34.0,31.8,78.0,86.0,2.3,6.9,46.5,1.95,0.0,0.0,13
2015-05-05,28.0,25.4,32.5,26.4,34.0,23.7,31.3,28.8,29.8,30.8,35.1,34.2,32.6,31.2,80.0,60.0,2.2,7.3,0.0,2.33,1.0,0.0,17
2015-05-06,28.0,24.8,28.8,25.5,34.3,23.0,31.9,29.2,30.0,30.6,34.5,33.8,32.4,31.2,76.0,76.0,2.3,7.4,0.0,4.61,0.0,0.0,13
2015-05-07,28.4,25.4,30.0,26.0,34.0,24.3,31.9,29.0,30.0,29.8,37.3,36.2,33.6,31.4,78.0,71.0,2.4,7.8,5.1,3.32,0.0,0.0,13
2015-05-08,28.5,25.5,34.0,28.0,34.5,24.2,32.3,29.6,30.2,31.2,36.9,34.2,33.2,31.4,78.0,62.0,1.8,7.2,3.3,3.54,0.0,0.0,13
2015-05-09,28.0,25.5,33.0,27.0,34.0,24.2,31.7,29.6,30.2,31.2,36.5,34.6,33.0,31.6,82.0,61.0,1.8,4.7,0.3,3.18,0.0,0.0,8
2015-05-11,27.5,25.8,30.5,26.8,32.7,24.4,30.9,28.2,29.2,30.0,34.1,33.2,31.8,30.4,86.0,73.0,2.3,4.4,0.5,2.76,0.0,0.0,8
2015-05-12,27.5,24.4,30.8,26.8,33.5,23.2,31.3,29.2,29.8,30.2,35.3,34.2,32.4,31.0,76.0,72.0,2.1,6.9,15.3,3.94,0.0,0.0,11
2015-05-13,27.0,25.6,27.0,25.0,33.0,22.0,30.5,28.4,29.6,30.4,32.9,32.2,32.2,30.4,89.0,84.0,1.8,6.7,1.1,3.67,0.0,0.0,12
2015-05-14,29.0,26.5,26.0,24.0,34.0,23.4,32.1,29.2,29.8,30.4,31.9,33.2,33.0,30.8,82.0,84.0,1.8,7.7,6.7,3.09,0.0,0.0,5
2015-05-15,29.0,26.2,32.8,27.5,33.0,24.3,31.7,28.8,29.6,30.2,34.9,33.2,32.2,31.0,79.0,66.0,1.2,6.2,0.0,3.21,0.0,0.0,12
2015-05-16,27.5,25.8,33.0,28.0,34.5,24.7,30.9,28.8,29.8,30.2,36.5,34.8,32.6,31.0,86.0,67.0,1.7,6.1,0.0,2.5,0.0,0.0,7
2015-05-17,28.5,25.0,32.5,27.0,33.4,24.0,32.5,29.6,30.2,31.0,37.3,35.6,33.4,31.0,73.0,63.0,1.7,8.5,0.0,2.35,0.0,0.0,5
2015-05-18,28.5,26.0,32.4,26.5,34.0,24.0,32.5,29.4,30.4,31.0,39.9,37.2,33.8,31.4,80.0,62.0,2.0,8.8,0.0,5.42,0.0,0.0,10
2015-05-19,29.5,25.4,34.5,26.8,35.2,23.9,33.7,30.2,31.4,31.4,41.3,38.2,34.2,32.0,70.0,52.0,2.5,9.7,0.0,5.02,0.0,0.0,13
2015-05-20,29.6,26.0,35.0,25.0,35.8,23.3,33.1,30.2,31.4,31.4,39.9,38.2,34.4,32.2,74.0,42.0,2.2,9.8,0.0,4.41,0.0,0.0,13
2015-05-21,29.0,25.8,33.5,26.0,36.5,23.8,33.7,30.2,31.4,31.6,39.9,37.6,34.4,32.0,76.0,53.0,2.6,10.9,0.0,4.61,0.0,0.0,10
2015-05-22,29.0,25.8,33.0,26.8,34.5,24.1,33.9,30.2,31.4,31.6,39.5,37.2,34.4,31.6,76.0,60.0,2.4,9.7,0.0,3.27,0.0,0.0,13
2015-05-23,29.2,24.6,33.5,26.4,34.2,23.0,31.7,30.2,31.6,31.6,39.5,37.2,34.4,31.4,67.0,55.0,3.3,10.0,0.0,5.49,0.0,0.0,8
2015-05-24,29.0,25.0,34.0,26.4,35.7,23.2,33.9,30.2,31.4,30.8,40.9,38.4,34.4,32.0,71.0,53.0,3.4,10.7,0.0,5.76,0.0,0.0,13
2015-05-25,29.8,25.8,34.0,26.4,35.3,23.7,33.9,30.4,31.4,31.8,40.3,37.6,34.6,32.0,71.0,53.0,2.9,10.4,0.0,4.46,0.0,0.0,5
2015-05-26,29.0,25.4,34.5,23.0,35.3,24.0,31.7,30.2,31.4,31.6,40.7,37.6,34.2,32.2,74.0,34.0,2.5,6.7,0.0,4.68,0.0,0.0,14
2015-05-27,29.5,26.0,34.0,26.8,35.4,24.5,33.3,30.2,31.4,31.6,40.7,37.8,34.4,32.0,74.0,55.0,2.8,9.3,0.0,4.03,0.0,0.0,7
2015-05-28,28.4,25.8,35.0,27.0,35.8,24.0,32.5,30.4,31.8,32.0,42.1,38.6,34.4,32.0,80.0,52.0,1.7,7.7,0.0,4.17,0.0,0.0,7
2015-05-29,29.5,26.2,34.0,25.8,35.6,24.1,35.1,31.2,32.0,32.0,41.5,38.6,35.6,32.4,75.0,50.0,2.9,10.9,0.0,5.02,0.0,0.0,13
2015-05-30,29.0,25.0,34.0,27.0,35.8,23.6,34.5,30.8,31.8,32.2,41.3,38.4,35.6,33.0,71.0,56.0,2.0,8.0,0.0,5.51,0.0,0.0,10
2015-05-31,28.4,25.0,34.0,26.0,35.4,23.6,33.9,30.2,31.6,32.0,41.7,38.2,34.8,32.4,75.0,51.0,2.7,8.2,0.0,4.56,0.0,0.0,17
2015-06-01,28.5,25.5,33.5,25.4,34.8,23.7,33.9,30.2,31.6,31.8,41.3,38.2,35.0,32.4,78.0,49.0,3.1,10.3,0.0,5.59,0.0,0.0,11
2015-06-02,29.2,25.0,33.8,26.0,34.7,24.1,35.7,31.2,31.8,32.0,40.3,36.8,34.6,32.6,70.0,52.0,1.5,9.6,0.0,3.58,0.0,0.0,17
2015-06-03,29.5,25.8,35.5,26.0,36.0,24.3,35.3,31.0,31.8,32.0,41.3,38.6,34.4,33.2,73.0,44.0,2.6,9.5,8.0,2.31,0.0,0.0,16
2015-06-04,28.5,26.0,25.0,24.0,34.0,23.2,32.3,30.2,31.4,32.0,30.9,33.6,33.8,32.0,80.0,92.0,1.9,5.7,6.4,2.46,0.0,0.0,13
2015-06-05,28.0,25.4,29.5,24.0,34.4,22.5,32.3,29.0,30.2,31.4,35.1,35.2,33.2,31.6,80.0,61.0,2.4,9.5,15.5,5.35,0.0,0.0,10
2015-06-06,27.5,24.4,34.0,26.8,35.0,24.0,31.9,28.8,29.6,30.8,36.7,35.4,33.8,30.4,76.0,55.0,2.3,10.4,0.0,4.45,0.0,0.0,13
2015-06-07,29.0,25.0,34.0,25.5,34.8,23.3,32.3,29.6,30.8,31.4,37.9,36.6,34.2,31.8,71.0,49.0,2.8,11.1,0.0,4.79,0.0,0.0,13
2015-06-08,27.5,25.0,33.0,25.0,34.7,23.5,31.7,29.2,30.6,31.4,38.1,36.4,34.0,32.0,80.0,50.0,2.5,10.5,0.0,3.8,0.0,0.0,10
2015-06-09,29.0,25.0,34.5,26.0,34.9,23.7,31.7,29.6,30.4,31.4,39.3,37.2,34.4,32.0,71.0,48.0,2.6,10.5,0.0,5.75,0.0,0.0,13
2015-06-10,28.5,25.4,34.0,25.8,34.4,22.8,33.1,30.2,30.6,31.4,39.1,37.0,34.2,31.8,76.0,50.0,2.7,10.2,0.0,5.46,0.0,0.0,12
2015-06-11,29.0,25.0,34.5,27.0,35.2,23.7,33.5,30.4,31.4,31.6,39.5,37.2,34.6,32.2,71.0,53.0,2.8,8.5,0.0,5.39,0.0,0.0,13
2015-06-12,28.5,24.5,33.5,25.6,34.4,23.7,32.9,30.2,31.4,31.6,39.9,37.6,34.4,32.0,71.0,50.0,3.6,10.4,0.0,6.63,0.0,0.0,13
2015-06-13,28.5,25.0,34.5,26.0,35.3,23.2,32.1,30.0,31.4,31.8,39.5,37.4,34.4,32.4,73.0,48.0,2.5,11.0,0.0,3.96,0.0,0.0,13
2015-06-14,29.5,24.8,34.0,26.0,35.5,24.0,33.3,30.2,31.4,32.0,40.3,37.8,34.4,32.4,66.0,51.0,4.5,11.8,0.0,4.54,0.0,0.0,13
2015-06-15,30.5,25.8,32.5,26.2,33.8,24.8,33.5,30.4,31.6,32.2,40.1,37.2,34.6,33.6,67.0,58.0,5.8,11.6,0.0,6.65,0.0,0.0,17
2015-06-16,28.5,24.6,31.0,24.8,32.8,24.4,31.5,30.4,31.4,32.2,37.9,35.2,33.4,32.2,71.0,58.0,5.3,4.0,0.0,4.12,0.0,0.0,13
2015-06-17,29.0,24.5,31.0,25.0,32.5,20.0,31.5,30.0,31.4,32.0,36.1,34.0,33.0,32.0,68.0,60.0,6.9,1.0,0.0,4.9,0.0,0.0,13
2015-06-18,29.0,24.0,31.5,25.0,32.0,26.7,30.5,29.6,31.2,31.6,36.3,33.8,32.6,31.6,64.0,56.0,8.0,2.5,0.0,5.17,0.0,0.0,17
2015-06-19,29.5,25.0,32.0,25.0,33.3,26.6,30.3,29.6,30.4,31.6,37.1,34.2,32.6,31.4,67.0,55.0,9.6,8.3,0.0,5.64,0.0,0.0,13
2015-06-20,30.5,24.4,33.0,24.8,34.5,23.0,32.5,29.8,31.4,31.4,40.1,36.8,34.0,31.6,58.0,49.0,7.2,9.9,0.0,8.57,0.0,0.0,14
2015-06-21,30.5,24.2,33.5,24.8,34.4,21.7,32.9,30.0,31.2,31.4,39.7,36.2,33.8,32.0,57.0,46.0,4.6,10.3,0.0,5.6,0.0,0.0,16
2015-06-22,29.8,24.4,34.0,24.5,34.8,23.0,32.3,29.2,30.8,31.4,39.9,36.4,34.0,31.8,62.0,44.0,4.2,11.0,0.0,6.58,0.0,0.0,10
2015-06-23,30.0,25.5,34.0,25.8,35.0,22.5,31.9,30.0,31.4,31.8,40.7,37.2,34.2,32.0,69.0,50.0,4.4,11.1,0.0,6.13,0.0,0.0,3
2015-06-24,29.6,25.0,34.5,26.0,35.2,23.2,32.7,30.0,31.2,31.8,41.9,38.2,35.0,32.8,67.0,48.0,4.2,11.0,0.0,6.54,0.0,0.0,10
2015-06-25,29.5,25.0,34.0,25.0,34.5,24.5,34.3,30.2,31.8,32.2,40.7,38.0,34.8,32.6,67.0,46.0,6.3,11.3,0.0,6.96,0.0,0.0,13
2015-06-26,31.0,25.0,31.5,25.0,33.8,23.1,34.9,30.8,31.8,32.2,40.1,36.6,34.4,32.4,60.0,56.0,10.1,8.6,0.0,7.84,0.0,0.0,14
2015-06-27,31.0,25.2,31.0,25.0,33.5,24.0,34.3,31.2,32.2,32.2,38.3,35.4,34.2,32.6,61.0,60.0,6.1,4.0,0.0,5.51,0.0,0.0,13
2015-06-28,31.0,25.0,33.5,26.0,34.5,23.5,34.9,30.2,31.6,32.0,40.7,36.6,34.2,32.0,60.0,53.0,4.1,7.4,0.0,4.83,0.0,0.0,8
2015-06-29,29.0,25.6,33.0,26.5,33.8,22.6,33.1,30.2,31.8,32.0,42.3,37.6,34.6,32.8,75.0,59.0,3.9,8.6,0.0,6.94,0.0,0.0,10
2015-06-30,28.5,25.0,29.8,25.0,34.5,23.0,34.5,30.2,31.8,32.2,38.1,35.8,34.2,32.4,73.0,66.0,2.8,7.0,0.0,3.92,0.0,0.0,5
2015-07-01,29.5,26.0,34.0,26.5,35.0,23.7,35.5,30.6,32.2,32.4,40.9,37.4,34.6,33.0,74.0,54.0,3.5,11.4,0.0,5.91,0.0,0.0,13
2015-07-02,29.0,25.0,29.5,26.0,35.5,22.9,35.3,31.2,32.2,33.0,42.9,38.8,36.2,33.0,71.0,74.0,3.6,11.3,0.0,6.13,0.0,0.0,10
2015-07-03,29.5,24.5,34.5,26.8,35.3,25.0,35.1,30.8,32.2,32.4,43.7,38.8,35.8,33.0,70.0,52.0,6.1,11.1,0.0,7.28,0.0,0.0,8
2015-07-04,30.5,25.0,32.5,26.0,34.5,24.2,34.9,31.2,32.4,32.4,41.7,38.2,35.6,33.0,62.0,57.0,6.0,12.5,0.0,7.01,0.0,0.0,13
2015-07-05,30.5,26.0,34.0,26.5,34.4,25.3,34.1,30.6,32.4,32.6,42.3,38.2,35.6,33.4,68.0,54.0,7.3,10.2,0.0,7.61,0.0,0.0,13
2015-07-06,30.0,23.8,32.5,25.0,33.8,23.8,33.3,30.4,32.2,32.4,40.1,36.4,34.4,32.6,56.0,52.0,6.5,8.7,0.0,5.62,0.0,0.0,8
2015-07-07,29.0,23.8,33.0,24.2,34.3,22.7,32.1,29.8,31.6,32.0,41.9,37.2,34.6,32.2,62.0,46.0,6.4,10.6,0.0,8.53,0.0,0.0,13
2015-07-08,29.5,24.0,33.5,26.2,34.8,24.0,33.3,29.8,31.6,32.0,42.7,37.4,34.6,32.4,61.0,54.0,6.5,11.0,0.0,5.77,0.0,0.0,16
2015-07-09,30.5,24.0,33.5,26.0,34.4,25.5,35.1,30.4,31.8,32.2,42.3,37.8,34.6,32.4,56.0,53.0,7.2,10.3,0.0,7.97,0.0,0.0,16
2015-07-10,30.8,25.6,33.0,24.4,34.7,26.3,35.1,30.8,32.2,32.2,42.5,37.6,34.4,32.6,64.0,47.0,7.1,8.8,0.0,7.23,0.0,0.0,16
2015-07-11,30.5,25.0,34.0,24.0,34.5,25.5,34.1,30.8,32.4,32.4,41.7,38.6,34.2,32.6,62.0,41.0,7.4,8.1,0.0,7.01,0.0,0.0,17
2015-07-12,29.5,24.0,34.5,24.0,35.0,23.0,33.5,30.8,32.2,32.4,41.7,38.0,34.0,32.8,61.0,38.0,4.4,9.3,0.0,4.77,0.0,0.0,17
2015-07-13,29.0,25.0,35.0,26.1,35.8,23.0,33.9,30.6,32.2,32.4,44.1,39.2,35.6,33.0,71.0,48.0,3.2,10.4,0.0,7.03,0.0,0.0,13
2015-07-14,29.0,24.8,35.0,26.0,36.0,23.8,33.9,31.2,32.6,33.0,44.1,39.0,35.8,33.4,70.0,47.0,4.6,10.4,0.0,6.67,0.0,0.0,11
2015-07-15,30.2,23.8,32.5,25.4,34.7,24.6,32.9,31.0,32.8,33.0,41.9,38.0,33.6,33.2,56.0,54.0,7.4,8.9,0.0,6.72,0.0,0.0,13
2015-07-16,30.0,24.8,32.0,24.8,34.0,25.3,33.9,31.0,32.4,33.0,41.5,37.4,35.4,33.0,64.0,53.0,7.6,10.0,0.0,6.84,0.0,0.0,13
2015-07-17,29.5,24.5,30.0,24.8,33.0,25.7,32.9,31.0,32.4,32.8,38.7,36.0,34.4,32.8,65.0,64.0,9.3,6.3,0.0,5.8,0.0,0.0,14
2015-07-18,30.0,25.0,32.5,25.0,33.5,25.5,32.9,30.6,32.4,32.8,38.3,35.6,34.2,32.8,65.0,52.0,8.7,4.2,0.0,6.98,0.0,0.0,13
2015-07-19,30.0,25.0,33.5,26.0,34.3,24.8,33.5,30.6,32.4,32.4,43.1,38.6,35.0,32.8,65.0,53.0,8.4,11.2,0.0,7.25,0.0,0.0,13
2015-07-20,29.5,24.0,32.0,25.8,33.5,24.3,33.7,30.6,32.4,32.4,40.9,36.6,34.4,32.6,61.0,59.0,5.5,8.5,0.0,5.26,0.0,0.0,16
2015-07-21,30.3,25.0,33.0,25.8,34.6,24.0,33.9,30.8,32.4,32.4,41.9,37.0,34.6,32.6,63.0,54.0,6.7,7.9,0.0,5.98,0.0,0.0,16
2015-07-23,28.0,25.0,34.5,26.0,35.2,24.2,32.3,30.6,32.4,32.6,44.5,38.4,35.6,33.0,77.0,48.0,3.2,7.4,0.0,5.82,0.0,0.0,10
2015-07-24,27.7,24.4,33.2,25.0,34.8,22.9,31.7,31.6,32.4,32.4,43.1,37.8,34.6,32.8,74.0,49.0,3.6,5.7,0.0,4.81,0.0,0.0,0
2015-07-25,29.0,24.6,34.0,27.0,35.8,22.4,33.5,30.4,32.4,32.4,46.3,39.0,35.6,33.2,68.0,56.0,4.0,7.2,0.0,5.28,0.0,0.0,13
2015-07-26,29.5,25.0,33.4,25.6,34.9,22.2,33.7,30.4,32.4,32.4,43.5,38.4,35.4,33.2,67.0,51.0,4.3,10.6,0.0,4.61,0.0,0.0,16
2015-07-27,28.7,24.4,33.5,26.2,35.0,22.7,32.9,30.4,32.4,32.6,42.9,38.2,35.4,33.0,60.0,54.0,2.9,8.5,0.0,4.27,0.0,0.0,14
2015-07-28,28.4,25.4,34.5,25.0,35.5,23.0,33.3,30.8,32.4,32.6,43.3,38.2,35.8,33.4,78.0,43.0,2.7,9.7,0.0,5.57,0.0,0.0,12
2015-07-29,29.0,23.8,36.0,25.0,36.7,22.7,34.3,31.2,32.8,32.8,46.5,40.0,37.4,33.2,63.0,38.0,3.1,10.8,0.0,5.8,0.0,0.0,11
2015-07-30,27.4,22.6,35.0,25.0,35.5,23.5,32.9,31.0,33.0,33.2,44.1,38.4,35.6,33.4,64.0,42.0,3.3,5.6,0.0,5.93,0.0,0.0,14
2015-07-31,28.0,24.0,35.5,24.8,36.5,21.7,33.3,30.2,33.2,33.0,47.7,40.2,36.0,33.4,70.0,39.0,2.3,10.3,0.0,3.65,0.0,0.0,5
2015-08-01,28.5,24.0,35.5,25.0,36.0,22.3,33.7,31.0,33.2,33.4,46.3,40.2,37.0,33.6,67.0,40.0,3.5,11.4,0.0,5.73,0.0,0.0,8
2015-08-02,29.0,23.6,35.0,24.8,35.8,22.7,33.7,31.2,33.2,33.2,44.9,39.6,36.8,33.6,62.0,39.0,4.4,11.2,0.0,6.2,0.0,0.0,17
2015-08-03,29.4,23.8,33.8,25.0,36.0,22.5,33.9,31.2,33.0,33.4,44.5,39.2,37.0,34.0,61.0,46.0,4.8,10.9,0.0,6.29,0.0,0.0,5
2015-08-04,29.5,23.5,33.0,24.5,34.5,22.9,33.9,31.2,33.2,33.4,43.3,38.4,36.2,33.8,58.0,48.0,5.6,11.2,0.0,6.24,0.0,0.0,13
2015-08-05,29.7,24.4,32.5,24.6,34.4,24.2,34.1,31.2,33.0,33.2,44.5,38.6,35.6,33.2,62.0,50.0,6.8,8.9,0.0,5.55,0.0,0.0,8
2015-08-06,30.0,24.0,34.5,25.0,34.4,24.2,33.9,31.2,32.8,33.2,45.1,39.4,36.2,33.4,59.0,43.0,6.6,11.7,0.0,7.57,0.0,0.0,14
2015-08-07,30.8,24.0,33.8,24.6,35.5,23.0,34.3,31.4,33.2,33.4,44.9,39.6,36.0,33.6,55.0,44.0,6.5,11.5,0.0,6.74,0.0,0.0,17
2015-08-08,28.4,23.4,32.0,24.0,33.0,24.2,31.9,30.8,33.8,33.4,39.9,36.6,35.2,33.4,64.0,49.0,6.4,5.8,0.0,4.48,0.0,0.0,17
2015-08-09,29.0,24.0,33.0,25.0,34.4,25.4,32.7,30.6,32.8,33.0,41.3,36.0,34.2,32.8,64.0,50.0,8.1,5.1,0.0,5.15,0.0,0.0,13
2015-08-10,29.5,24.4,33.5,26.0,33.8,26.4,33.7,31.2,32.6,32.6,41.7,36.6,34.8,33.0,63.0,53.0,8.4,5.7,0.0,7.25,0.0,0.0,8
2015-08-11,30.5,24.5,32.5,25.0,33.8,24.7,33.9,31.2,32.6,32.6,41.7,37.4,35.6,33.2,59.0,52.0,6.8,8.2,0.0,5.86,0.0,0.0,16
2015-08-12,30.0,24.4,33.8,25.5,35.8,24.8,33.1,30.8,32.6,32.0,43.9,38.6,35.8,33.0,61.0,44.0,4.7,9.9,0.0,5.2,0.0,0.0,14
2015-08-13,30.0,24.6,35.5,26.8,36.3,23.0,33.7,31.0,33.4,33.2,46.5,39.8,36.2,33.6,63.0,48.0,6.4,10.9,0.0,6.84,0.0,0.0,13
2015-08-14,29.5,25.0,37.0,27.4,37.2,23.3,35.7,31.8,33.4,33.4,47.5,40.8,36.6,33.6,67.0,45.0,3.1,10.2,47.2,9.04,0.0,0.0,8
2015-08-15,28.3,26.2,29.5,25.5,34.0,21.7,32.3,29.6,31.0,32.2,34.1,32.8,33.2,32.2,83.0,71.0,2.9,7.1,12.2,3.31,0.0,0.0,8
2015-08-16,27.0,25.0,29.5,26.0,33.5,21.7,30.9,28.4,29.6,31.4,32.7,32.2,32.0,32.4,84.0,74.0,2.5,3.2,0.0,2.62,0.0,0.0,13
2015-08-17,27.5,25.0,29.5,27.0,33.0,23.0,31.5,28.2,29.4,30.8,33.5,32.6,32.4,31.0,80.0,81.0,1.5,7.2,2.2,2.3,0.0,0.0,13
2015-08-18,28.0,26.0,32.5,26.5,33.3,23.0,31.5,29.0,30.2,31.0,35.9,34.6,33.2,31.4,85.0,61.0,2.6,10.4,0.0,4.83,0.0,0.0,10
2015-08-19,27.2,25.4,33.0,27.0,34.6,23.6,31.5,28.8,30.4,31.0,37.9,36.0,33.6,31.6,86.0,61.0,2.1,9.4,0.0,3.15,0.0,0.0,13
2015-08-20,28.2,25.4,33.0,26.0,34.8,22.5,32.7,29.6,31.2,31.4,37.9,36.8,34.2,32.0,79.0,55.0,2.6,10.6,0.0,4.63,0.0,0.0,13
2015-08-21,28.0,25.0,33.8,26.8,34.5,22.5,32.1,29.2,31.0,31.6,39.5,36.8,34.4,32.0,77.0,56.0,3.0,10.4,0.0,4.65,0.0,0.0,13
2015-08-22,28.5,25.0,34.0,27.0,35.3,22.1,33.1,29.8,31.2,32.0,40.9,38.0,34.6,32.0,73.0,56.0,4.1,10.6,0.0,6.42,0.0,0.0,13
2015-08-23,28.5,24.5,34.2,26.0,35.3,22.7,32.3,29.8,31.4,32.0,40.3,37.4,34.4,32.2,71.0,50.0,4.5,9.4,0.0,5.8,0.0,0.0,8
2015-08-24,29.8,25.0,33.5,25.5,34.8,22.7,33.7,30.2,31.6,32.0,41.1,37.4,34.6,32.2,66.0,50.0,4.9,10.7,0.0,4.74,0.0,0.0,13
2015-08-25,29.5,24.8,33.5,25.8,34.7,22.0,32.9,30.2,31.4,32.0,40.1,37.2,34.6,32.2,66.0,51.0,4.6,10.8,0.0,6.43,0.0,0.0,8
2015-08-26,29.7,24.3,34.0,25.7,35.1,21.9,32.9,30.2,31.2,32.0,40.5,37.6,34.4,32.4,62.0,50.0,5.0,10.9,0.0,7.3,0.0,0.0,13
2015-08-27,28.0,24.0,32.2,25.8,34.3,22.0,32.1,29.8,31.4,31.8,39.1,36.2,33.8,32.2,70.0,58.0,4.8,9.6,0.0,3.36,0.0,0.0,17
2015-08-28,30.5,25.5,32.0,25.5,34.0,22.5,32.9,30.0,31.4,31.8,38.9,36.0,33.6,32.0,66.0,58.0,4.2,7.7,0.0,4.72,0.0,0.0,13
2015-08-29,28.5,26.0,34.0,27.0,35.0,22.2,32.9,29.0,31.4,32.0,41.3,37.6,34.6,32.4,80.0,56.0,4.4,11.1,0.0,5.6,0.0,0.0,13
2015-08-30,29.0,25.5,35.0,27.5,36.3,22.5,33.3,30.2,31.6,32.0,42.5,38.4,35.2,32.6,75.0,55.0,3.6,11.2,0.0,5.15,0.0,0.0,13
2015-08-31,29.0,24.8,32.5,27.8,36.3,22.5,33.9,30.4,31.8,32.2,39.9,37.2,35.2,32.6,70.0,68.0,1.9,7.1,0.0,3.15,0.0,0.0,12
2015-09-01,28.4,25.5,34.5,27.4,36.4,23.0,32.9,30.4,32.2,32.4,42.9,39.4,35.8,32.8,79.0,55.0,2.5,8.8,25.3,6.22,0.0,0.0,8
2015-09-02,28.0,25.8,33.2,28.4,35.0,23.5,31.9,29.4,30.8,31.8,37.3,36.2,34.2,32.2,83.0,68.0,2.4,9.4,0.0,5.46,0.0,0.0,17
2015-09-03,28.0,26.0,27.0,25.0,33.8,22.3,33.1,30.0,31.2,32.0,33.9,33.8,32.6,32.2,85.0,84.0,2.3,7.8,16.1,3.2,0.0,0.0,8
2015-09-04,27.2,25.8,32.6,28.4,33.7,22.0,30.9,29.0,30.0,31.0,36.3,34.6,32.6,31.2,89.0,72.0,2.0,4.1,17.2,3.06,0.0,0.0,10
2015-09-05,26.6,25.0,32.0,27.0,32.8,22.9,30.1,28.6,29.8,30.8,35.9,32.8,32.2,31.0,87.0,66.0,1.4,4.5,0.0,2.46,0.0,0.0,14
2015-09-06,27.5,25.0,33.0,27.8,34.0,22.0,31.9,29.4,30.2,30.8,36.1,35.2,33.2,31.0,80.0,66.0,1.8,7.3,12.2,3.87,0.0,0.0,13
2015-09-07,27.5,25.0,31.5,25.5,32.5,22.2,31.3,29.2,30.2,31.2,33.9,32.8,32.2,31.4,80.0,60.0,1.5,3.6,0.0,2.46,0.0,0.0,5
2015-09-08,27.0,25.0,28.0,26.0,32.8,21.0,30.5,28.8,30.0,31.0,33.3,32.4,31.4,31.0,84.0,85.0,1.5,5.6,0.0,2.39,0.0,0.0,13
2015-09-09,27.0,24.8,34.0,27.4,34.5,22.5,30.5,28.2,29.4,31.0,36.9,34.2,32.4,30.6,83.0,58.0,2.2,10.3,0.0,4.14,0.0,0.0,15
2015-09-10,27.5,25.0,32.2,27.5,32.5,22.2,31.1,29.2,30.4,31.0,36.3,34.4,32.8,31.0,80.0,69.0,3.7,9.3,0.0,4.07,0.0,0.0,13
2015-09-11,27.5,25.0,32.0,27.0,34.2,22.2,31.3,29.6,30.6,31.2,36.7,34.4,33.2,31.4,80.0,66.0,3.5,8.9,0.0,4.65,0.0,0.0,13
2015-09-12,29.5,26.0,32.0,26.0,33.0,21.5,31.7,29.4,30.2,31.2,35.3,33.2,32.2,31.0,74.0,60.0,4.0,9.6,0.0,3.56,0.0,0.0,8
2015-09-13,29.5,26.0,34.0,27.5,34.0,22.7,31.7,29.0,30.2,31.0,37.3,34.4,33.4,31.4,74.0,59.0,4.3,7.9,0.0,2.68,0.0,0.0,13
2015-09-14,30.0,26.0,32.5,25.0,34.5,22.0,32.3,29.6,30.6,31.0,36.9,34.0,32.4,31.0,71.0,52.0,4.7,10.7,0.0,3.11,0.0,0.0,8
2015-09-15,30.5,27.0,28.0,26.0,34.0,24.2,31.9,29.2,30.2,31.2,34.9,33.2,32.2,31.4,74.0,85.0,7.8,10.0,0.0,3.58,0.0,0.0,13
2015-09-16,30.5,26.0,32.0,26.0,33.5,23.2,31.3,29.0,30.2,31.0,36.7,34.0,32.0,31.4,68.0,60.0,7.1,10.9,0.0,6.09,0.0,0.0,13
2015-09-17,31.0,26.0,33.5,27.5,34.3,23.2,31.7,29.2,30.2,31.0,37.3,36.2,32.8,31.4,66.0,61.0,5.7,10.8,0.0,6.72,0.0,0.0,13
2015-09-18,30.5,26.0,33.0,27.6,34.5,22.8,32.1,29.4,30.6,31.0,36.5,34.0,32.6,31.2,68.0,65.0,4.7,9.9,0.0,6.61,0.0,0.0,10
2015-09-19,29.5,25.8,32.5,27.6,33.5,23.2,30.9,29.2,30.4,31.0,35.3,33.0,32.2,31.2,73.0,67.0,5.7,7.2,0.0,5.96,0.0,0.0,17
2015-09-20,30.5,26.0,34.0,28.0,35.2,23.0,31.9,29.6,30.4,31.0,37.3,34.2,33.2,31.6,68.0,62.0,3.9,9.6,0.0,5.82,0.0,0.0,10
2015-09-21,30.5,26.0,34.5,28.0,35.8,22.8,31.9,29.8,31.2,31.4,38.3,35.2,32.4,31.4,68.0,59.0,2.9,9.5,0.0,4.79,0.0,0.0,10
2015-09-22,29.5,25.8,34.5,27.8,36.3,23.0,32.9,30.0,31.2,31.4,40.3,36.8,34.4,32.6,73.0,58.0,2.0,8.9,16.7,4.77,0.0,0.0,13
2015-09-23,27.5,26.0,31.8,27.4,35.5,22.2,31.9,28.8,30.0,31.2,36.5,35.8,33.2,31.4,87.0,70.0,2.1,6.9,0.0,3.09,0.0,0.0,13
2015-09-24,29.0,26.5,27.0,24.0,33.5,21.2,32.7,29.2,30.4,31.2,34.7,34.6,33.2,31.4,82.0,77.0,2.0,6.7,0.0,4.01,0.0,0.0,13
2015-09-25,27.5,25.5,27.0,24.5,35.5,22.2,31.9,28.6,29.8,30.6,33.7,33.2,32.0,31.2,85.0,81.0,1.9,8.0,0.6,3.25,0.0,0.0,13
2015-09-26,26.5,25.0,26.2,24.8,33.0,23.2,31.1,28.8,29.8,31.0,33.5,32.4,32.8,31.2,87.0,89.0,1.9,4.9,10.5,2.8,0.0,0.0,3
2015-09-27,28.0,26.0,23.5,22.0,34.3,21.3,30.3,28.0,29.2,30.2,28.3,27.8,31.2,30.8,85.0,86.0,2.6,5.8,56.7,3.99,0.0,0.0,13
2015-09-28,27.0,24.6,28.0,25.0,33.0,21.0,30.9,27.2,28.2,29.4,33.3,32.8,31.8,29.6,81.0,77.0,1.8,6.3,1.8,2.71,0.0,0.0,10
2015-09-30,26.8,25.0,25.6,24.6,32.5,21.7,30.9,27.2,28.0,28.4,31.1,31.6,31.2,29.2,86.0,92.0,1.3,5.4,3.8,2.35,0.0,0.0,3
2015-10-01,27.5,25.0,33.0,27.5,33.4,23.3,31.5,28.0,28.4,29.2,36.9,34.6,32.2,29.8,80.0,65.0,2.0,9.1,8.4,5.04,0.0,0.0,10
2015-10-02,28.0,25.6,34.0,26.3,34.3,20.7,31.5,28.6,29.4,29.8,36.7,34.8,32.6,30.4,82.0,53.0,1.9,8.0,0.0,4.58,0.0,0.0,16
2015-10-03,26.3,24.4,32.8,25.6,34.0,22.2,30.1,27.2,28.2,29.4,34.5,33.0,31.4,29.6,84.0,54.0,3.0,9.4,0.0,4.03,0.0,0.0,16
2015-10-04,28.0,25.0,32.0,26.0,33.7,22.4,29.9,28.2,29.2,29.8,33.7,32.0,31.2,30.2,77.0,60.0,3.9,8.1,0.0,4.48,0.0,0.0,13
2015-10-05,29.8,24.5,30.8,24.6,33.0,22.7,31.1,28.2,29.2,29.6,33.5,32.2,31.0,30.2,64.0,58.0,4.3,4.9,0.0,4.03,0.0,0.0,17
2015-10-06,30.0,26.0,32.5,25.5,34.5,22.2,32.1,28.0,29.4,30.0,36.3,34.4,32.0,30.4,71.0,55.0,2.5,5.8,0.0,4.01,0.0,0.0,10
2015-10-07,29.0,26.0,34.0,25.5,35.3,22.3,32.3,28.6,29.4,30.2,37.3,35.6,32.6,30.2,78.0,49.0,2.3,9.7,0.0,4.57,0.0,0.0,13
2015-10-08,29.5,25.0,34.0,25.0,34.5,22.2,32.9,29.2,29.8,30.4,36.1,35.0,32.2,30.4,67.0,46.0,2.1,8.7,0.0,5.4,0.0,0.0,13
2015-10-09,29.0,24.8,27.5,23.4,32.8,21.3,32.7,29.2,30.0,30.4,32.7,32.2,29.8,30.8,70.0,69.0,3.2,9.7,0.0,3.65,0.0,0.0,8
2015-10-10,29.0,25.0,34.0,25.8,35.3,22.2,32.9,28.8,29.4,30.2,37.9,35.4,33.0,30.4,71.0,50.0,2.3,9.9,0.0,3.32,0.0,0.0,16
2015-10-11,27.5,26.0,34.0,25.6,35.0,22.3,33.3,29.4,30.0,30.6,38.1,35.8,33.4,31.0,87.0,49.0,2.7,9.7,33.6,3.94,0.0,0.0,10
2015-10-12,28.5,25.8,28.0,25.0,34.2,22.0,31.7,28.6,29.4,30.2,33.1,34.0,32.6,30.6,79.0,77.0,2.0,7.7,0.0,3.85,0.0,0.0,10
2015-10-13,28.5,25.6,28.5,25.0,34.2,20.9,32.7,28.8,29.6,30.4,33.9,34.2,33.0,30.6,78.0,73.0,2.6,7.9,46.8,5.49,0.0,0.0,13
2015-10-14,27.0,25.0,30.6,26.0,33.4,21.0,30.9,27.2,28.2,29.4,34.9,34.2,32.4,30.0,84.0,68.0,2.4,9.6,5.9,3.88,0.0,0.0,8
2015-10-15,26.2,24.0,30.0,26.2,32.5,22.1,30.5,27.8,28.6,29.4,34.9,34.0,32.2,30.2,82.0,73.0,1.9,7.5,0.0,2.58,0.0,0.0,16
2015-10-16,27.0,25.0,26.5,25.8,32.6,22.1,30.9,28.4,29.4,30.0,36.5,30.6,31.4,31.2,84.0,93.0,1.4,5.2,9.4,3.23,0.0,0.0,7
2015-10-17,26.5,24.8,29.2,26.0,32.3,23.3,29.5,28.0,28.8,29.6,32.9,33.0,32.0,32.4,86.0,76.0,1.5,6.0,0.0,2.55,0.0,0.0,13
2015-10-18,28.4,25.8,28.5,25.8,32.2,22.7,31.9,28.8,29.6,29.8,32.5,31.8,31.6,30.2,80.0,79.0,1.6,5.4,8.5,2.19,0.0,0.0,11
2015-10-19,28.3,25.8,31.0,26.0,32.6,22.5,32.3,28.6,29.2,29.8,33.9,33.2,32.2,30.2,80.0,66.0,2.3,8.8,0.0,3.71,0.0,0.0,10
2015-10-20,28.0,25.8,30.5,26.4,32.3,21.8,31.7,28.4,29.2,30.0,33.9,33.0,32.2,30.4,83.0,70.0,1.8,7.9,0.9,3.34,0.0,0.0,16
2015-10-21,27.0,25.0,30.5,25.5,32.4,23.0,30.3,28.0,29.0,29.8,35.5,33.6,32.0,30.4,84.0,66.0,1.8,7.2,0.0,1.97,0.0,0.0,13
2015-10-22,28.0,25.8,30.0,26.4,33.0,22.3,31.5,28.6,29.6,30.0,33.9,33.6,32.4,30.4,83.0,74.0,2.0,6.9,13.8,3.47,0.0,0.0,16
2015-10-23,25.0,25.0,28.5,26.0,30.8,23.0,31.9,28.8,29.6,30.0,31.5,30.0,30.4,30.0,100.0,80.0,1.9,5.3,49.8,2.53,0.0,0.0,6
2015-10-25,23.0,22.5,25.0,24.0,26.2,21.2,26.3,26.4,27.4,28.2,27.5,26.4,27.2,28.0,96.0,92.0,1.6,0.0,31.0,1.9,0.0,0.0,8
2015-10-26,24.5,22.2,24.0,23.0,26.7,21.7,26.9,25.4,26.8,27.6,27.1,27.0,27.8,27.8,80.0,91.0,1.9,0.0,18.4,1.57,0.0,0.0,5
2015-10-27,24.2,23.2,23.5,22.5,26.8,21.7,26.3,25.6,26.4,27.4,27.7,27.0,27.6,27.2,91.0,91.0,1.9,0.0,38.7,1.39,0.0,0.0,8
2015-10-28,24.5,23.5,27.5,24.8,28.4,22.0,26.5,25.4,26.2,26.8,30.5,28.8,28.0,27.0,91.0,79.0,1.0,1.8,15.1,2.15,0.0,0.0,8
2015-10-29,24.8,24.0,28.0,25.0,28.8,22.4,27.1,25.8,27.0,27.6,31.1,29.2,28.4,27.6,93.0,77.0,1.3,0.6,7.8,2.31,0.0,0.0,13
2015-10-30,25.4,24.8,29.5,26.0,31.0,22.5,27.7,26.4,27.6,27.4,32.5,31.0,29.8,27.8,95.0,74.0,1.1,3.3,30.2,3.11,0.0,0.0,14
2015-10-31,28.0,26.0,27.0,25.0,32.5,22.4,29.5,26.8,27.6,28.0,30.3,29.8,30.0,28.4,85.0,84.0,1.6,4.8,12.5,3.07,0.0,0.0,13
2015-11-01,27.0,25.0,24.5,23.0,31.5,21.5,29.5,27.2,28.0,28.2,29.3,31.0,29.8,28.6,84.0,87.0,1.4,4.9,13.0,3.32,0.0,0.0,10
2015-11-03,24.0,23.0,27.0,24.0,28.0,21.5,27.1,26.2,27.2,28.0,29.9,28.2,29.6,28.0,91.0,77.0,0.9,1.8,0.0,1.1,0.0,0.0,14
2015-11-04,27.0,25.0,30.0,26.0,31.3,22.2,28.9,26.2,27.2,28.0,33.1,31.2,30.0,28.0,84.0,71.0,0.9,4.2,0.0,1.86,0.0,0.0,13
2015-11-05,28.5,25.6,25.0,23.8,31.7,22.5,31.1,27.8,28.2,28.2,29.1,29.4,30.0,28.4,78.0,90.0,1.3,5.5,22.7,2.5,0.0,0.0,13
2015-11-06,27.0,24.6,26.4,24.8,30.2,21.5,31.1,27.4,27.8,28.2,30.3,29.4,29.6,28.4,81.0,87.0,1.6,2.7,14.7,2.91,0.0,0.0,16
2015-11-07,25.0,24.0,28.0,25.5,30.3,22.9,28.3,26.2,27.4,28.2,31.7,30.4,29.8,28.4,92.0,82.0,1.3,2.6,5.0,3.52,0.0,0.0,13
2015-11-08,26.0,24.5,28.5,25.2,30.0,22.1,28.9,27.0,28.2,28.4,31.7,30.2,29.8,28.4,88.0,75.0,3.1,0.5,1.0,4.7,0.0,0.0,7
2015-11-09,26.5,23.8,30.5,26.5,32.3,22.3,28.9,26.8,27.8,28.0,31.5,31.2,30.4,28.6,78.0,72.0,3.1,3.5,28.9,1.9,0.0,0.0,17
2015-11-10,28.2,25.0,31.5,27.0,33.8,22.5,31.3,27.4,27.8,28.4,35.1,33.4,31.6,28.4,76.0,69.0,1.2,7.7,0.0,3.34,0.0,0.0,14
2015-11-11,27.4,25.5,29.0,26.0,32.8,21.9,30.1,27.8,28.6,29.0,32.9,32.4,30.6,29.4,86.0,78.0,1.5,6.6,0.8,2.48,0.0,0.0,13
2015-11-12,27.5,25.8,30.8,26.4,32.7,23.0,30.5,27.6,28.4,29.0,34.5,33.6,31.6,29.2,86.0,69.0,2.3,7.6,11.8,3.99,0.0,0.0,16
2015-11-13,25.8,24.8,28.5,25.5,28.8,21.7,28.7,27.6,28.8,29.2,30.3,29.8,30.0,29.4,92.0,78.0,3.0,1.4,26.7,2.71,0.0,0.0,16
2015-11-14,26.5,23.0,24.5,23.5,27.4,21.7,26.1,26.0,27.6,28.4,27.9,27.0,27.6,28.0,72.0,91.0,2.9,0.0,46.4,2.76,0.0,0.0,16
2015-11-15,23.8,23.2,27.0,24.6,28.5,21.2,25.9,25.2,26.2,27.2,30.5,29.0,28.2,27.0,95.0,81.0,2.3,2.0,6.7,0.76,0.0,0.0,13
2015-11-16,26.5,24.6,29.5,24.8,31.8,21.9,27.9,26.2,27.2,27.4,31.5,30.2,29.2,27.6,84.0,66.0,2.2,5.1,0.0,3.27,0.0,0.0,17
2015-11-17,28.2,25.6,30.0,26.0,31.8,22.5,30.3,26.8,27.4,27.8,32.9,31.4,30.0,28.2,80.0,71.0,1.3,6.5,0.0,2.55,0.0,0.0,10
2015-11-18,28.0,25.8,30.8,26.7,33.4,21.2,31.5,27.6,28.2,28.2,34.9,33.8,31.4,28.6,83.0,72.0,1.7,8.2,36.6,4.79,0.0,0.0,8
2015-11-19,27.7,25.5,28.3,25.6,32.9,21.7,30.9,27.2,27.8,28.4,33.5,32.6,31.2,28.8,83.0,79.0,1.2,8.0,0.0,2.68,0.0,0.0,14
2015-11-20,27.5,24.5,30.2,25.8,32.0,22.0,30.5,27.6,28.6,28.6,33.7,32.0,31.0,30.0,77.0,69.0,2.3,9.1,10.4,3.06,0.0,0.0,14
2015-11-21,25.0,24.0,25.5,24.0,29.0,21.0,27.7,26.6,28.2,28.8,28.7,27.8,28.2,28.4,92.0,87.0,0.5,0.3,7.8,1.2,0.0,0.0,8
2015-11-22,28.5,26.0,25.0,23.0,31.3,22.0,30.3,26.8,27.6,28.2,29.7,30.4,29.6,28.6,80.0,84.0,1.4,5.1,8.0,1.09,0.0,0.0,13
2015-11-23,28.0,26.0,29.5,25.7,31.8,21.7,29.5,26.6,27.8,28.0,32.7,31.8,30.2,28.4,85.0,73.0,1.6,5.8,10.0,3.11,0.0,0.0,11
2015-11-24,27.5,24.4,29.6,26.2,30.5,21.9,29.7,26.8,27.8,26.2,32.9,31.0,30.2,28.4,76.0,75.0,1.4,5.1,10.8,2.46,0.0,0.0,14
2015-11-25,27.5,25.0,30.0,24.5,31.3,22.0,30.3,27.2,28.0,28.2,33.7,32.4,31.0,28.8,80.0,63.0,1.8,9.2,0.0,3.18,0.0,0.0,17
2015-11-26,27.5,25.2,30.0,25.0,31.5,22.1,30.1,27.4,28.4,28.6,34.3,33.0,31.0,29.2,81.0,65.0,2.2,9.3,0.0,3.63,0.0,0.0,8
2015-11-27,26.2,24.6,28.0,25.6,30.0,21.9,29.1,27.4,28.4,28.8,31.3,30.2,29.8,28.8,87.0,82.0,2.0,0.3,0.0,1.7,0.0,0.0,17
2015-11-28,26.5,24.5,26.0,24.0,27.0,21.5,28.7,26.8,28.2,28.4,29.5,28.8,28.6,28.4,84.0,84.0,1.3,0.0,0.5,2.35,0.0,0.0,8
2015-11-29,25.5,23.5,27.0,25.0,28.8,21.7,27.9,26.4,27.4,27.8,31.9,29.0,28.4,28.4,84.0,84.0,1.7,0.5,47.8,1.77,0.0,0.0,13
2015-11-30,25.0,23.8,29.0,25.2,29.8,21.8,26.9,25.8,26.4,27.2,31.9,30.4,28.8,27.6,90.0,72.0,2.0,2.8,37.5,2.69,0.0,0.0,8
2015-12-01,25.5,24.2,25.4,24.0,28.8,22.0,28.3,26.2,26.8,27.4,28.9,27.8,28.4,27.6,88.0,88.0,1.0,1.3,9.0,1.12,0.0,0.0,8
2015-12-02,28.0,25.0,30.8,25.5,31.8,22.3,30.1,27.0,27.2,27.4,34.1,32.4,30.6,28.0,77.0,64.0,1.7,7.7,4.4,3.27,0.0,0.0,14
2015-12-03,27.0,24.6,29.5,25.2,32.3,23.7,30.1,27.4,28.0,28.2,33.5,32.0,30.6,28.6,81.0,69.0,3.4,8.7,0.0,3.49,0.0,0.0,6
2015-12-04,26.8,24.8,28.0,24.8,31.9,22.9,29.1,27.6,28.4,28.4,29.7,29.2,30.0,28.4,84.0,76.0,1.4,2.1,38.8,3.78,0.0,0.0,3
2015-12-05,25.0,24.4,26.0,24.6,27.1,22.0,27.3,26.4,27.6,28.0,28.7,27.2,27.8,27.8,95.0,88.0,0.6,0.0,3.4,1.79,0.0,0.0,14
2015-12-06,27.0,25.5,28.5,25.0,29.8,23.2,28.9,26.6,27.2,27.8,31.3,30.2,29.8,28.4,89.0,73.0,1.8,0.7,7.7,1.97,0.0,0.0,10
2015-12-07,26.0,25.0,28.0,24.0,28.5,23.0,28.3,26.8,27.8,28.0,31.3,29.8,29.4,28.2,92.0,70.0,1.1,6.0,20.0,3.49,0.0,0.0,8
2015-12-08,25.5,24.0,26.0,25.0,28.5,23.2,27.9,26.6,27.6,28.2,28.9,28.2,28.2,27.6,87.0,92.0,1.1,0.1,16.7,1.12,0.0,0.0,8
2015-12-09,27.5,25.0,29.5,25.5,30.6,22.9,29.9,27.2,27.6,28.0,32.5,31.2,30.2,28.2,80.0,71.0,2.0,4.6,4.3,2.5,0.0,0.0,10
2015-12-10,26.2,24.8,26.0,24.5,27.3,22.6,28.5,27.2,28.2,28.2,28.9,27.8,28.2,28.0,89.0,88.0,0.9,0.0,36.0,2.82,0.0,0.0,14
2015-12-11,26.5,24.5,25.0,24.5,30.5,23.1,28.5,26.4,27.4,27.6,28.7,28.2,28.4,28.0,84.0,96.0,1.0,2.2,46.0,2.39,0.0,0.0,13
2015-12-12,25.5,24.5,25.0,23.8,28.5,22.0,28.5,26.6,27.4,27.6,29.5,28.8,28.6,27.6,92.0,90.0,1.2,0.0,3.6,1.18,0.0,0.0,14
2015-12-13,26.5,24.6,30.4,26.2,32.3,23.0,28.1,26.4,27.4,27.4,33.3,31.6,29.8,28.0,84.0,70.0,1.1,6.7,29.2,1.97,0.0,0.0,14
2015-12-14,27.5,25.6,28.5,25.5,32.5,22.2,29.3,27.0,27.8,28.2,33.5,32.0,31.0,28.4,85.0,78.0,1.3,4.7,4.6,2.44,0.0,0.0,10
2015-12-15,26.8,24.5,28.5,25.0,31.4,22.0,28.9,27.2,28.2,28.6,32.1,31.6,30.4,28.8,83.0,73.0,2.2,7.4,0.0,2.91,0.0,0.0,10
2015-12-16,27.0,24.4,30.2,24.2,31.8,20.5,29.3,27.2,28.4,28.4,33.7,32.6,30.6,28.6,80.0,59.0,1.2,8.6,0.0,3.29,0.0,0.0,5
2015-12-17,25.5,23.4,29.0,25.0,29.8,22.2,27.7,26.2,27.8,28.4,31.1,29.4,29.2,28.4,82.0,71.0,1.3,1.8,20.8,2.93,0.0,0.0,17
2015-12-18,27.0,24.6,26.5,24.5,30.3,22.3,28.9,26.8,27.6,28.2,29.9,28.8,29.2,28.2,81.0,84.0,1.5,3.7,28.8,2.37,0.0,0.0,14
2015-12-19,25.0,24.2,25.0,23.2,26.2,21.7,27.5,26.6,27.6,28.0,28.5,27.6,27.8,27.6,93.0,85.0,1.2,0.9,28.0,1.39,0.0,0.0,13
2015-12-20,24.5,23.5,27.5,23.5,30.5,22.0,27.3,26.2,27.2,27.6,31.5,30.0,28.8,27.8,91.0,70.0,1.3,4.4,1.1,3.11,0.0,0.0,14
2015-12-21,26.5,24.5,29.5,25.0,31.0,20.7,28.3,26.6,27.4,28.0,32.7,31.2,29.6,28.0,84.0,67.0,1.9,9.2,0.0,3.09,0.0,0.0,5
2015-12-22,27.0,24.5,30.0,23.2,31.5,20.5,28.3,26.4,27.6,28.2,33.3,31.8,30.2,28.2,81.0,54.0,1.5,9.7,0.0,3.23,0.0,0.0,8
2015-12-23,26.5,23.5,30.0,23.8,31.5,20.4,28.1,26.4,27.6,28.4,31.9,31.2,29.8,28.2,77.0,57.0,1.3,9.6,0.0,2.71,0.0,0.0,13
2015-12-24,27.0,23.5,29.5,23.0,30.8,20.0,27.9,26.2,27.6,28.2,32.3,30.8,29.8,28.4,74.0,55.0,1.5,9.8,0.0,3.29,0.0,0.0,10
2015-12-25,26.0,23.6,29.5,23.3,30.8,21.5,27.9,26.0,27.2,28.0,32.1,30.8,29.6,28.0,81.0,54.0,1.7,10.0,0.0,2.28,0.0,0.0,15
2015-12-26,26.5,24.5,28.0,25.0,28.0,22.5,28.1,26.6,27.8,28.0,29.7,28.0,28.4,28.2,84.0,77.0,1.8,1.7,6.0,0.56,0.0,0.0,13
2015-12-27,25.4,24.0,25.0,23.5,28.2,22.5,27.3,26.4,27.4,28.0,27.9,27.4,28.2,27.8,87.0,88.0,2.4,0.0,40.7,3.47,0.0,0.0,13
2015-12-28,27.0,25.0,29.8,24.8,31.4,21.9,27.9,26.2,26.6,27.2,32.1,30.8,29.4,27.6,84.0,65.0,3.4,6.4,19.3,4.21,0.0,0.0,10
2015-12-30,28.0,26.0,27.0,24.5,29.8,21.0,28.7,26.6,27.2,27.4,30.9,29.2,28.8,27.4,85.0,81.0,2.2,5.4,23.0,0.81,0.0,0.0,5
2015-12-31,26.0,24.4,27.0,24.2,29.9,22.7,27.5,25.8,27.0,27.4,30.9,29.6,29.0,27.6,87.0,78.0,2.6,4.8,7.4,2.27,0.0,0.0,13
2016-01-01,27.0,25.0,27.2,23.8,30.3,22.4,28.1,26.2,27.2,27.4,31.5,30.0,29.0,27.6,84.0,74.0,2.8,4.7,24.6,4.7,0.0,0.0,5
2016-01-02,25.5,24.6,23.5,23.5,29.0,20.5,27.1,25.8,26.4,27.4,29.3,28.4,28.6,27.8,92.0,100.0,1.4,0.8,8.3,2.51,0.0,0.0,3
2016-01-03,25.0,24.0,25.0,24.0,30.8,23.0,26.7,25.2,28.2,27.2,32.7,31.2,29.2,27.2,92.0,92.0,2.1,7.4,0.0,2.51,0.0,0.0,17
2016-01-04,27.2,25.2,29.0,25.0,31.0,22.7,29.3,26.6,27.8,27.6,32.5,31.0,29.6,28.0,84.0,71.0,2.1,7.0,4.8,2.76,0.0,0.0,0
2016-01-05,27.0,25.0,28.2,25.6,31.3,22.4,29.5,26.8,27.8,27.8,32.3,31.2,30.2,28.4,84.0,80.0,1.6,5.5,5.9,2.33,0.0,0.0,0
2016-01-06,25.0,24.0,24.5,23.6,27.8,21.9,27.7,26.8,28.0,28.2,28.5,27.8,28.4,28.0,92.0,91.0,1.6,0.2,25.4,1.7,0.0,0.0,11
2016-01-07,25.5,24.0,27.0,25.2,29.3,22.0,27.5,25.8,27.0,27.4,30.1,29.0,28.6,27.6,87.0,86.0,1.2,0.6,1.5,1.05,0.0,0.0,13
2016-01-08,25.0,23.6,28.4,24.0,29.5,21.9,27.1,25.8,26.6,27.4,31.3,29.4,28.8,27.4,88.0,68.0,1.1,1.3,0.6,1.34,0.0,0.0,17
2016-01-09,25.5,24.0,29.0,24.0,29.8,20.6,27.5,26.0,27.2,27.6,32.9,30.6,29.2,27.6,87.0,64.0,1.3,5.1,0.0,2.1,0.0,0.0,0
2016-01-10,25.5,24.0,28.5,24.5,30.8,22.9,27.5,25.4,26.8,27.6,32.9,31.0,29.6,27.8,87.0,71.0,1.7,6.6,0.0,1.94,0.0,0.0,0
2016-01-11,26.0,25.0,28.0,23.8,29.0,20.3,28.1,26.6,27.8,28.0,30.9,28.8,28.8,28.0,92.0,68.0,1.6,1.3,0.0,2.55,0.0,0.0,0
2016-01-12,25.8,23.8,28.2,23.6,30.0,19.8,27.5,25.4,26.6,27.6,32.9,31.2,29.4,27.6,82.0,66.0,2.1,8.0,0.0,1.81,0.0,0.0,6
2016-01-13,25.4,23.2,28.6,23.6,29.7,20.5,27.5,25.2,26.4,27.4,33.5,30.8,29.2,27.8,82.0,64.0,1.7,7.4,0.0,2.28,0.0,0.0,13
2016-01-14,24.0,22.4,28.4,23.0,29.5,19.0,26.5,25.4,26.8,27.6,33.5,31.2,29.0,27.8,86.0,61.0,1.9,6.2,0.0,2.4,0.0,0.0,0
2016-01-15,23.0,22.5,29.5,24.6,30.0,20.4,25.7,24.6,26.2,27.0,35.3,31.2,29.0,27.6,96.0,65.0,1.8,6.4,0.0,1.83,0.0,0.0,13
2016-01-16,25.5,23.4,29.0,24.0,30.3,20.0,27.5,25.2,26.6,27.4,35.3,32.8,29.8,27.8,82.0,64.0,2.0,9.2,0.0,2.75,0.0,0.0,13
2016-01-17,25.3,23.5,29.0,23.5,29.8,18.7,27.9,25.8,27.2,27.8,35.1,32.4,30.2,28.0,85.0,62.0,1.8,9.4,0.0,2.84,0.0,0.0,13
2016-01-18,25.5,23.4,29.5,23.4,30.5,19.2,27.1,24.8,26.6,27.6,35.9,33.4,30.2,28.0,82.0,57.0,1.0,9.8,0.0,3.15,0.0,0.0,0
2016-01-19,26.0,24.0,30.5,23.0,30.9,20.6,27.5,25.6,27.0,28.0,36.5,33.4,30.2,28.2,84.0,50.0,2.8,10.0,0.0,1.85,0.0,0.0,10
2016-01-20,26.0,24.8,30.0,24.5,31.1,21.5,28.5,26.2,27.4,28.2,36.5,33.2,30.4,28.4,90.0,63.0,2.2,8.9,0.0,4.0,0.0,0.0,12
2016-01-21,27.0,24.0,30.0,24.8,31.5,20.7,29.1,26.8,27.8,28.0,37.1,34.2,31.2,28.6,77.0,64.0,2.1,9.9,0.0,4.36,0.0,0.0,12
2016-01-22,26.8,25.4,31.0,25.5,31.5,22.5,28.9,26.4,27.8,28.4,37.7,34.2,31.2,28.6,89.0,60.0,2.0,9.3,0.0,1.75,0.0,0.0,12
2016-01-23,26.5,24.5,26.5,24.5,27.8,21.8,28.7,27.4,28.4,28.6,31.3,29.8,31.4,28.6,84.0,84.0,3.0,0.4,23.1,2.04,0.0,0.0,13
2016-01-24,25.5,23.8,25.5,24.0,28.5,22.5,28.9,26.4,27.4,28.0,29.9,28.4,28.4,28.0,85.0,87.0,2.4,1.5,0.0,2.35,0.0,0.0,8
2016-01-25,24.5,24.0,28.5,25.8,29.0,21.5,26.9,26.0,27.0,27.8,32.5,30.0,28.8,27.8,95.0,79.0,1.5,1.7,1.7,1.57,0.0,0.0,0
2016-01-26,27.0,24.8,30.0,24.2,31.5,19.5,28.9,26.2,27.4,27.6,34.5,32.4,30.4,28.2,83.0,60.0,2.5,9.9,0.0,1.9,0.0,0.0,7
2016-01-27,25.5,24.0,29.5,24.0,30.3,18.0,27.9,25.4,27.2,28.0,34.5,32.0,30.6,28.2,87.0,61.0,2.0,10.2,0.0,3.3,0.0,0.0,12
2016-01-28,24.5,22.0,29.6,24.8,30.8,19.5,26.5,24.8,26.4,27.6,35.5,32.6,30.2,28.0,79.0,66.0,2.1,10.4,0.0,3.02,0.0,0.0,13
2016-01-29,25.0,23.4,29.0,23.0,30.4,18.5,27.9,25.4,27.2,28.0,35.9,32.4,30.6,28.2,84.0,58.0,3.1,9.5,0.0,2.33,0.0,0.0,8
2016-01-30,25.0,22.8,29.0,24.0,30.0,20.2,27.1,25.6,26.8,28.0,35.3,32.6,30.2,28.4,82.0,64.0,2.0,7.9,0.0,4.12,0.0,0.0,12
2016-01-31,24.5,23.2,29.5,23.5,30.4,20.4,27.1,26.8,27.2,28.0,37.7,32.6,30.2,28.4,88.0,58.0,2.7,6.9,0.0,2.96,0.0,0.0,8
2016-02-01,25.5,23.0,29.5,23.8,30.3,20.0,27.5,26.2,27.4,28.0,36.1,33.0,30.4,28.2,79.0,60.0,2.6,8.6,0.0,3.02,0.0,0.0,12
2016-02-02,25.0,23.0,29.4,23.0,30.3,18.7,27.5,26.0,27.2,28.0,36.9,33.2,30.4,28.4,84.0,56.0,2.7,9.2,0.0,3.58,0.0,0.0,17
2016-02-03,25.0,23.0,29.4,22.6,31.3,18.7,27.9,25.6,27.2,28.2,37.1,33.8,31.2,28.4,84.0,53.0,2.5,9.1,0.0,3.72,0.0,0.0,11
2016-02-04,23.0,21.7,28.5,24.0,30.3,20.2,26.5,25.6,27.0,28.2,36.3,33.2,30.4,28.6,89.0,67.0,2.9,8.8,0.0,3.25,0.0,0.0,8
2016-02-05,25.0,23.4,28.0,24.0,30.0,21.5,27.7,26.2,27.6,28.2,34.7,32.2,30.2,27.8,87.0,70.0,2.6,4.5,0.0,2.58,0.0,0.0,8
2016-02-06,26.0,23.8,29.5,24.6,31.5,22.2,28.3,26.8,27.8,28.2,37.1,33.2,31.2,28.6,82.0,68.0,2.8,7.4,0.0,3.43,0.0,0.0,13
2016-02-07,25.5,24.0,30.5,25.5,31.6,21.8,28.3,25.6,28.2,28.8,37.9,35.6,30.8,29.0,87.0,66.0,2.4,4.3,0.0,2.73,0.0,0.0,13
2016-02-08,27.2,25.0,31.0,25.0,31.5,22.2,29.3,27.4,28.4,28.6,37.9,33.4,31.2,29.0,83.0,60.0,2.1,6.8,0.0,4.01,0.0,0.0,13
2016-02-09,26.5,25.0,29.5,25.6,31.8,22.5,29.1,27.4,28.6,29.0,36.3,33.2,31.2,29.2,87.0,71.0,2.7,6.7,0.0,1.55,0.0,0.0,7
2016-02-10,26.0,25.0,29.5,25.0,31.0,20.6,28.9,27.8,28.6,29.0,36.1,32.6,31.2,29.4,92.0,67.0,2.3,6.2,0.0,2.84,0.0,0.0,5
2016-02-11,25.8,24.2,30.0,24.0,31.3,19.9,28.5,26.8,28.2,28.8,35.7,32.8,31.4,29.4,87.0,59.0,2.0,7.7,0.0,3.11,0.0,0.0,17
2016-02-12,26.0,23.6,30.5,23.8,31.4,18.0,28.7,26.6,26.2,28.8,39.1,34.4,31.6,29.2,81.0,54.0,2.4,10.4,0.0,3.36,0.0,0.0,16
2016-02-13,24.5,22.6,30.0,23.8,31.6,19.5,27.9,26.2,27.8,28.6,38.3,34.4,31.4,29.0,83.0,57.0,2.1,10.0,0.0,3.45,0.0,0.0,13
2016-02-14,26.0,23.8,29.5,24.0,32.3,22.2,28.9,27.0,28.4,29.0,36.9,33.8,31.4,29.2,82.0,61.0,3.1,10.6,8.5,3.72,0.0,0.0,13
2016-02-15,25.4,24.4,29.0,25.0,30.2,21.5,27.9,27.8,28.4,29.0,31.9,30.2,29.6,29.0,92.0,71.0,3.5,4.7,0.0,1.41,0.0,0.0,13
2016-02-16,26.5,25.0,28.0,24.5,30.3,21.4,28.7,26.6,27.8,28.6,30.7,29.6,29.4,28.8,87.0,74.0,1.7,1.0,1.3,1.28,0.0,0.0,8
2016-02-17,26.6,25.0,26.4,25.0,29.3,22.5,28.3,26.4,27.4,28.2,30.1,28.6,28.6,28.2,87.0,89.0,3.5,0.7,25.2,3.94,0.0,0.0,10
2016-02-18,27.0,25.0,29.8,25.0,31.0,21.2,28.3,26.6,27.4,28.0,31.9,30.0,29.2,28.2,84.0,66.0,3.7,3.7,0.8,1.7,0.0,0.0,5
2016-02-19,27.5,25.0,31.0,26.0,32.1,22.0,27.9,26.4,27.4,28.0,33.9,31.6,30.2,28.4,80.0,66.0,2.9,8.8,2.6,2.71,0.0,0.0,13
2016-02-20,27.0,25.0,30.5,26.0,31.0,20.6,28.9,27.2,28.2,28.4,32.9,31.0,30.2,28.4,84.0,68.0,2.3,7.6,6.6,2.77,0.0,0.0,17
2016-02-21,27.5,25.5,31.5,26.0,32.5,21.5,29.3,26.8,28.2,28.6,34.3,32.2,30.2,29.0,85.0,62.0,2.5,10.5,0.0,3.44,0.0,0.0,13
2016-02-22,27.0,24.8,31.0,25.0,32.3,18.0,29.1,27.0,28.2,28.8,35.1,32.0,30.4,29.0,83.0,60.0,2.7,10.4,0.0,3.56,0.0,0.0,10
2016-02-23,25.6,22.8,31.5,23.0,32.0,19.7,27.5,25.8,27.4,28.6,36.3,33.4,30.8,28.6,78.0,45.0,2.3,10.2,0.0,3.78,0.0,0.0,13
2016-02-24,25.5,23.2,31.0,26.0,31.5,22.5,28.3,26.8,28.0,28.8,33.3,31.0,30.4,29.0,81.0,66.0,2.4,8.6,0.0,4.2,0.0,0.0,13
2016-02-25,26.5,25.0,28.5,26.5,31.2,20.9,28.9,27.6,28.4,28.6,33.1,31.8,30.6,29.2,87.0,85.0,1.7,3.6,4.4,4.11,0.0,0.0,11
2016-02-26,28.0,25.0,31.0,25.8,31.8,21.1,29.5,27.2,28.4,28.6,34.5,32.4,31.4,29.0,77.0,65.0,3.4,8.9,7.6,3.44,0.0,0.0,10
2016-02-27,26.3,24.5,31.2,25.2,32.2,21.8,28.5,27.2,28.4,29.0,34.3,32.4,31.2,29.0,86.0,60.0,3.3,8.9,0.0,4.3,0.0,0.0,12
2016-02-28,27.5,25.0,30.8,24.8,32.3,22.0,29.5,27.4,28.6,29.0,33.9,32.0,31.2,29.2,80.0,59.0,3.2,7.8,0.0,3.24,0.0,0.0,10
2016-02-29,27.2,25.0,31.0,25.0,31.8,22.6,29.3,27.6,28.6,29.0,34.5,32.2,31.2,29.2,83.0,60.0,3.5,9.0,4.3,2.3,0.0,0.0,0
2016-03-01,27.8,25.8,30.5,25.2,31.9,21.6,29.5,27.8,28.8,29.0,34.1,32.4,31.2,29.4,85.0,63.0,3.7,9.1,0.0,4.97,0.0,0.0,6
2016-03-02,27.0,25.8,30.5,25.0,31.8,21.5,29.1,27.4,28.8,29.2,34.5,32.8,31.4,29.4,90.0,62.0,4.0,9.4,1.3,4.14,0.0,0.0,17
2016-03-03,27.5,24.8,30.5,25.0,31.5,22.5,29.5,27.8,28.6,29.2,34.1,32.2,30.8,29.4,79.0,62.0,3.7,9.5,10.7,3.92,0.0,0.0,5
2016-03-04,26.4,24.6,30.8,25.0,32.0,21.5,28.9,27.8,28.8,29.0,35.5,33.2,31.6,29.4,86.0,61.0,2.6,8.8,0.0,2.95,0.0,0.0,0
2016-03-05,27.5,25.0,31.5,25.0,32.7,20.9,29.9,27.2,28.4,29.4,38.1,35.6,33.0,29.8,80.0,56.0,2.6,9.6,0.0,4.08,0.0,0.0,13
2016-03-06,26.6,24.8,30.4,25.4,32.5,21.2,29.7,27.2,28.6,29.4,35.9,34.2,32.2,30.0,86.0,65.0,3.0,7.8,0.0,2.83,0.0,0.0,15
2016-03-07,27.5,25.0,31.5,26.0,32.4,21.5,30.1,28.0,28.6,29.4,37.9,34.6,32.4,30.2,80.0,62.0,3.1,8.0,0.0,3.65,0.0,0.0,5
2016-03-08,27.0,25.2,31.5,26.0,33.9,22.3,29.1,27.8,28.8,29.6,38.7,36.2,33.2,30.4,86.0,62.0,2.5,8.4,0.0,3.96,0.0,0.0,8
2016-03-09,26.5,25.2,33.0,26.8,34.4,22.3,29.3,28.6,29.6,30.2,38.9,36.2,33.6,30.4,89.0,60.0,2.6,6.6,0.0,3.94,0.0,0.0,0
2016-03-10,29.5,25.8,34.0,25.5,34.5,21.8,32.9,29.8,30.4,30.6,41.1,37.6,34.6,31.0,73.0,49.0,2.7,8.7,0.0,4.72,0.0,0.0,10
2016-03-11,27.5,25.0,34.0,25.2,34.5,20.5,31.9,28.6,30.2,31.4,41.3,37.8,34.2,32.0,80.0,47.0,2.8,10.5,0.0,4.54,0.0,0.0,13
2016-03-12,28.0,25.0,34.8,26.0,35.5,20.7,31.3,29.0,30.2,30.8,41.9,38.0,35.2,31.4,77.0,44.0,2.7,10.1,0.0,4.88,0.0,0.0,10
2016-03-13,26.5,24.6,33.5,24.8,35.0,19.2,30.5,29.4,31.0,31.2,40.9,37.2,34.4,31.6,84.0,46.0,2.2,8.9,0.0,3.06,0.0,0.0,16
2016-03-14,27.0,24.6,33.5,26.5,34.8,20.0,30.9,28.6,30.4,31.0,41.7,38.0,34.4,31.6,81.0,56.0,2.7,10.2,0.0,3.09,0.0,0.0,16
2016-03-15,26.6,24.4,34.5,24.0,34.9,22.2,31.1,28.8,30.4,31.2,42.9,38.6,35.0,31.8,83.0,38.0,2.3,9.9,0.0,4.9,0.0,0.0,15
2016-03-16,28.5,25.8,33.5,26.0,35.4,22.0,31.9,30.2,31.4,31.4,41.9,38.6,35.2,32.0,79.0,53.0,2.6,8.5,0.0,5.64,0.0,0.0,12
2016-03-17,29.5,26.0,32.5,26.0,34.9,21.5,32.9,30.4,31.8,31.6,42.9,39.0,35.6,32.2,74.0,57.0,2.6,10.0,0.0,4.23,0.0,0.0,11
2016-03-18,28.8,24.5,33.5,23.0,34.6,18.5,32.5,30.2,31.4,31.8,43.9,39.4,35.4,32.2,69.0,37.0,2.8,10.1,0.0,5.62,0.0,0.0,3
2016-03-19,25.8,23.0,32.5,25.5,34.3,18.5,31.3,29.0,31.0,31.6,39.5,35.6,33.4,31.4,78.0,55.0,2.0,9.7,0.0,4.26,0.0,0.0,17
2016-03-20,26.5,23.2,35.2,24.5,35.8,19.2,31.3,28.6,30.4,31.4,44.3,38.6,35.6,31.8,74.0,39.0,2.3,9.9,0.0,5.2,0.0,0.0,11
2016-03-21,26.0,24.0,32.5,25.5,32.9,19.0,31.1,29.0,30.4,31.6,39.5,35.6,33.4,31.4,84.0,55.0,1.5,3.1,0.0,2.44,0.0,0.0,17
2016-03-22,26.0,22.8,34.5,24.5,35.5,20.0,31.1,28.4,30.0,31.0,42.9,38.2,34.8,31.4,75.0,41.0,2.3,9.5,0.0,5.04,0.0,0.0,13
2016-03-23,27.0,25.0,35.0,26.5,35.9,21.1,32.1,29.6,30.6,31.8,44.9,39.4,35.2,32.0,84.0,50.0,3.0,10.5,0.0,3.94,0.0,0.0,13
2016-03-24,27.4,25.0,34.0,25.4,36.0,19.7,32.3,30.0,31.4,31.8,44.7,39.4,35.8,32.2,81.0,48.0,2.8,9.6,0.0,6.4,0.0,0.0,13
2016-03-25,27.5,24.0,33.5,26.0,35.5,21.5,32.3,29.6,31.2,32.0,44.3,39.6,36.0,32.4,73.0,53.0,3.1,10.8,0.0,5.58,0.0,0.0,13
2016-03-26,29.0,26.0,28.5,25.0,34.7,20.5,33.5,30.4,31.2,32.4,43.5,39.6,36.2,32.6,78.0,73.0,3.0,10.4,0.0,5.55,0.0,0.0,13
2016-03-27,28.0,25.0,32.4,25.8,34.6,23.3,32.9,30.4,31.6,32.2,41.1,37.6,35.4,32.4,77.0,57.0,3.1,7.2,0.0,4.48,1.0,0.0,11
2016-03-28,29.0,26.4,28.5,26.2,33.5,21.3,33.5,31.0,32.0,32.0,33.9,34.4,34.6,32.2,81.0,82.0,3.5,6.9,15.0,2.32,0.0,0.0,10
2016-03-29,27.5,25.6,31.5,26.0,34.5,22.5,32.3,29.4,30.2,31.0,36.9,36.0,33.8,31.2,85.0,62.0,2.7,7.4,0.0,4.68,0.0,0.0,3
2016-03-30,29.5,26.0,32.0,26.0,33.5,23.0,32.3,29.4,30.2,31.0,36.9,35.0,33.8,31.4,74.0,60.0,3.1,8.3,0.0,3.2,0.0,0.0,3
2016-03-31,29.0,26.4,33.0,26.0,35.2,21.9,32.7,29.8,30.4,31.2,41.7,39.2,35.4,31.8,81.0,55.0,2.8,10.3,0.0,5.08,0.0,0.0,12
2016-04-01,28.5,26.0,32.2,26.8,34.3,21.2,32.9,30.0,31.4,31.6,38.7,37.2,35.0,32.0,80.0,64.0,3.0,9.5,0.0,4.16,0.0,0.0,10
2016-04-02,28.4,25.6,32.4,26.6,35.3,22.3,32.7,29.6,31.0,31.4,40.7,37.8,35.2,32.2,79.0,62.0,2.7,10.4,0.0,5.17,0.0,0.0,17
2016-04-03,29.5,26.0,33.5,26.5,35.6,21.3,33.5,30.6,31.4,32.0,42.1,39.6,36.4,32.4,74.0,56.0,2.4,8.7,0.0,4.75,0.0,0.0,16
2016-04-04,28.5,25.8,34.0,26.0,35.5,20.7,33.1,30.4,31.6,32.2,41.9,39.0,37.2,32.6,79.0,51.0,2.7,9.9,0.0,5.06,0.0,0.0,11
2016-04-05,28.0,25.0,36.0,26.0,36.2,22.7,33.3,30.4,31.2,32.6,43.7,40.0,36.0,32.8,77.0,43.0,2.8,10.6,0.0,6.05,0.0,0.0,13
2016-04-06,29.5,25.5,33.5,26.6,36.3,21.5,34.3,31.6,32.6,32.8,41.1,39.4,36.6,33.0,71.0,56.0,2.3,7.5,0.0,2.6,0.0,0.0,13
2016-04-07,30.0,25.0,34.0,27.0,37.5,22.5,33.9,31.2,32.2,33.0,40.7,38.4,36.4,33.0,65.0,56.0,2.7,8.7,0.0,6.2,0.0,0.0,10
2016-04-08,30.0,26.2,34.5,26.5,36.8,21.7,34.5,31.6,32.2,33.0,43.9,40.0,37.4,32.4,73.0,51.0,2.9,10.9,0.0,5.82,0.0,0.0,13
2016-04-09,30.5,26.4,34.0,27.0,35.5,22.5,34.3,31.2,32.2,33.0,41.9,38.2,36.6,33.2,70.0,56.0,3.2,9.3,0.0,4.91,0.0,0.0,10
2016-04-10,29.5,26.2,33.0,26.5,36.5,22.0,34.7,31.4,32.4,33.0,42.9,40.0,36.4,33.2,75.0,59.0,3.3,8.6,0.0,4.41,0.0,0.0,17
2016-04-11,30.5,27.0,34.0,26.3,36.0,21.7,34.9,31.8,32.6,33.4,43.1,39.4,36.8,34.8,74.0,53.0,2.9,10.4,0.0,4.03,0.0,0.0,8
2016-04-12,30.5,25.5,35.5,27.0,37.5,19.1,34.7,31.6,32.6,32.0,45.1,40.4,37.4,35.4,66.0,49.0,3.0,9.1,0.0,7.32,0.0,0.0,9
2016-04-13,30.5,25.8,36.0,27.0,37.4,23.0,34.9,31.8,32.8,33.4,46.5,40.8,37.2,34.6,67.0,47.0,2.5,10.9,0.0,5.51,0.0,0.0,10
2016-04-14,31.0,27.4,37.8,27.5,38.5,24.2,36.1,32.6,33.4,33.6,48.1,42.0,38.2,34.6,75.0,43.0,2.7,9.6,0.0,6.09,0.0,0.0,12
2016-04-15,31.0,27.5,34.0,27.0,36.8,22.8,36.9,33.6,34.2,35.0,41.7,40.0,38.0,35.0,76.0,56.0,3.1,8.6,0.0,5.33,0.0,0.0,5
2016-04-16,30.2,26.8,34.0,27.5,37.0,23.2,35.5,32.4,33.4,33.8,45.1,41.4,38.2,34.8,76.0,59.0,3.0,9.5,0.0,5.87,0.0,0.0,11
2016-04-17,30.5,26.5,29.0,25.5,35.6,22.2,35.7,33.0,33.8,35.6,37.7,37.8,36.4,34.8,72.0,75.0,2.7,7.4,0.0,3.32,1.0,0.0,8
2016-04-18,29.8,26.2,35.2,27.2,36.8,23.6,34.1,31.4,32.6,33.2,44.3,39.8,36.8,33.6,74.0,52.0,2.8,9.8,0.0,5.6,0.0,0.0,12
2016-04-19,30.5,26.3,30.0,25.5,35.4,22.5,35.1,32.4,33.2,33.6,38.5,37.6,36.6,33.8,70.0,69.0,2.1,6.2,0.0,4.09,0.0,0.0,11
2016-04-20,30.5,26.0,35.0,27.5,36.8,22.6,35.1,31.8,32.8,33.0,42.7,39.2,36.2,33.8,68.0,55.0,2.5,9.8,0.0,4.95,0.0,0.0,13
2016-04-21,30.0,26.4,35.4,27.4,37.3,22.8,35.3,32.2,33.2,33.4,45.7,40.4,37.2,33.6,74.0,52.0,2.4,8.6,0.0,5.1,0.0,0.0,16
2016-04-22,30.5,27.0,25.5,23.0,37.4,22.5,35.5,32.4,33.6,33.6,33.9,37.2,36.4,33.6,74.0,79.0,2.1,6.3,10.6,3.76,0.0,0.0,16
2016-04-23,30.5,27.0,32.0,26.8,37.7,23.3,32.3,30.2,31.2,32.4,43.7,40.2,36.4,33.0,74.0,65.0,2.6,10.3,0.0,5.56,0.0,0.0,3
2016-04-24,30.5,25.5,36.0,27.0,37.2,23.1,33.9,31.4,32.2,33.4,42.1,40.4,37.2,33.8,66.0,47.0,2.3,9.8,0.0,5.69,0.0,0.0,10
2016-04-25,30.0,26.6,36.5,28.3,37.2,24.7,34.1,31.6,32.6,33.2,43.1,40.0,37.2,33.6,75.0,52.0,2.5,8.4,0.0,5.11,0.0,0.0,13
2016-04-26,30.0,26.7,28.0,24.5,35.3,22.6,34.7,32.2,33.2,33.4,35.3,34.0,35.6,33.0,77.0,74.0,1.9,5.5,2.6,3.63,0.0,0.0,8
2016-04-27,28.5,25.6,34.5,28.0,36.2,23.0,32.1,30.0,31.2,32.0,39.9,38.6,36.2,33.0,78.0,59.0,2.2,9.5,0.0,4.73,0.0,0.0,8
2016-04-28,30.5,26.4,35.0,27.0,37.3,22.0,33.5,31.2,32.2,32.8,41.7,40.0,36.6,33.4,70.0,52.0,2.4,10.0,0.0,5.2,0.0,0.0,12
2016-04-29,29.5,26.2,36.5,26.6,37.3,22.7,33.5,31.2,32.4,33.2,42.5,39.0,36.6,33.4,75.0,43.0,2.3,10.1,0.0,4.88,0.0,0.0,10
2016-04-30,30.8,26.5,31.0,26.5,36.0,22.5,34.3,31.6,32.4,33.2,34.5,35.4,35.6,33.4,71.0,69.0,2.3,6.3,6.6,4.7,0.0,0.0,13
2016-05-01,29.5,26.0,28.0,25.0,35.4,22.5,32.1,32.0,33.2,32.2,36.1,37.8,35.6,32.8,74.0,77.0,2.1,8.0,0.5,3.38,0.0,0.0,5
2016-05-02,28.5,25.5,36.5,26.5,36.8,22.5,32.1,30.8,32.2,32.0,43.5,40.8,36.4,32.8,78.0,43.0,2.7,10.3,0.0,5.94,0.0,0.0,10
2016-05-03,29.5,25.6,35.5,28.0,37.2,22.9,33.9,31.2,32.2,33.0,42.1,40.4,37.2,33.4,71.0,54.0,2.3,9.2,0.0,5.08,0.0,0.0,8
2016-05-04,30.5,26.4,30.5,27.6,36.5,23.2,34.1,31.6,32.4,33.2,42.7,40.6,37.8,33.6,70.0,79.0,2.6,10.6,0.0,5.24,0.0,0.0,5
2016-05-05,30.5,27.0,29.0,24.0,36.3,23.0,34.1,32.0,33.2,33.4,41.7,39.5,37.2,34.0,74.0,64.0,2.5,8.3,0.5,4.43,0.0,0.0,8
2016-05-06,28.5,25.8,31.5,27.5,34.5,23.0,31.9,30.8,32.2,33.0,36.5,36.8,35.6,33.2,79.0,72.0,2.5,4.3,0.5,3.4,0.0,0.0,11
2016-05-07,29.5,26.0,24.5,23.0,30.0,21.7,32.9,30.6,32.0,32.8,37.1,37.0,35.2,32.8,74.0,87.0,2.8,6.2,8.2,3.52,0.0,0.0,13
2016-05-08,29.5,26.0,30.5,25.8,35.8,22.7,32.9,30.2,31.0,32.0,35.9,35.6,34.2,32.0,74.0,67.0,2.5,7.3,0.5,3.47,0.0,0.0,11
2016-05-09,30.0,25.6,29.0,26.0,34.9,23.0,32.1,29.8,30.8,31.4,34.1,34.2,34.4,32.0,69.0,78.0,2.1,4.9,1.0,2.62,0.0,0.0,11
2016-05-10,29.5,26.0,29.0,25.8,33.6,22.5,31.7,29.6,30.6,31.4,34.9,34.2,33.2,31.8,74.0,76.0,2.1,3.8,0.5,2.49,0.0,0.0,13
2016-05-17,26.5,24.6,25.5,24.0,28.7,21.2,27.9,26.4,27.6,28.0,28.9,28.4,28.6,28.4,84.0,87.0,3.9,0.0,9.5,1.81,0.0,0.0,8
2016-05-18,28.5,25.8,33.5,27.0,34.4,21.7,29.9,26.6,27.0,27.6,31.9,32.8,31.2,30.0,79.0,58.0,3.4,8.9,0.0,4.01,0.0,0.0,10
2016-05-19,30.0,25.5,34.8,27.2,35.0,23.5,30.9,27.8,28.4,30.6,37.3,36.0,32.2,29.4,69.0,53.0,4.1,8.6,0.0,2.08,0.0,0.0,7
2016-05-20,30.5,25.5,32.5,27.0,32.7,22.5,30.5,28.4,29.2,29.8,35.9,34.0,32.2,30.0,66.0,63.0,3.5,5.6,0.0,3.36,0.0,0.0,13
2016-05-21,29.2,25.5,29.0,26.5,35.2,23.0,29.9,28.6,29.6,29.8,39.5,37.6,34.0,30.0,74.0,82.0,3.1,8.5,0.0,5.2,0.0,0.0,13
2016-05-22,30.5,26.5,34.0,27.5,35.5,23.0,32.1,29.6,30.0,30.6,40.9,39.0,35.2,30.4,72.0,59.0,3.7,10.4,0.0,4.28,0.0,0.0,10
2016-05-23,30.5,26.0,34.0,28.0,35.3,22.7,32.7,30.2,30.6,31.0,40.1,38.6,35.0,31.8,68.0,62.0,3.9,10.5,0.0,4.75,0.0,0.0,13
2016-05-24,29.5,26.0,33.2,27.2,34.4,22.0,32.1,30.2,31.0,31.6,39.3,36.8,34.4,31.4,74.0,61.0,3.4,6.5,0.0,3.96,0.0,0.0,8
2016-05-25,31.0,26.4,33.5,26.8,34.8,21.5,32.9,30.0,30.6,31.2,39.9,38.2,35.6,31.8,68.0,57.0,5.7,11.0,0.0,5.73,0.0,0.0,13
2016-05-26,29.5,25.6,33.5,28.0,35.3,21.7,32.5,30.0,31.2,31.6,39.7,37.8,35.4,31.8,71.0,64.0,4.4,9.9,0.0,4.86,0.0,0.0,13
2016-05-27,29.4,25.8,35.0,27.4,35.4,22.7,33.1,30.4,31.4,31.6,41.1,38.8,35.6,32.0,74.0,54.0,4.2,11.0,0.0,5.51,0.0,0.0,13
2016-05-28,30.0,25.4,33.0,26.0,35.0,21.7,33.5,30.8,31.4,32.0,40.1,38.0,35.8,32.4,68.0,55.0,3.4,8.9,0.0,4.32,0.0,0.0,11
2016-05-29,29.5,25.0,31.5,26.6,34.8,21.5,31.9,30.6,31.4,32.4,39.3,37.0,35.2,32.4,67.0,66.0,4.6,9.4,0.0,5.08,0.0,0.0,13
2016-05-30,30.4,25.6,31.2,25.8,34.6,22.4,33.5,31.2,31.4,32.0,38.5,36.8,34.4,32.0,67.0,63.0,4.2,10.4,0.0,4.97,0.0,0.0,12
2016-05-31,30.5,25.8,33.0,26.0,34.6,21.4,33.7,30.4,31.6,31.8,39.9,38.2,35.4,32.2,67.0,55.0,5.1,11.0,0.0,6.36,0.0,0.0,3
2016-06-01,30.6,25.8,33.0,27.0,34.5,22.3,33.3,30.8,31.6,32.0,38.9,37.2,34.6,32.4,67.0,61.0,5.0,8.8,0.0,5.04,0.0,0.0,17
2016-06-02,29.8,25.0,33.2,26.0,34.4,21.7,32.9,30.2,31.4,32.0,39.1,37.2,34.8,32.0,66.0,54.0,4.2,10.7,0.0,5.91,0.0,0.0,13
2016-06-03,29.8,26.0,33.0,25.6,35.0,21.7,32.5,30.4,31.4,32.0,39.7,37.8,34.8,32.2,73.0,53.0,4.7,10.1,0.0,4.95,0.0,0.0,16
2016-06-04,30.5,25.5,33.5,26.0,36.0,21.7,33.7,30.6,31.6,32.2,40.3,38.2,35.6,32.8,66.0,53.0,6.0,11.1,0.0,7.19,0.0,0.0,13
2016-06-05,31.5,25.0,34.0,26.0,35.3,21.5,34.3,30.8,31.8,32.4,41.1,38.8,35.6,32.8,56.0,51.0,4.1,11.3,0.0,4.18,0.0,0.0,8
2016-06-06,29.8,24.8,34.0,26.0,35.3,21.5,34.3,30.8,31.8,32.2,40.9,38.6,36.2,32.8,65.0,51.0,3.7,11.0,0.0,5.15,0.0,0.0,8
2016-06-07,28.5,24.0,34.8,26.0,36.3,21.5,32.5,30.6,32.2,32.2,41.7,39.0,36.2,32.6,67.0,47.0,3.5,10.3,0.0,5.02,0.0,0.0,13
2016-06-08,29.2,25.0,32.6,25.0,34.8,21.7,32.9,31.0,32.0,32.2,39.1,37.0,34.8,32.6,70.0,52.0,3.8,9.0,0.0,6.32,0.0,0.0,2
2016-06-09,30.0,24.4,32.4,25.4,35.2,22.0,34.1,31.0,32.0,32.2,40.1,37.8,35.4,32.6,61.0,55.0,4.2,9.5,0.0,4.01,0.0,0.0,11
2016-06-10,29.5,25.0,31.5,26.0,34.0,21.5,31.9,31.2,32.0,32.8,38.9,36.8,35.2,32.8,67.0,62.0,4.5,6.5,0.0,4.7,0.0,0.0,13
2016-06-11,31.0,25.0,34.0,26.0,35.3,21.7,33.3,30.4,31.8,32.2,40.3,38.6,36.0,32.8,60.0,51.0,4.8,10.0,0.0,6.45,0.0,0.0,10
2016-06-12,30.8,24.8,34.0,26.0,35.5,22.4,33.5,31.2,32.0,32.4,40.1,38.0,35.4,32.8,59.0,51.0,5.7,10.9,0.0,6.85,0.0,0.0,2
2016-06-13,30.5,25.4,34.2,25.5,34.2,25.0,33.5,31.2,32.2,32.6,39.7,38.2,35.4,33.0,64.0,48.0,8.1,10.8,0.0,8.18,0.0,0.0,17
2016-06-14,30.5,24.4,33.5,25.4,34.8,23.5,32.1,30.8,32.0,32.2,39.9,36.8,34.8,33.0,58.0,49.0,8.0,10.4,0.0,7.24,0.0,0.0,17
2016-06-15,30.0,24.0,32.5,24.5,33.4,24.0,32.3,31.2,32.4,32.4,39.1,35.4,35.0,32.8,59.0,50.0,7.1,9.1,0.0,6.12,0.0,0.0,17
2016-06-16,29.5,24.4,30.5,24.0,32.5,24.5,32.1,30.8,32.2,32.4,36.1,34.2,33.6,32.2,63.0,56.0,7.8,1.3,0.0,5.96,0.0,0.0,14
2016-06-17,30.5,25.0,32.0,26.0,33.2,22.0,32.3,30.6,32.2,31.8,37.7,36.0,34.6,32.2,62.0,60.0,5.6,8.4,0.0,6.34,0.0,0.0,13
2016-06-18,29.8,24.2,32.0,25.0,34.3,22.9,31.9,30.4,32.0,32.0,38.3,35.2,34.0,32.0,61.0,55.0,6.0,5.9,0.0,6.97,0.0,0.0,16
2016-06-19,30.0,24.2,32.2,24.5,33.9,21.8,31.5,30.2,31.6,32.0,38.9,35.8,34.2,32.2,60.0,51.0,4.9,9.2,0.0,4.75,0.0,0.0,13
2016-06-20,30.5,23.8,32.5,25.5,33.5,22.5,32.3,30.4,32.0,32.0,38.3,35.4,34.6,32.2,54.0,55.0,5.9,7.9,0.0,4.88,0.0,0.0,17
2016-06-21,29.0,23.0,31.5,25.0,33.5,22.2,31.7,30.8,32.4,32.4,38.1,38.6,34.0,32.4,58.0,56.0,5.7,3.6,0.0,5.87,0.0,0.0,13
2016-06-22,30.5,25.0,32.5,25.5,33.8,24.5,32.9,30.8,32.0,32.2,38.1,35.8,34.4,32.2,62.0,55.0,7.7,8.0,0.0,6.88,0.0,0.0,8
2016-06-23,28.0,23.6,31.2,24.8,32.7,24.0,30.9,30.6,32.2,32.0,37.9,34.6,33.8,31.8,68.0,57.0,5.7,2.2,0.0,5.78,0.0,0.0,8
2016-06-24,28.5,23.8,31.5,24.8,33.5,23.7,31.3,30.4,32.0,31.8,36.5,34.0,33.4,31.8,65.0,55.0,4.9,0.2,0.0,3.27,0.0,0.0,8
2016-06-25,30.5,24.5,34.0,25.0,34.4,21.7,32.3,30.6,31.8,32.0,39.3,35.8,34.6,32.4,59.0,46.0,4.6,8.3,0.0,4.93,0.0,0.0,8
2016-06-26,30.5,24.2,33.2,25.0,34.8,21.6,32.1,31.0,32.2,32.0,40.3,36.8,35.0,32.4,57.0,49.0,4.8,9.5,0.0,6.32,0.0,0.0,17
2016-06-27,29.5,24.6,32.2,25.2,33.8,24.1,32.1,31.2,32.4,32.2,38.7,35.6,34.4,32.4,65.0,55.0,7.8,8.3,0.0,7.26,0.0,0.0,16
2016-06-28,29.2,23.2,32.0,24.8,33.3,23.9,31.7,31.2,32.4,32.4,36.3,35.2,34.2,32.6,58.0,53.0,9.6,5.8,0.0,8.2,0.0,0.0,17
2016-06-29,29.5,24.4,30.5,24.8,32.4,23.5,31.9,30.8,32.2,32.0,36.3,34.4,33.8,32.0,63.0,61.0,6.8,3.6,0.0,6.43,0.0,0.0,16
2016-06-30,29.5,24.5,33.0,25.0,34.0,22.0,31.5,30.4,31.8,31.6,37.9,34.4,33.4,32.2,65.0,50.0,5.7,6.9,0.0,4.48,0.0,0.0,14
2016-07-01,30.0,24.6,33.5,25.0,34.5,22.0,31.5,30.2,31.6,31.6,39.3,35.8,34.6,32.0,63.0,47.0,5.5,9.8,0.0,6.2,0.0,0.0,8
2016-07-02,30.5,25.0,34.0,25.5,35.0,21.9,32.3,30.8,32.2,32.2,40.3,36.8,35.2,32.6,62.0,49.0,5.1,10.7,0.0,5.97,0.0,0.0,13
2016-07-03,30.5,24.4,36.0,26.2,36.6,20.8,31.9,30.8,32.2,32.2,41.5,37.2,35.4,32.6,58.0,44.0,3.9,10.5,0.0,6.73,0.0,0.0,8
2016-07-04,29.2,25.4,35.5,26.2,35.8,22.0,32.7,31.2,32.4,32.6,42.3,38.2,35.8,33.0,72.0,45.0,4.9,10.8,0.0,6.61,0.0,0.0,8
2016-07-05,29.8,24.0,33.0,25.5,34.0,21.2,33.1,31.8,33.0,32.8,40.3,38.8,36.0,33.0,60.0,53.0,6.3,8.7,0.0,7.1,0.0,0.0,16
2016-07-06,31.5,25.0,33.5,26.0,34.8,19.7,31.7,31.6,31.8,32.2,40.7,37.0,33.6,33.0,56.0,53.0,5.4,11.0,0.0,6.74,0.0,0.0,8
2016-07-07,30.0,25.0,34.4,25.8,34.8,22.9,32.5,31.0,32.4,32.4,41.1,37.2,35.4,32.6,65.0,48.0,6.0,10.3,0.0,6.81,0.0,0.0,16
2016-07-08,29.5,25.0,30.5,25.2,33.5,23.6,32.3,31.4,32.6,32.6,36.5,34.4,34.4,32.6,67.0,63.0,7.0,3.5,0.0,4.73,0.0,0.0,8
2016-07-09,29.5,25.0,31.0,26.0,33.8,24.5,32.1,31.2,32.2,32.0,39.3,36.2,35.0,32.8,67.0,66.0,10.8,10.2,0.0,7.66,0.0,0.0,13
2016-07-10,29.8,24.6,31.5,24.8,33.0,24.7,32.1,31.2,32.4,32.2,39.3,36.2,34.8,32.6,64.0,55.0,12.2,10.7,0.0,9.07,0.0,0.0,14
2016-07-11,30.4,24.0,32.5,26.0,33.8,25.0,32.3,31.6,33.0,32.6,39.9,36.6,35.4,32.8,57.0,57.0,11.7,10.8,0.0,9.68,0.0,0.0,13
2016-07-12,30.0,24.6,32.5,25.0,35.7,23.5,32.5,31.4,32.6,32.6,40.1,36.6,35.2,33.0,63.0,52.0,8.2,10.9,0.0,8.11,0.0,0.0,16
2016-07-13,30.0,24.4,33.0,25.0,34.4,19.7,32.5,31.2,32.4,32.6,41.1,37.2,35.4,32.6,61.0,50.0,5.0,10.6,0.0,7.41,0.0,0.0,16
2016-07-14,28.8,24.0,30.0,24.8,35.8,20.8,31.9,30.8,32.2,32.4,42.1,37.8,35.2,32.8,65.0,64.0,2.8,9.7,0.0,4.66,0.0,0.0,13
2016-07-15,27.5,23.8,31.5,25.0,35.0,21.3,31.5,31.2,32.8,32.8,40.9,37.2,35.6,32.6,71.0,56.0,2.2,5.5,5.5,2.44,0.0,0.0,8
2016-07-16,27.5,25.4,30.0,25.0,33.5,22.2,30.3,29.4,31.6,32.0,39.7,36.0,34.2,32.4,83.0,65.0,2.2,4.2,0.0,3.17,0.0,0.0,8
2016-07-17,28.5,24.5,28.0,25.0,34.8,19.5,30.5,29.0,31.4,32.0,34.9,34.4,32.2,32.2,71.0,77.0,1.8,3.2,0.5,2.18,0.0,0.0,13
2016-07-18,26.8,23.8,33.0,24.8,33.5,22.7,29.3,28.4,30.4,31.4,38.9,35.8,33.6,31.4,77.0,49.0,6.0,8.8,0.0,6.09,0.0,0.0,10
2016-07-19,30.0,23.5,34.0,25.0,34.6,20.5,31.3,30.2,31.2,32.0,40.7,37.2,34.2,32.4,56.0,46.0,3.8,9.6,0.0,5.92,0.0,0.0,8
2016-07-20,28.4,24.0,33.5,25.2,34.8,21.9,31.1,30.4,31.8,32.0,40.9,37.2,35.4,32.4,68.0,48.0,3.1,7.6,0.0,4.77,0.0,0.0,5
2016-07-21,28.8,24.0,32.0,25.0,34.4,20.7,32.1,31.2,32.6,32.4,40.1,37.0,35.2,32.8,65.0,55.0,4.8,7.4,0.0,5.38,0.0,0.0,8
2016-07-22,28.0,23.0,32.5,24.0,34.0,21.2,31.1,30.4,32.4,32.4,39.9,36.4,34.4,32.6,63.0,46.0,6.4,7.3,0.0,6.45,0.0,0.0,17
2016-07-23,29.0,23.0,31.0,24.0,33.5,22.2,31.5,30.8,32.2,32.2,38.3,35.6,34.6,32.8,58.0,54.0,6.0,6.4,0.0,5.17,0.0,0.0,13
2016-07-24,29.0,23.5,31.0,25.0,33.0,20.0,31.7,31.2,32.2,32.4,38.9,35.6,34.2,32.0,62.0,60.0,4.3,9.4,0.0,4.03,0.0,0.0,13
2016-07-25,28.5,24.8,25.5,23.8,35.8,20.1,31.7,30.4,32.2,32.0,37.9,36.8,34.4,32.4,72.0,85.0,2.5,6.7,15.4,3.08,0.0,0.0,10
2016-07-26,27.2,24.6,30.8,25.8,31.8,20.5,29.5,28.2,30.0,31.2,34.1,32.4,32.2,31.4,80.0,64.0,2.2,3.5,0.0,2.6,0.0,0.0,13
2016-07-27,27.4,24.8,33.0,25.4,33.8,21.1,29.5,28.0,29.6,30.6,40.9,37.4,34.4,31.4,80.0,52.0,2.2,8.4,4.9,3.43,0.0,0.0,17
2016-07-28,26.0,24.6,33.0,25.8,34.6,20.2,30.3,28.6,30.0,31.2,39.3,35.8,33.6,31.4,88.0,54.0,1.8,8.8,0.0,3.54,0.0,0.0,0
2016-07-29,28.5,24.8,32.0,25.8,33.3,21.0,29.9,28.8,30.2,31.4,38.9,36.2,34.2,31.6,72.0,59.0,3.1,9.1,0.0,3.76,0.0,0.0,3
2016-07-30,27.0,24.6,30.5,24.0,33.0,19.7,30.1,29.2,30.8,31.4,36.5,34.4,32.8,31.4,81.0,56.0,3.2,4.1,0.0,4.23,0.0,0.0,8
2016-07-31,28.5,23.5,32.0,24.0,33.6,21.5,29.9,28.6,30.0,31.2,38.3,36.0,33.8,31.4,64.0,49.0,5.6,10.8,0.0,4.93,0.0,0.0,8
2016-08-01,28.5,23.0,32.5,24.6,32.8,22.4,30.1,29.2,30.6,31.2,38.3,35.4,33.4,31.4,60.0,50.0,8.6,8.9,0.0,4.77,0.0,0.0,14
2016-08-02,29.0,23.4,32.5,23.6,33.5,21.8,30.9,29.4,31.2,31.4,39.3,36.2,34.2,31.6,60.0,44.0,7.6,9.4,0.0,6.85,0.0,0.0,14
2016-08-03,29.0,23.0,32.0,23.0,33.8,20.5,30.9,29.8,31.2,31.6,39.1,36.0,33.8,31.6,58.0,44.0,6.0,9.0,0.0,5.22,0.0,0.0,8
2016-08-04,29.2,23.8,32.5,24.6,33.7,20.5,31.9,29.8,31.4,31.6,39.1,36.0,33.8,31.8,62.0,50.0,6.2,10.6,0.0,5.98,0.0,0.0,17
2016-08-05,29.0,23.8,33.8,25.4,34.5,20.5,31.3,30.0,31.2,31.6,40.3,36.4,34.4,32.0,63.0,48.0,4.6,11.4,0.0,4.08,0.0,0.0,13
2016-08-06,29.0,25.0,34.0,23.0,35.0,21.2,31.9,30.6,31.8,32.0,40.9,37.2,35.2,32.4,71.0,36.0,3.8,11.8,0.0,5.08,0.0,0.0,5
2016-08-07,30.0,24.5,34.0,25.0,35.3,20.7,32.1,30.6,31.8,32.0,41.7,38.0,37.2,32.2,63.0,46.0,4.4,11.7,0.0,6.18,0.0,0.0,8
2016-08-08,28.5,24.4,35.0,26.4,36.0,21.7,31.9,30.6,32.2,32.4,42.9,38.2,35.6,32.6,69.0,49.0,2.4,10.8,0.0,4.28,0.0,0.0,17
2016-08-09,29.5,25.5,34.0,26.0,36.8,21.8,33.3,31.8,33.4,33.0,42.7,39.6,37.2,33.4,71.0,51.0,2.7,8.6,0.0,4.57,0.0,0.0,5
2016-08-10,29.4,24.2,35.0,25.8,35.8,20.6,32.1,31.2,32.6,33.0,43.3,38.6,36.2,33.2,63.0,46.0,3.7,9.6,0.0,5.67,0.0,0.0,13
2016-08-11,29.0,23.8,34.5,25.0,35.7,20.1,32.5,31.2,32.6,33.0,43.5,38.6,36.2,33.4,63.0,43.0,3.7,11.3,0.0,6.36,0.0,0.0,12
2016-08-12,28.5,24.0,36.5,25.4,36.8,21.2,32.1,31.0,32.6,33.0,44.5,39.2,36.2,33.4,67.0,38.0,2.5,11.2,0.0,5.0,0.0,0.0,17
2016-08-13,29.5,24.5,33.5,25.0,35.8,21.0,33.3,32.0,33.4,33.6,41.9,38.6,36.8,33.8,65.0,47.0,4.0,11.0,0.0,6.42,0.0,0.0,13
2016-08-14,29.5,24.6,32.0,24.8,33.5,23.2,32.7,31.6,33.0,33.2,41.5,38.0,36.0,33.2,65.0,53.0,7.5,10.1,0.0,7.01,0.0,0.0,13
2016-08-15,29.5,24.5,31.8,25.0,33.8,23.5,32.5,31.6,32.6,33.0,40.1,36.8,35.8,33.2,65.0,55.0,8.9,10.2,0.0,7.7,0.0,0.0,13
2016-08-16,29.5,23.8,32.0,24.2,34.0,24.2,32.1,31.4,32.6,33.0,40.5,37.0,35.6,33.2,60.0,50.0,9.2,10.3,0.0,8.17,0.0,0.0,16
2016-08-17,29.5,24.0,32.8,24.0,33.5,21.7,32.1,31.4,33.0,33.0,40.1,36.6,35.4,33.2,61.0,45.0,7.4,10.1,0.0,7.68,0.0,0.0,8
2016-08-18,30.0,24.8,33.0,25.0,33.5,20.5,32.1,31.0,32.6,32.6,41.5,37.4,35.8,33.0,64.0,50.0,5.4,10.6,0.0,6.88,0.0,0.0,8
2016-08-19,30.0,24.4,36.0,25.5,37.0,21.2,32.3,31.2,32.6,33.0,44.1,38.6,36.4,33.4,61.0,41.0,3.6,10.8,0.0,6.27,0.0,0.0,6
2016-08-20,30.0,24.5,36.0,26.0,37.5,22.0,33.5,32.2,32.6,33.4,44.9,39.6,37.4,33.8,63.0,43.0,3.7,11.4,0.0,7.21,0.0,0.0,13
2016-08-21,30.0,25.5,34.0,26.0,36.4,22.0,34.3,32.8,34.4,34.4,45.3,40.2,37.6,35.0,69.0,51.0,3.5,10.2,0.0,6.65,0.0,0.0,5
2016-08-22,29.8,25.0,29.8,25.8,36.0,22.0,33.9,32.6,34.4,34.0,41.9,38.4,36.6,35.0,66.0,71.0,2.7,6.9,5.1,3.7,0.0,0.0,10
2016-08-23,28.5,25.5,33.0,26.0,35.0,21.2,31.1,30.4,32.4,33.4,38.7,36.0,35.2,33.0,78.0,55.0,5.1,9.0,0.0,6.25,0.0,0.0,8
2016-08-24,29.5,24.5,35.0,25.0,36.5,22.5,31.3,29.8,31.8,32.6,41.9,38.0,35.8,33.2,65.0,42.0,5.0,10.8,0.0,7.48,0.0,0.0,8
2016-08-25,30.2,24.5,33.5,25.0,35.5,22.2,32.1,31.0,32.6,33.2,41.3,38.0,36.2,33.4,61.0,47.0,6.8,10.1,0.0,7.93,0.0,0.0,13
2016-08-26,30.5,24.0,32.0,25.0,34.5,23.7,32.5,31.6,32.6,33.4,39.7,37.0,36.0,33.8,56.0,55.0,6.9,7.4,0.0,7.44,0.0,0.0,13
2016-08-27,28.8,23.5,30.5,24.5,32.5,24.0,31.5,31.2,32.6,33.2,36.7,34.2,34.0,33.0,63.0,59.0,6.7,1.8,0.0,4.95,0.0,0.0,13
2016-08-28,30.0,24.0,35.5,25.0,36.4,21.5,32.1,30.4,32.2,33.0,43.1,38.0,35.8,33.0,59.0,40.0,5.0,10.2,0.0,7.8,0.0,0.0,13
2016-08-29,29.5,24.0,35.0,24.6,36.3,21.0,31.9,31.2,32.6,33.0,42.9,37.8,36.0,33.2,61.0,40.0,5.0,10.6,0.0,8.06,0.0,0.0,14
2016-08-30,30.0,24.8,32.0,25.0,36.8,21.7,32.9,31.4,33.2,33.2,41.9,37.8,36.2,33.4,64.0,55.0,3.8,8.6,0.0,6.12,0.0,0.0,13
2016-08-31,30.0,24.8,34.0,25.5,35.0,21.8,33.5,32.0,33.2,33.4,42.7,38.0,37.0,33.8,64.0,49.0,5.0,8.1,0.0,7.46,0.0,0.0,10
2016-09-01,29.5,24.0,34.0,25.4,35.3,21.8,33.9,32.2,33.6,33.4,42.9,38.4,36.6,34.0,61.0,48.0,5.4,11.1,0.0,7.95,0.0,0.0,7
2016-09-02,30.0,24.2,31.5,24.8,34.0,20.5,33.3,32.2,33.6,33.4,40.9,37.0,36.2,33.6,60.0,55.0,5.4,9.6,0.0,6.36,0.0,0.0,16
2016-09-03,29.5,24.5,34.0,25.5,36.5,21.2,32.7,31.4,33.4,33.4,42.3,37.6,36.0,33.6,65.0,49.0,3.9,6.4,0.0,6.63,0.0,0.0,13
2016-09-04,30.0,25.0,32.5,25.5,34.7,21.4,33.3,31.8,33.4,33.4,39.9,36.6,36.0,34.0,65.0,55.0,5.9,7.5,0.0,7.03,0.0,0.0,8
2016-09-05,30.0,24.0,35.0,25.5,36.2,22.8,32.9,31.4,33.4,33.2,43.9,38.4,36.6,33.6,59.0,45.0,5.9,8.2,0.0,9.12,0.0,0.0,17
2016-09-06,30.0,23.5,33.2,24.5,34.0,23.2,32.9,31.6,33.6,33.4,41.5,37.0,35.8,33.4,56.0,47.0,6.9,9.8,0.0,8.27,0.0,0.0,14
2016-09-07,28.0,23.5,34.0,24.5,35.0,19.2,32.5,31.4,33.2,33.4,40.9,36.6,36.0,33.0,68.0,44.0,4.3,8.8,0.0,6.23,0.0,0.0,13
2016-09-08,28.5,23.0,34.0,25.0,35.7,18.5,31.5,30.6,32.6,32.2,41.9,37.6,36.0,33.4,60.0,46.0,4.9,10.3,0.0,7.17,0.0,0.0,8
2016-09-09,29.5,23.4,34.0,24.8,36.0,20.0,32.1,30.2,32.2,32.6,42.9,37.2,35.4,33.0,57.0,45.0,4.0,10.4,0.0,6.03,0.0,0.0,17
2016-09-10,29.5,24.0,35.0,26.0,36.2,19.0,33.7,31.4,33.6,33.2,43.7,38.0,36.2,33.6,61.0,47.0,5.0,10.1,0.0,7.34,0.0,0.0,13
2016-09-11,30.0,23.0,34.0,25.0,36.0,20.0,33.5,31.6,33.2,33.4,43.5,38.2,36.0,33.6,53.0,46.0,5.4,10.9,0.0,8.51,0.0,0.0,13
2016-09-12,30.0,23.5,34.5,25.0,36.1,19.8,33.1,31.6,33.6,33.6,43.9,38.0,36.0,34.0,56.0,43.0,4.8,10.7,0.0,7.21,0.0,0.0,8
2016-09-13,29.5,23.5,35.4,26.2,36.7,21.9,32.9,31.4,33.2,33.2,43.9,38.2,36.4,33.4,58.0,46.0,3.9,9.5,0.0,6.59,0.0,0.0,6
2016-09-14,29.5,24.8,35.7,26.8,36.8,18.7,34.1,32.4,33.8,33.4,45.3,39.2,36.4,34.0,66.0,47.0,4.0,10.5,0.0,7.21,0.0,0.0,3
2016-09-15,30.0,25.0,35.0,27.0,36.4,20.5,33.9,32.4,34.4,34.0,44.7,39.6,37.6,35.0,65.0,52.0,4.6,9.4,0.0,8.62,0.0,0.0,11
2016-09-16,30.0,24.6,34.0,25.6,36.0,23.2,33.7,32.2,34.2,34.0,43.5,38.6,37.2,34.2,63.0,49.0,6.4,9.2,0.0,8.85,0.0,0.0,12
2016-09-17,30.5,24.5,35.0,26.0,35.5,21.5,33.9,32.6,32.8,34.0,44.3,38.2,36.4,34.4,59.0,47.0,4.8,9.9,0.0,6.94,0.0,0.0,13
2016-09-18,31.0,25.0,34.0,26.0,35.8,20.9,34.3,32.2,33.8,34.0,43.7,38.4,37.2,34.4,60.0,51.0,6.1,9.1,0.0,7.82,0.0,0.0,13
2016-09-19,30.5,24.6,34.5,26.8,35.6,21.0,34.1,32.2,33.6,33.8,42.1,37.4,37.2,34.0,59.0,52.0,4.0,7.9,0.0,6.18,0.0,0.0,13
2016-09-20,29.5,24.8,35.5,26.8,36.3,23.0,33.9,32.2,33.4,33.6,43.3,38.2,36.8,34.2,66.0,48.0,6.3,10.0,0.0,8.74,0.0,0.0,11
2016-09-21,30.5,24.6,35.0,26.0,36.0,19.5,33.5,32.2,34.2,33.6,43.9,38.4,37.0,34.0,59.0,47.0,8.9,10.7,0.0,8.33,0.0,0.0,14
2016-09-22,31.0,23.8,34.5,25.8,36.0,20.2,33.9,32.4,34.0,33.8,43.9,38.4,37.0,34.0,52.0,47.0,5.6,8.9,0.0,8.65,0.0,0.0,8
2016-09-23,30.0,25.0,34.0,26.5,36.0,22.7,32.1,31.6,33.6,33.8,42.7,37.0,36.0,33.8,65.0,54.0,3.0,8.6,0.0,7.55,0.0,0.0,13
2016-09-24,31.0,25.0,35.0,26.0,36.0,20.0,33.3,31.8,33.4,33.6,43.9,38.0,36.0,33.8,60.0,47.0,6.0,10.0,0.0,7.97,0.0,0.0,13
2016-09-25,30.5,25.0,35.0,27.0,36.5,20.0,33.3,31.5,33.4,33.4,43.7,38.0,36.2,34.0,62.0,52.0,5.5,10.2,0.0,7.84,0.0,0.0,13
2016-09-26,31.0,25.0,36.0,27.0,37.3,20.7,33.3,31.8,33.4,33.6,45.7,39.2,38.2,34.2,60.0,47.0,3.7,10.4,0.0,7.64,0.0,0.0,8
2016-09-27,31.0,25.0,35.8,27.4,37.7,21.0,34.1,32.4,34.4,33.6,45.9,39.4,37.6,34.4,60.0,50.0,3.1,8.7,0.0,6.38,0.0,0.0,17
2016-09-28,31.0,25.5,36.0,27.8,37.3,21.0,34.3,32.6,34.4,34.0,45.9,39.6,37.4,34.6,63.0,51.0,3.8,9.3,0.0,7.03,0.0,0.0,13
2016-09-29,31.5,25.0,35.0,27.0,36.3,22.0,34.5,32.8,34.6,34.4,43.7,38.4,35.6,34.4,56.0,52.0,5.6,9.4,0.0,7.26,0.0,0.0,17
2016-09-30,31.5,25.5,34.0,26.8,35.4,20.2,33.9,32.4,34.2,33.8,41.9,37.2,36.4,34.0,60.0,55.0,5.7,7.3,0.0,7.53,0.0,0.0,17
2016-10-01,30.4,23.8,35.8,26.8,37.2,20.1,33.3,31.6,33.4,33.4,44.9,38.6,36.6,33.8,55.0,47.0,4.1,9.9,0.0,8.56,0.0,0.0,17
2016-10-02,30.0,24.5,35.0,26.5,37.0,20.5,34.3,32.4,33.8,33.4,43.9,38.6,37.0,34.0,63.0,50.0,2.9,8.6,0.0,4.82,0.0,0.0,8
2016-10-03,29.5,24.5,34.5,26.5,36.8,21.7,33.5,32.2,33.6,33.8,45.3,38.6,37.2,34.0,69.0,51.0,2.6,8.4,0.0,5.67,0.0,0.0,13
2016-10-04,29.5,23.8,35.5,27.0,37.0,21.0,33.9,32.4,34.0,33.8,44.3,38.6,37.2,34.4,60.0,49.0,4.0,10.2,0.0,7.26,0.0,0.0,8
2016-10-05,30.0,25.5,33.5,27.0,37.8,20.5,34.9,32.2,34.2,33.8,32.9,32.2,31.2,30.0,69.0,58.0,4.3,10.8,0.0,7.73,0.0,0.0,13
2016-10-06,30.3,24.8,31.4,26.4,37.3,20.5,34.5,32.8,34.6,34.2,44.5,39.0,37.4,34.6,62.0,66.0,3.0,9.6,0.0,5.02,0.0,0.0,8
2016-10-07,30.0,24.4,35.0,26.0,36.8,19.5,34.1,32.4,34.4,34.0,42.9,38.6,37.2,34.8,61.0,47.0,4.1,9.3,0.0,8.67,0.0,0.0,16
2016-10-08,30.5,23.8,30.5,27.0,36.8,19.1,33.3,31.8,33.6,33.6,44.7,38.6,37.8,34.4,54.0,74.0,4.4,10.7,0.0,7.71,0.0,0.0,13
2016-10-09,31.0,25.4,36.0,27.6,37.5,20.0,33.5,31.8,33.4,33.4,45.1,39.0,36.8,34.0,62.0,50.0,5.5,10.8,0.0,8.36,0.0,0.0,17
2016-10-10,31.5,25.0,35.5,27.0,37.0,18.9,33.9,32.0,33.8,33.8,45.1,38.8,36.8,34.2,56.0,49.0,6.0,10.7,0.0,8.2,0.0,0.0,13
2016-10-11,31.0,23.4,31.0,26.6,37.5,19.0,33.7,31.6,33.4,33.6,34.7,38.6,36.8,34.0,50.0,69.0,5.0,10.8,0.0,7.93,0.0,0.0,8
2016-10-12,31.0,24.0,36.5,27.5,37.8,19.7,33.9,31.6,33.6,33.8,46.1,39.2,37.0,34.0,54.0,48.0,4.1,10.8,0.0,7.53,0.0,0.0,13
2016-10-13,29.5,24.6,36.2,27.6,37.5,22.5,33.3,31.6,33.2,33.4,46.1,39.2,37.4,34.0,65.0,50.0,3.4,8.8,0.0,7.59,0.0,0.0,3
2016-10-14,29.0,25.4,34.0,27.0,35.8,20.6,34.5,33.2,34.4,33.2,43.3,37.8,36.4,34.2,74.0,56.0,4.3,7.8,0.0,5.85,0.0,0.0,16
2016-10-15,29.2,25.6,31.6,25.6,35.3,22.0,33.7,33.2,34.0,33.6,39.9,37.0,37.2,33.8,75.0,60.0,2.8,5.9,0.0,4.82,0.0,0.0,13
2016-10-16,29.0,24.6,31.5,25.2,35.4,21.0,33.7,32.2,33.6,33.4,41.7,37.8,37.4,33.6,68.0,58.0,2.5,6.2,0.0,5.26,0.0,0.0,8
2016-10-17,29.5,24.8,33.8,26.7,35.2,21.0,34.1,32.4,33.8,33.6,43.5,38.4,36.8,33.8,66.0,56.0,2.7,8.6,0.0,5.62,0.0,0.0,6
2016-10-18,29.0,25.0,34.0,27.0,34.8,22.5,33.9,32.4,33.8,33.6,42.7,38.0,36.4,33.8,71.0,56.0,2.6,8.4,4.0,3.9,0.0,0.0,16
2016-10-19,27.5,25.8,32.5,26.8,33.1,20.0,31.7,31.2,33.2,33.2,35.7,34.2,34.4,33.2,86.0,62.0,2.2,1.2,0.0,3.16,0.0,0.0,10
2016-10-20,28.0,24.8,34.0,26.5,35.3,20.6,30.7,29.8,31.6,32.2,39.9,36.0,34.2,32.6,76.0,54.0,2.2,5.9,69.7,5.73,0.0,0.0,12
2016-10-21,27.0,24.6,31.0,25.0,34.0,21.0,29.5,28.2,29.4,30.4,33.7,32.6,31.8,30.8,81.0,60.0,2.4,3.2,0.0,4.91,0.0,0.0,13
2016-10-22,28.0,25.0,33.0,26.0,34.0,20.5,30.3,28.2,29.2,30.6,35.3,33.2,32.6,31.4,77.0,55.0,3.3,7.9,0.0,5.17,0.0,0.0,13
2016-10-23,29.0,25.0,34.0,26.0,35.8,21.0,30.9,28.4,29.6,30.8,39.1,35.0,33.6,31.0,71.0,51.0,3.4,10.2,0.0,5.29,0.0,0.0,13
2016-10-24,29.0,25.8,28.5,24.0,33.5,20.0,31.1,29.0,30.2,31.0,35.3,33.4,32.8,31.2,76.0,67.0,4.5,5.7,0.0,4.46,0.0,0.0,13
2016-10-25,27.5,24.6,29.0,25.0,34.8,19.6,30.1,28.4,29.6,30.6,37.9,34.8,33.6,31.2,77.0,71.0,3.9,7.6,0.0,5.02,0.0,0.0,12
2016-10-26,27.5,24.0,31.0,25.0,33.0,20.5,30.5,28.6,29.8,30.8,38.7,35.6,34.0,31.6,73.0,60.0,2.0,8.1,0.0,3.85,0.0,0.0,16
2016-10-27,28.0,24.5,32.0,26.0,33.4,20.5,30.3,29.2,30.2,31.0,36.3,34.2,32.2,31.8,74.0,60.0,1.4,5.8,0.0,3.07,0.0,0.0,5
2016-10-28,28.2,24.8,33.0,25.6,35.2,21.1,31.3,29.4,30.4,31.2,38.3,35.4,34.2,31.4,75.0,53.0,1.6,8.1,0.0,3.83,0.0,0.0,7
2016-10-29,28.0,25.0,33.8,26.6,34.7,21.5,31.1,29.6,31.2,31.4,37.5,35.0,34.2,31.8,77.0,55.0,2.0,7.4,8.9,3.25,0.0,0.0,16
2016-10-30,28.0,25.8,32.4,26.0,34.3,21.7,30.9,29.0,30.2,31.2,37.3,34.6,33.2,31.0,83.0,58.0,2.3,8.2,0.0,4.03,0.0,0.0,16
2016-10-31,26.0,24.6,27.5,25.0,32.2,20.5,29.3,28.6,30.4,31.2,34.1,32.6,32.2,31.0,88.0,80.0,1.9,2.5,0.0,0.49,1.0,0.0,8
2016-11-01,27.5,24.8,29.5,25.6,33.3,20.0,30.3,28.4,29.6,30.6,35.9,33.2,32.6,31.0,79.0,71.0,2.7,8.3,33.6,3.7,0.0,0.0,13
2016-11-02,27.0,24.7,31.5,25.2,32.0,21.1,29.5,27.8,29.0,30.0,35.1,32.2,31.4,30.2,83.0,58.0,4.1,7.3,21.0,3.09,0.0,0.0,13
2016-11-03,24.5,24.0,29.0,25.0,29.4,21.3,27.7,27.4,29.0,30.2,33.3,30.6,30.2,30.2,95.0,71.0,1.9,2.0,1.3,1.5,0.0,0.0,13
2016-11-04,27.0,24.6,29.8,24.6,30.6,20.3,28.5,27.4,28.6,29.8,31.7,30.2,30.4,30.0,81.0,64.0,2.9,1.9,0.0,2.67,1.0,0.0,17
2016-11-05,26.0,23.8,30.5,24.0,32.2,20.7,27.7,27.0,28.4,29.2,31.9,30.2,30.2,29.4,82.0,56.0,1.1,1.8,0.0,2.6,0.0,0.0,13
2016-11-06,27.5,24.5,28.5,24.5,31.3,19.7,28.7,27.6,28.4,29.6,31.7,30.4,30.2,29.6,77.0,71.0,1.3,2.5,0.0,1.21,0.0,0.0,13
2016-11-07,27.0,24.0,32.5,25.0,33.3,20.2,28.1,26.8,28.2,29.2,36.3,33.2,31.4,29.6,77.0,52.0,2.3,9.3,0.0,1.95,0.0,0.0,10
2016-11-08,27.5,24.5,30.0,25.0,32.3,20.1,29.3,27.8,29.2,30.0,34.3,32.2,31.6,30.0,77.0,65.0,2.4,8.2,3.5,3.54,0.0,0.0,13
2016-11-09,25.5,23.4,30.5,23.5,32.0,21.0,28.1,27.6,29.2,29.8,34.7,32.6,31.8,30.0,82.0,53.0,2.2,6.7,0.0,3.38,0.0,0.0,12
2016-11-10,25.8,23.4,30.5,24.6,32.0,20.0,28.5,27.8,29.2,30.0,34.9,32.4,31.4,30.2,81.0,59.0,1.8,7.1,0.0,2.95,0.0,0.0,13
2016-11-11,27.0,24.0,30.5,25.0,32.5,21.0,29.1,27.8,29.0,29.6,34.5,32.4,31.4,30.0,77.0,62.0,1.6,8.0,0.0,2.57,0.0,0.0,5
2016-11-12,26.0,25.0,30.0,25.2,33.5,20.7,29.3,28.0,29.2,30.0,34.7,32.6,31.6,30.2,92.0,66.0,1.6,4.2,0.0,2.71,0.0,0.0,5
2016-11-13,29.5,26.0,26.0,24.0,31.5,21.0,30.3,28.6,29.6,30.2,31.5,30.8,31.0,30.0,74.0,84.0,1.2,4.1,5.9,1.57,0.0,0.0,13
2016-11-14,28.0,26.0,29.0,25.0,31.8,21.0,29.5,29.8,29.0,29.0,32.7,31.0,30.4,30.0,85.0,71.0,1.4,6.4,15.0,1.07,0.0,0.0,13
2016-11-15,28.5,25.8,29.2,24.6,31.5,20.7,29.1,27.8,28.6,29.4,33.5,32.2,31.4,30.0,79.0,67.0,1.7,7.1,6.0,3.81,0.0,0.0,17
2016-11-16,27.5,25.0,26.5,25.0,30.8,20.7,29.9,27.6,28.6,29.4,30.9,29.6,30.0,29.6,80.0,87.0,1.4,3.1,26.0,3.05,0.0,0.0,13
2016-11-17,25.0,24.4,24.5,24.0,26.8,20.5,27.1,26.0,27.4,28.6,27.5,26.8,27.6,28.2,95.0,95.0,0.8,0.0,29.5,0.74,0.0,0.0,12
2016-11-19,24.5,23.8,27.0,24.6,27.8,21.0,26.7,25.4,26.4,26.4,30.1,28.6,28.4,27.4,93.0,81.0,0.6,0.0,4.1,1.01,0.0,0.0,13
2016-11-20,25.0,24.0,26.0,24.6,26.8,20.9,26.9,25.8,25.2,25.8,28.9,27.4,28.2,27.6,92.0,88.0,0.8,0.0,8.0,0.58,0.0,0.0,5
2016-11-21,25.5,24.3,26.5,25.0,28.2,23.0,27.1,25.6,26.8,27.6,29.7,28.4,28.4,27.6,90.0,87.0,0.7,0.6,11.7,1.28,0.0,0.0,13
2016-11-22,25.5,23.8,28.5,25.4,31.1,21.6,27.1,25.6,27.2,27.4,32.1,30.4,29.4,27.8,85.0,76.0,1.6,2.4,2.8,1.67,0.0,0.0,0
2016-11-23,26.5,24.4,28.5,25.0,29.2,20.4,28.1,26.6,27.6,28.0,30.9,28.2,29.2,28.2,83.0,73.0,1.1,0.5,5.4,1.42,0.0,0.0,13
2016-11-24,24.0,23.0,29.0,25.0,27.7,20.0,26.5,25.6,27.4,27.8,31.9,30.0,29.2,28.2,91.0,71.0,0.8,0.0,3.7,0.3,0.0,0.0,8
2016-11-25,26.0,24.5,29.0,25.0,30.5,21.5,27.7,25.0,26.6,27.6,31.9,30.0,29.2,28.2,88.0,71.0,1.9,5.7,0.0,2.06,0.0,0.0,13
2016-11-26,26.0,24.6,28.8,24.6,30.0,21.0,27.9,26.2,27.2,27.8,31.9,30.0,29.4,28.2,88.0,69.0,1.8,3.2,0.0,2.11,0.0,0.0,16
2016-11-27,25.5,23.5,29.5,25.0,30.0,19.3,27.3,26.0,27.4,28.0,32.5,30.2,29.6,28.4,84.0,67.0,1.7,3.4,0.0,2.13,0.0,0.0,13
2016-11-28,25.0,23.5,30.0,23.0,30.3,18.8,27.5,26.0,27.0,28.0,35.1,32.2,30.6,28.4,88.0,53.0,1.7,7.5,0.0,3.09,0.0,0.0,8
2016-11-29,25.0,22.8,29.0,23.0,30.3,20.7,27.5,25.4,27.0,28.0,34.7,32.2,30.0,28.4,82.0,58.0,2.4,4.8,0.0,2.78,0.0,0.0,8
2016-11-30,24.0,22.6,25.4,23.4,26.4,19.0,26.3,26.0,27.4,26.2,28.7,27.6,28.4,28.2,88.0,84.0,4.2,0.0,0.0,1.61,0.0,0.0,16
2016-12-01,25.2,24.0,29.0,23.5,30.8,20.0,27.5,25.2,26.4,26.4,35.9,33.2,30.6,28.0,90.0,62.0,2.7,8.1,0.0,3.76,0.0,0.0,8
2016-12-02,27.0,24.5,31.0,25.6,32.8,20.1,29.3,27.2,27.8,28.2,37.9,34.8,32.2,28.4,81.0,63.0,1.7,9.7,0.0,3.09,0.0,0.0,8
2016-12-03,26.5,25.0,30.0,25.2,32.3,21.0,29.1,27.4,28.6,29.0,36.3,34.8,32.4,29.2,87.0,66.0,1.4,6.3,0.0,4.03,0.0,0.0,5
2016-12-04,27.2,25.0,30.0,24.8,31.8,20.0,29.9,28.0,29.0,29.4,37.5,34.8,32.8,30.0,83.0,64.0,1.6,9.5,0.0,1.93,0.0,0.0,3
2016-12-05,27.4,24.8,30.5,24.0,31.8,20.7,29.9,27.8,29.0,27.4,37.3,34.6,32.4,30.0,80.0,56.0,2.5,10.2,2.5,3.14,0.0,0.0,11
2016-12-06,26.0,24.2,29.5,22.8,30.6,19.7,29.3,27.6,29.0,29.4,36.3,34.0,32.2,29.6,85.0,54.0,2.2,8.9,0.0,3.65,0.0,0.0,7
2016-12-07,25.5,23.4,30.8,25.6,31.8,21.6,28.1,26.8,28.4,29.2,37.1,34.2,32.0,29.6,82.0,64.0,2.5,8.5,1.0,2.51,0.0,0.0,13
2016-12-08,27.0,24.8,29.0,25.6,31.0,20.7,29.9,28.0,29.2,28.6,36.1,33.8,32.2,29.6,83.0,75.0,2.7,7.1,0.0,3.11,0.0,0.0,7
2016-12-09,26.5,24.5,29.5,24.0,30.5,20.3,29.3,28.0,29.2,29.6,35.7,33.2,31.6,29.8,84.0,61.0,2.9,7.2,0.0,2.98,0.0,0.0,13
2016-12-10,26.0,23.5,29.5,25.0,30.3,18.6,28.7,27.6,28.6,29.6,35.5,33.4,31.8,29.6,81.0,67.0,2.8,6.2,0.0,2.87,0.0,0.0,8
2016-12-11,25.7,24.8,31.6,23.4,32.7,17.4,28.3,26.8,28.4,29.2,36.5,34.8,32.2,29.4,92.0,47.0,3.7,9.6,0.0,4.48,0.0,0.0,11
2016-12-12,27.0,23.0,31.5,23.4,32.8,18.0,28.1,26.4,28.0,29.2,37.1,34.2,32.2,29.8,70.0,47.0,4.3,10.2,0.0,4.82,0.0,0.0,13
2016-12-13,27.0,22.6,32.0,24.5,34.2,19.6,28.3,27.0,28.4,29.2,38.3,35.0,32.4,29.4,67.0,52.0,1.8,8.6,0.0,3.58,0.0,0.0,12
2016-12-14,26.5,24.0,31.4,24.0,32.3,21.0,29.1,27.8,29.2,29.6,37.9,34.4,32.6,30.0,80.0,52.0,1.7,8.8,2.5,1.75,0.0,0.0,16
2016-12-15,27.0,25.0,30.0,24.6,31.3,20.5,29.3,28.0,29.6,29.6,36.1,33.6,32.2,30.0,84.0,63.0,2.3,9.0,0.0,4.52,0.0,0.0,5
2016-12-16,26.0,23.8,28.5,24.4,32.5,21.5,28.5,27.6,28.8,28.8,34.9,33.0,31.6,29.4,82.0,69.0,2.6,7.1,4.3,1.7,0.0,0.0,16
2016-12-17,25.0,24.2,27.5,25.0,28.5,20.7,28.1,27.6,29.0,29.0,31.3,29.8,30.0,29.4,93.0,80.0,2.0,8.7,9.3,1.68,0.0,0.0,13
2016-12-18,25.0,24.0,28.5,24.0,29.5,20.4,27.3,26.2,27.2,26.8,31.9,30.2,29.8,29.4,92.0,67.0,2.4,5.4,0.0,2.39,0.0,0.0,13
2016-12-19,25.0,23.0,24.8,24.0,27.3,21.3,27.1,26.0,27.2,28.4,27.3,26.4,27.6,28.0,84.0,93.0,1.6,0.2,48.6,1.42,0.0,0.0,8
2016-12-20,27.0,25.6,31.0,24.8,32.3,20.1,28.3,26.4,29.0,28.6,34.3,32.0,30.6,28.2,89.0,58.0,2.6,9.1,2.0,4.95,0.0,0.0,10
2016-12-21,24.0,23.4,29.5,25.7,31.4,21.5,27.1,25.8,27.2,26.2,33.5,31.2,30.2,28.4,95.0,71.0,2.0,7.8,0.0,1.88,1.0,0.0,13
2016-12-22,27.0,25.0,30.0,24.6,30.8,17.8,29.1,26.6,27.8,26.4,34.5,31.8,31.0,28.8,84.0,63.0,2.5,8.9,0.0,3.61,0.0,0.0,5
2016-12-23,28.5,24.4,29.5,22.6,29.8,15.5,26.9,25.2,27.0,26.4,36.1,33.2,31.4,28.6,69.0,52.0,2.4,10.2,0.0,3.76,0.0,0.0,8
2016-12-24,23.5,20.8,28.5,21.8,29.3,15.9,26.1,24.4,26.4,26.2,34.9,32.0,30.0,28.2,77.0,53.0,1.7,10.3,0.0,2.71,0.0,0.0,13
2016-12-25,23.5,20.4,29.5,23.0,30.3,20.5,25.7,23.8,26.0,25.8,37.1,34.0,31.0,28.0,73.0,55.0,2.0,9.5,0.0,4.17,0.0,0.0,13
2016-12-26,25.0,23.0,29.5,25.5,30.5,22.2,27.5,26.2,27.6,28.2,34.9,32.8,30.6,29.6,84.0,71.0,2.5,4.7,10.7,4.66,0.0,0.0,8
2016-12-27,25.5,24.0,29.0,26.0,30.2,21.5,28.3,27.2,28.2,28.6,32.5,30.8,32.2,29.0,87.0,78.0,2.3,4.3,15.5,1.93,0.0,0.0,5
2016-12-28,25.0,24.0,28.0,25.0,30.2,22.2,27.3,26.6,27.8,28.4,32.7,30.2,29.6,27.8,92.0,77.0,2.9,7.6,14.4,2.84,0.0,0.0,5
2016-12-29,26.0,25.0,28.5,26.0,29.6,20.5,27.5,26.2,27.6,28.4,30.7,29.0,28.8,28.4,92.0,80.0,2.5,5.1,4.8,2.17,0.0,0.0,5
2016-12-30,25.5,23.8,27.0,24.2,29.7,21.1,27.1,25.6,27.0,28.2,31.1,29.4,28.8,27.8,85.0,78.0,2.5,5.5,1.4,3.07,0.0,0.0,8
2016-12-31,25.5,23.4,27.8,24.0,29.5,22.0,27.3,26.2,27.2,25.8,31.3,29.6,29.4,28.2,82.0,72.0,2.8,5.9,0.0,1.3,0.0,0.0,6
2017-01-01,26.0,25.0,27.5,25.0,29.8,20.7,27.7,26.2,27.4,28.0,31.3,30.0,29.6,28.4,92.0,80.0,2.1,4.0,0.0,1.92,0.0,0.0,13
2017-01-02,24.5,23.4,24.5,23.0,29.5,21.5,26.9,25.8,27.0,28.0,29.1,28.2,28.8,28.0,90.0,87.0,1.8,1.5,21.7,1.79,0.0,0.0,8
2017-01-03,25.0,23.0,29.5,23.4,29.8,20.0,27.1,25.8,27.0,27.6,32.1,30.2,29.4,27.8,84.0,57.0,2.3,7.2,0.0,2.64,0.0,0.0,16
2017-01-04,25.0,23.4,28.5,24.0,29.8,17.0,26.3,25.2,26.6,27.6,33.1,31.4,29.8,27.8,87.0,67.0,2.0,10.2,0.0,3.24,0.0,0.0,16
2017-01-05,23.5,21.4,28.5,23.0,30.2,17.5,25.6,24.2,26.2,27.4,34.1,32.2,29.8,27.6,81.0,60.0,1.7,10.3,0.0,2.95,0.0,0.0,13
2017-01-06,24.5,22.0,28.5,23.0,30.0,19.2,25.9,24.2,26.2,27.4,33.9,32.0,29.8,27.8,79.0,60.0,2.0,9.7,0.0,2.64,0.0,0.0,16
2017-01-07,24.0,22.5,28.5,20.5,29.6,16.6,27.1,25.6,26.6,27.8,34.9,33.0,30.0,28.0,88.0,45.0,2.1,10.2,0.0,4.05,0.0,0.0,13
2017-01-08,24.0,20.3,28.5,23.0,29.3,17.5,26.1,24.6,26.2,27.6,33.9,31.8,29.8,27.8,71.0,60.0,1.8,9.7,0.0,2.71,0.0,0.0,16
2017-01-09,23.5,21.0,29.0,23.0,30.2,18.0,26.1,24.4,26.2,27.2,35.3,32.8,30.2,28.0,78.0,58.0,2.2,10.6,0.0,3.2,0.0,0.0,8
2017-01-10,26.0,22.5,29.5,23.0,31.0,16.2,27.1,25.6,27.0,25.8,34.9,32.6,30.2,27.8,73.0,55.0,1.6,11.1,0.0,3.06,0.0,0.0,13
2017-01-11,24.0,22.5,29.0,22.5,30.0,16.7,25.7,24.6,26.4,27.8,34.9,32.6,30.0,28.0,88.0,55.0,2.1,10.1,0.0,3.04,0.0,0.0,5
2017-01-12,24.0,22.0,28.5,23.0,29.8,16.8,26.1,24.6,26.4,27.6,34.9,32.6,30.2,27.8,83.0,60.0,0.6,9.7,0.0,3.02,0.0,0.0,13
2017-01-13,23.0,21.4,29.0,20.8,29.9,17.5,25.9,24.8,26.4,27.6,34.9,32.6,30.4,27.8,86.0,45.0,2.0,8.5,0.0,3.42,0.0,0.0,16
2017-01-14,23.5,21.4,30.0,22.0,30.5,20.0,26.1,25.2,26.6,27.4,35.3,33.0,30.4,27.8,81.0,47.0,2.0,10.2,1.6,4.25,0.0,0.0,16
2017-01-15,25.0,23.5,28.5,23.0,29.9,20.5,27.5,26.4,27.6,28.0,34.3,32.2,30.6,28.4,88.0,60.0,2.6,9.9,0.0,2.28,0.0,0.0,13
2017-01-16,25.5,23.4,27.5,24.4,30.0,18.0,27.3,26.2,27.6,28.0,33.1,31.4,29.8,28.0,82.0,76.0,2.7,6.5,0.0,3.16,0.0,0.0,0
2017-01-17,24.0,22.5,27.5,23.0,29.0,17.0,25.9,25.0,26.6,27.8,33.9,32.8,30.0,27.8,88.0,66.0,2.3,9.9,0.0,2.78,0.0,0.0,13
2017-01-18,22.0,21.0,28.0,22.5,28.5,16.1,24.9,24.6,26.6,26.2,34.3,32.0,28.8,28.0,91.0,61.0,2.3,8.9,0.0,3.24,0.0,0.0,13
2017-01-19,24.5,22.5,29.0,23.6,29.5,11.1,26.1,25.4,27.2,27.8,33.9,31.8,30.2,28.0,83.0,62.0,3.1,8.9,0.0,2.88,0.0,0.0,8
2017-01-20,23.2,22.5,24.5,23.5,25.8,12.5,27.9,26.6,27.6,28.0,27.9,26.6,27.6,27.8,95.0,91.0,1.9,0.8,62.5,4.01,0.0,0.0,8
2017-01-21,25.5,24.5,29.5,24.0,31.1,21.5,26.3,25.2,26.2,26.8,32.9,31.0,29.0,27.4,92.0,61.0,2.5,8.4,5.4,4.55,0.0,0.0,17
2017-01-22,24.0,23.3,27.0,25.0,28.2,21.4,27.1,26.2,27.4,27.6,29.7,28.0,27.8,27.6,95.0,84.0,1.9,0.6,43.0,2.15,0.0,0.0,0
2017-01-23,25.0,24.0,25.0,24.4,27.0,21.0,26.7,25.4,26.6,26.2,28.1,27.2,27.4,27.2,92.0,95.0,2.1,0.0,51.3,1.79,0.0,0.0,16
2017-01-24,23.5,23.0,24.0,23.0,25.8,21.0,25.1,25.0,26.2,26.8,26.7,25.4,26.2,26.8,95.0,91.0,2.8,0.1,53.0,1.11,0.0,0.0,5
2017-01-25,25.8,24.8,27.5,25.0,29.7,21.9,26.1,24.8,26.0,26.2,30.1,28.6,27.8,26.6,92.0,80.0,2.7,2.5,4.3,0.9,0.0,0.0,5
2017-01-26,25.4,24.6,26.0,24.6,27.8,21.1,26.9,25.8,26.6,26.8,28.7,27.4,27.4,27.0,93.0,88.0,1.5,0.9,42.1,3.65,0.0,0.0,4
2017-01-27,23.5,23.0,24.5,23.0,25.1,20.1,25.9,25.4,26.4,27.0,26.7,25.6,26.2,27.0,95.0,87.0,0.9,0.1,14.3,1.55,0.0,0.0,0
2017-01-28,25.0,23.8,27.5,24.4,30.2,22.0,26.1,24.6,25.8,26.2,32.1,30.4,28.6,26.6,90.0,76.0,2.0,6.4,6.6,2.58,0.0,0.0,12
2017-01-29,26.0,25.0,28.0,24.0,30.3,21.6,27.3,26.2,27.2,27.2,31.3,30.2,29.0,27.6,92.0,70.0,2.3,7.4,12.3,2.67,0.0,0.0,5
2017-01-30,26.5,25.0,29.0,25.0,30.7,19.7,27.1,25.8,26.2,27.2,31.9,31.0,29.6,27.6,87.0,71.0,2.5,7.8,0.0,3.16,0.0,0.0,2
2017-01-31,25.0,23.5,29.0,23.2,30.3,17.5,26.5,25.2,26.6,27.2,31.3,31.6,30.0,27.6,88.0,59.0,2.0,10.2,0.0,3.61,0.0,0.0,16
2017-02-01,24.5,23.0,28.0,23.0,30.1,18.0,25.7,24.4,26.4,27.4,33.5,31.4,29.8,27.6,87.0,63.0,1.6,10.0,0.0,3.43,0.0,0.0,5
2017-02-02,23.5,22.0,28.5,22.5,29.8,17.0,25.5,24.4,26.0,27.0,33.9,31.2,29.8,27.4,86.0,57.0,2.2,10.1,0.0,4.57,0.0,0.0,16
2017-02-03,24.0,22.0,28.5,22.6,29.8,16.0,25.5,23.8,25.8,27.2,36.1,32.2,29.8,27.2,83.0,57.0,2.2,10.6,0.0,3.74,0.0,0.0,17
2017-02-04,24.0,21.0,28.5,21.8,29.8,15.0,25.1,24.2,25.8,25.2,36.1,32.4,29.8,27.4,75.0,53.0,2.1,9.2,0.0,3.58,0.0,0.0,13
2017-02-05,24.0,21.8,29.0,22.8,30.7,19.7,25.7,24.4,26.2,27.2,37.9,33.8,31.2,27.6,81.0,57.0,2.0,9.8,0.0,3.32,0.0,0.0,17
2017-02-06,25.2,22.8,30.0,23.5,30.8,17.7,27.5,26.2,27.4,28.2,39.5,35.4,32.0,28.4,80.0,56.0,1.7,10.2,0.0,4.03,0.0,0.0,8
2017-02-07,24.5,22.5,30.5,23.8,31.3,16.2,27.1,25.8,27.4,28.2,40.5,36.0,32.2,28.6,83.0,54.0,1.9,10.5,0.0,3.88,0.0,0.0,2
2017-02-08,23.0,21.5,29.6,24.0,30.5,17.0,26.9,25.8,27.8,28.6,39.9,35.2,31.8,28.8,88.0,61.0,2.1,10.3,0.0,3.52,0.0,0.0,17
2017-02-09,24.0,21.5,29.0,23.5,30.2,17.9,26.9,26.0,27.4,28.8,39.3,35.2,32.2,29.0,80.0,62.0,1.8,10.9,0.0,3.72,0.0,0.0,13
2017-02-10,25.2,22.0,29.4,23.3,30.4,17.5,27.5,26.2,27.8,28.6,37.3,34.4,32.0,29.0,74.0,58.0,2.1,9.2,0.0,3.4,0.0,0.0,5
2017-02-11,25.0,23.0,29.0,23.6,31.2,18.0,27.3,26.2,27.6,28.6,38.7,35.2,32.2,29.0,84.0,62.0,2.2,10.8,0.0,3.61,0.0,0.0,5
2017-02-12,24.5,22.5,29.5,24.0,30.8,18.3,27.5,26.6,28.0,29.0,38.5,34.6,32.2,29.2,83.0,61.0,2.4,10.3,0.0,3.56,0.0,0.0,8
2017-02-13,23.5,22.7,30.0,25.0,31.2,21.5,27.5,26.4,28.2,28.6,38.3,34.0,32.2,28.8,93.0,65.0,2.6,10.1,13.0,3.05,0.0,0.0,13
2017-02-14,26.0,25.0,29.4,26.0,30.2,20.7,28.1,27.2,28.4,29.0,32.9,30.6,30.4,29.2,92.0,75.0,3.3,6.8,8.5,2.2,0.0,0.0,7
2017-02-15,25.2,24.2,29.0,24.8,30.3,20.0,27.3,26.2,27.4,28.6,32.9,30.8,29.8,28.6,91.0,70.0,2.7,5.7,2.3,2.33,0.0,0.0,2
2017-02-16,25.8,24.0,29.0,24.0,29.8,19.3,27.3,25.8,27.4,28.2,33.3,31.0,29.8,28.2,85.0,64.0,3.1,9.8,2.5,3.29,0.0,0.0,7
2017-02-17,26.3,24.0,28.5,23.8,29.8,20.7,27.5,25.4,26.8,28.2,33.5,31.2,30.2,28.2,81.0,65.0,2.9,10.4,0.0,3.09,1.0,0.0,5
2017-02-18,25.0,23.6,27.5,24.6,29.0,22.0,27.1,25.8,27.4,28.2,31.3,29.4,29.2,28.0,88.0,77.0,3.1,4.5,0.6,2.11,0.0,0.0,13
2017-02-19,25.5,24.0,28.5,25.0,29.1,23.1,27.5,26.4,27.6,28.4,31.9,30.2,29.6,28.4,87.0,73.0,2.1,1.0,0.0,1.77,0.0,0.0,5
2017-02-20,25.5,24.2,29.5,26.0,31.6,19.5,27.9,26.4,27.4,28.0,36.5,33.0,31.0,28.2,88.0,74.0,1.6,4.2,0.0,2.62,0.0,0.0,7
2017-02-21,25.0,24.0,31.0,24.6,31.8,19.5,27.7,26.2,27.6,28.2,39.9,35.6,32.2,29.0,92.0,57.0,1.3,9.6,0.0,3.47,0.0,0.0,13
2017-02-22,25.5,24.0,30.5,24.7,31.8,19.7,28.1,27.0,28.2,28.8,39.7,35.8,32.4,29.2,87.0,61.0,1.8,11.0,0.0,3.7,0.0,0.0,3
2017-02-23,25.8,24.2,31.0,26.0,33.5,21.2,28.1,27.0,28.4,29.0,40.9,36.2,33.2,29.6,87.0,66.0,1.9,9.7,0.0,2.91,0.0,0.0,16
2017-02-24,27.0,25.5,29.5,25.5,31.8,21.4,29.5,28.2,28.8,29.8,38.3,35.2,32.4,29.8,89.0,71.0,2.4,9.6,0.0,2.46,0.0,0.0,10
2017-02-25,26.5,24.4,28.0,25.0,31.0,22.2,29.5,28.0,29.4,29.6,35.7,33.2,31.8,30.0,63.0,77.0,1.4,3.8,0.0,1.84,0.0,0.0,7
2017-02-26,26.5,24.5,26.0,24.0,30.3,21.5,29.7,28.4,29.8,28.8,33.1,31.8,31.0,29.8,84.0,84.0,1.1,2.0,0.5,1.63,0.0,0.0,5
2017-02-27,24.0,23.0,29.4,25.6,29.7,21.9,27.5,27.0,28.4,29.2,33.3,30.6,30.4,29.2,91.0,73.0,1.7,2.1,4.5,3.16,0.0,0.0,2
2017-02-28,26.2,25.2,28.5,25.0,30.3,21.3,28.3,27.2,28.4,28.6,31.9,30.2,29.8,28.8,92.0,73.0,3.2,3.3,2.6,2.69,0.0,0.0,6
2017-03-01,25.2,24.5,24.0,22.8,29.3,20.4,27.3,26.6,27.6,28.3,30.3,29.0,29.2,28.3,95.0,90.0,1.4,0.0,29.6,2.42,0.0,0.0,0
2017-03-02,23.5,22.8,25.5,24.0,27.9,20.6,26.1,25.7,26.8,27.6,30.5,28.6,28.2,27.6,93.0,87.0,1.4,0.0,4.0,2.8,0.0,0.0,0
2017-03-03,25.7,24.5,30.0,26.8,31.3,19.7,29.5,26.0,26.8,27.6,34.1,31.2,30.0,28.0,90.0,77.0,2.4,8.3,35.0,2.02,0.0,0.0,17
2017-03-04,25.5,24.0,32.5,25.2,32.8,21.2,27.3,25.8,27.2,27.8,35.7,31.8,30.2,28.2,87.0,53.0,1.8,6.4,7.4,2.63,0.0,0.0,13
2017-03-05,25.5,24.4,32.0,26.8,32.5,21.9,28.1,27.0,28.2,28.2,35.9,32.8,31.4,29.4,90.0,65.0,1.8,9.3,0.0,3.66,0.0,0.0,10
2017-03-06,27.5,25.4,31.0,26.8,33.3,23.5,29.3,27.4,28.4,28.6,36.9,33.8,31.6,29.2,83.0,71.0,1.7,7.7,0.0,3.49,0.0,0.0,3
2017-03-07,27.5,24.8,27.0,24.8,33.0,21.5,29.1,27.6,28.6,29.2,37.9,35.2,32.2,29.6,79.0,83.0,1.7,8.3,0.0,3.12,0.0,0.0,13
2017-03-08,27.0,25.0,32.0,26.0,32.9,21.0,29.5,28.0,29.2,29.4,40.7,36.4,32.4,30.0,84.0,60.0,1.9,10.2,0.0,3.96,0.0,0.0,8
2017-03-09,28.0,25.6,32.0,27.2,33.2,21.5,29.3,28.2,29.4,30.2,39.1,35.6,33.0,30.2,82.0,68.0,2.3,9.8,0.0,2.4,0.0,0.0,2
2017-03-10,28.0,25.2,28.5,26.4,34.0,20.5,30.9,28.4,29.4,30.0,35.5,34.4,33.6,30.4,79.0,83.0,1.7,7.0,17.5,6.83,0.0,0.0,13
2017-03-11,27.0,25.0,26.5,24.5,33.5,20.5,29.5,27.6,28.8,29.8,34.1,33.6,32.6,30.6,84.0,84.0,1.8,6.7,15.2,3.15,0.0,0.0,15
2017-03-12,25.5,24.5,33.5,27.0,34.0,20.5,28.9,27.0,28.2,29.4,38.1,35.0,32.6,29.6,92.0,58.0,1.7,9.3,37.8,4.83,0.0,0.0,16
2017-03-13,27.5,25.5,31.5,27.0,33.5,22.0,29.1,27.2,28.4,29.6,36.1,34.0,32.4,30.0,85.0,69.0,1.6,8.0,0.0,3.92,0.0,0.0,11
2017-03-14,28.0,25.5,31.0,26.8,32.7,21.5,29.7,28.0,29.0,30.0,36.9,33.4,32.4,30.2,82.0,71.0,1.6,8.2,0.0,3.52,0.0,0.0,3
2017-03-15,28.0,25.8,29.5,23.5,30.9,20.6,29.7,28.2,29.4,30.0,33.9,32.0,31.4,30.0,83.0,58.0,1.7,5.1,12.6,3.18,0.0,0.0,2
2017-03-16,27.5,25.0,31.0,26.0,33.1,21.0,29.1,27.4,28.4,29.6,36.7,34.0,32.2,30.4,80.0,66.0,1.4,9.5,0.0,4.08,0.0,0.0,1
2017-03-17,26.5,24.6,30.8,25.0,32.7,19.0,29.1,27.6,29.2,29.6,37.9,34.4,32.4,30.2,84.0,61.0,1.6,9.1,0.0,3.83,0.0,0.0,2
2017-03-18,25.5,24.4,32.0,24.6,32.5,20.5,28.1,27.0,28.4,29.6,39.9,35.8,32.6,30.2,90.0,52.0,1.4,9.4,0.0,3.02,0.0,0.0,2
2017-03-19,26.5,23.5,33.0,26.5,33.5,20.1,28.9,28.0,29.2,30.2,39.7,36.0,33.0,30.4,77.0,59.0,1.2,10.0,0.0,4.55,0.0,0.0,9
2017-03-20,27.0,25.0,32.5,25.0,33.5,21.5,29.5,28.2,29.4,30.2,41.1,37.0,33.8,30.6,84.0,52.0,1.4,9.5,0.0,3.99,0.0,0.0,2
2017-03-21,27.5,25.8,32.2,26.6,33.9,20.5,30.5,29.2,30.2,30.6,40.1,36.4,33.6,31.0,86.0,63.0,1.7,9.8,0.0,3.85,0.0,0.0,8
2017-03-22,27.5,25.4,32.0,25.8,32.7,19.7,30.1,28.8,29.8,31.0,40.9,36.8,34.0,31.2,83.0,59.0,1.8,9.5,0.0,4.37,0.0,0.0,0
2017-03-23,27.0,24.2,32.0,24.2,32.8,19.0,29.5,28.2,29.6,30.6,39.7,36.6,34.2,31.0,78.0,50.0,1.5,9.9,0.0,4.23,0.0,0.0,2
2017-03-24,26.5,23.8,31.5,24.6,32.7,17.9,29.1,28.2,29.8,30.6,40.1,36.4,33.6,31.2,78.0,57.0,1.5,9.4,0.0,4.1,0.0,0.0,2
2017-03-25,25.5,23.4,31.5,23.0,32.5,18.0,29.1,27.8,29.4,30.4,40.9,37.0,33.8,30.8,82.0,45.0,1.4,9.8,0.0,4.39,0.0,0.0,2
2017-03-26,26.0,23.5,32.5,25.0,32.8,19.7,29.1,28.0,29.6,30.7,40.7,37.0,33.6,31.0,81.0,52.0,1.5,10.3,0.0,4.66,0.0,0.0,5
2017-03-27,25.5,23.6,30.0,25.2,31.5,19.7,29.7,28.8,30.4,30.6,36.1,33.8,32.4,30.6,84.0,66.0,1.2,3.3,0.0,2.46,0.0,0.0,5
2017-03-28,26.5,24.6,32.5,27.0,33.8,21.5,29.3,28.2,29.6,30.4,40.3,36.2,33.2,30.6,84.0,63.0,1.8,7.1,0.0,3.87,0.0,0.0,5
2017-03-29,28.5,25.8,31.0,26.4,32.9,20.7,30.9,29.4,30.6,31.0,37.9,35.4,33.6,31.2,79.0,68.0,2.0,7.9,0.0,3.71,0.0,0.0,2
2017-03-30,27.5,25.0,33.0,27.0,34.4,21.3,31.1,29.4,31.2,31.2,41.7,37.8,34.6,31.4,80.0,61.0,2.2,10.5,0.0,4.74,0.0,0.0,17
2017-03-31,29.0,26.0,28.5,26.0,34.0,22.0,31.5,30.0,31.2,31.4,41.9,39.2,34.2,32.0,78.0,80.0,2.1,10.7,0.0,5.21,0.0,0.0,10
2017-04-01,27.5,24.6,33.5,27.5,35.0,21.0,31.1,29.4,31.0,31.4,42.1,37.4,34.4,31.6,77.0,61.0,2.0,10.8,0.0,4.36,0.0,0.0,2
2017-04-02,28.5,26.2,30.5,26.0,34.8,18.6,31.9,30.2,30.6,31.6,38.7,36.2,34.6,31.8,82.0,68.0,1.9,7.1,0.0,3.87,0.0,0.0,5
2017-04-03,28.0,24.6,33.0,27.2,34.4,19.9,30.9,29.4,31.4,31.2,41.1,37.4,34.6,31.4,74.0,62.0,2.3,10.1,0.0,4.83,0.0,0.0,2
2017-04-04,28.0,25.0,35.0,26.8,35.8,19.8,31.3,30.0,31.2,31.4,42.9,38.2,35.4,31.8,77.0,51.0,1.9,10.4,0.0,4.97,0.0,0.0,8
2017-04-05,28.0,25.4,35.0,26.0,35.8,20.5,31.5,30.4,31.8,31.8,41.7,37.6,35.2,32.2,80.0,47.0,1.7,10.1,0.0,4.64,0.0,0.0,2
2017-04-06,28.0,25.6,33.0,27.0,35.5,20.0,31.9,30.4,31.8,32.0,40.3,38.0,35.6,32.4,82.0,61.0,1.9,10.2,0.0,4.46,0.0,0.0,2
2017-04-07,27.8,25.5,35.0,27.0,35.8,20.5,31.7,30.2,31.8,31.8,41.7,38.0,35.6,32.8,83.0,47.0,1.7,9.3,0.0,4.95,0.0,0.0,5
2017-04-08,28.0,25.6,29.5,27.5,36.0,20.0,31.5,30.4,32.0,32.2,42.5,38.4,35.8,32.4,82.0,85.0,1.9,9.6,0.0,4.19,0.0,0.0,2
2017-04-09,28.5,26.0,34.5,27.0,35.7,20.7,32.1,30.2,31.8,32.0,41.9,38.0,35.6,32.4,80.0,53.0,1.8,10.0,0.0,3.92,0.0,0.0,5
2017-04-10,28.5,25.5,34.0,27.0,36.0,22.2,32.3,30.4,32.2,32.2,40.9,38.0,36.0,32.6,78.0,56.0,1.9,8.5,0.0,5.06,0.0,0.0,5
2017-04-11,30.5,27.2,27.5,25.0,34.5,21.5,33.3,31.2,32.4,32.6,36.1,35.6,32.2,32.8,76.0,80.0,2.1,4.6,0.0,1.99,0.0,0.0,8
2017-04-12,29.0,26.5,28.5,26.5,35.0,21.0,32.1,30.4,31.6,31.8,39.1,36.6,34.8,31.8,82.0,85.0,1.5,4.5,0.4,2.77,0.0,0.0,11
2017-04-13,29.5,27.0,28.0,24.5,33.9,19.7,32.3,30.8,31.6,32.2,32.5,31.8,32.6,31.8,81.0,74.0,2.2,3.2,9.8,4.45,0.0,0.0,8
2017-04-14,28.0,25.0,34.0,27.0,34.8,19.8,29.9,28.0,29.4,30.8,45.8,34.0,32.4,30.8,77.0,56.0,2.7,9.6,0.0,3.29,0.0,0.0,13
2017-04-15,29.0,25.8,35.0,26.2,36.0,20.2,30.9,28.8,29.8,30.8,38.5,35.8,33.6,31.2,76.0,48.0,2.2,10.3,0.0,3.88,0.0,0.0,8
2017-04-16,29.0,26.0,36.5,25.5,37.5,19.0,31.3,29.0,30.2,31.0,41.3,37.2,34.2,32.0,78.0,39.0,2.2,10.5,0.0,4.23,0.0,0.0,13
2017-04-17,29.0,25.0,36.5,28.0,37.0,21.5,31.1,30.2,31.4,31.8,41.9,37.4,35.0,31.8,71.0,50.0,1.5,10.5,0.0,6.5,0.0,0.0,13
2017-04-18,29.5,26.5,35.0,27.0,36.3,21.4,31.1,30.2,31.4,31.8,40.9,37.4,34.8,32.0,78.0,52.0,1.6,8.4,0.0,5.76,0.0,0.0,17
2017-04-19,29.0,26.2,36.2,27.2,36.7,20.0,32.1,30.6,32.0,32.0,42.1,38.2,35.4,32.2,79.0,48.0,2.0,11.3,0.0,4.44,0.0,0.0,16
2017-04-20,29.5,26.4,36.0,26.6,37.2,19.9,32.1,30.6,32.2,32.0,41.9,38.4,35.6,32.4,77.0,46.0,2.0,11.0,0.0,4.44,0.0,0.0,12
2017-04-21,29.5,25.5,36.5,24.4,37.8,19.0,32.1,30.8,32.4,32.4,44.5,40.0,36.4,33.0,71.0,33.0,2.6,10.2,0.0,6.94,0.0,0.0,16
2017-04-22,29.0,24.8,36.0,26.0,36.8,20.5,32.3,30.8,32.6,32.6,44.9,39.6,36.8,33.2,70.0,43.0,3.8,10.0,0.0,5.64,0.0,0.0,13
2017-04-23,29.5,26.4,35.5,27.2,37.3,21.5,32.1,31.4,33.0,33.0,45.5,40.4,36.8,33.2,77.0,50.0,1.5,10.2,0.0,5.22,0.0,0.0,17
2017-04-24,29.8,26.6,36.8,28.0,37.8,23.3,33.9,32.2,33.4,33.4,46.5,41.2,37.2,33.8,77.0,49.0,1.9,9.9,0.0,5.51,0.0,0.0,11
2017-04-25,30.0,27.0,35.0,27.0,37.3,22.0,33.9,32.2,33.8,33.4,44.9,40.0,37.0,34.0,78.0,52.0,1.8,8.5,0.0,4.82,0.0,0.0,11
2017-04-26,30.0,26.0,34.0,28.0,37.5,21.0,34.1,32.4,34.0,34.0,42.9,39.2,37.2,33.8,71.0,62.0,2.1,7.2,0.0,4.3,0.0,0.0,13
2017-04-27,29.5,26.0,36.5,28.0,37.3,22.0,33.9,32.0,33.8,33.8,45.5,40.0,37.0,34.0,74.0,50.0,1.7,9.5,0.0,4.97,0.0,0.0,8
2017-04-28,30.0,27.0,36.5,28.0,37.8,22.5,34.1,32.4,34.2,33.8,45.5,40.0,37.0,33.0,78.0,50.0,1.9,9.7,0.0,5.91,0.0,0.0,13
2017-04-29,30.0,26.4,36.0,28.0,37.0,20.5,34.1,32.4,34.2,33.8,45.7,40.2,37.4,34.2,74.0,53.0,2.2,10.4,0.0,5.53,0.0,0.0,8
2017-04-30,30.0,27.0,36.0,28.5,37.5,20.2,34.1,32.0,33.6,34.0,44.9,40.2,36.2,33.4,71.0,55.0,2.2,10.8,0.0,5.67,0.0,0.0,10
2017-05-01,29.0,25.0,36.0,27.5,36.7,20.4,33.9,32.0,33.4,33.8,44.1,39.2,37.0,34.0,71.0,50.0,2.0,10.7,0.0,4.86,0.0,0.0,13
2017-05-02,29.5,26.0,35.0,27.4,36.3,19.6,33.9,32.2,33.6,33.8,44.3,39.6,37.2,34.0,74.0,54.0,2.2,10.9,0.0,5.69,0.0,0.0,15
2017-05-03,28.8,25.6,33.0,26.5,36.0,21.5,33.5,31.8,33.6,33.6,43.9,38.6,36.4,34.0,76.0,59.0,1.7,7.3,0.0,3.63,0.0,0.0,13
2017-05-04,29.5,26.0,34.5,27.0,37.0,21.0,33.7,32.0,33.0,33.2,42.7,39.0,37.4,33.8,74.0,53.0,2.1,10.8,0.0,5.02,0.0,0.0,16
2017-05-05,29.2,26.0,34.0,27.0,37.0,22.0,33.9,31.8,33.0,33.8,43.7,39.0,36.2,34.0,76.0,56.0,2.0,10.2,0.0,3.67,0.0,0.0,13
2017-05-06,31.0,27.5,34.5,27.5,36.7,20.2,34.7,32.4,34.0,34.0,43.9,39.0,36.2,34.4,76.0,57.0,2.3,8.5,0.0,5.38,0.0,0.0,5
2017-05-07,29.5,26.0,28.5,25.0,36.3,20.5,34.3,32.2,33.6,34.4,40.1,38.2,36.6,33.8,74.0,73.0,2.0,8.0,0.0,3.4,0.0,0.0,13
2017-05-08,28.4,26.0,27.0,26.0,36.8,21.5,32.9,31.2,33.0,33.2,41.7,40.0,37.0,33.8,82.0,92.0,2.1,8.6,19.0,4.7,0.0,0.0,17
2017-05-09,29.0,26.8,33.0,27.6,36.0,22.2,31.9,30.2,31.4,32.6,40.5,37.2,35.4,33.0,83.0,65.0,2.3,9.4,0.0,4.75,0.0,0.0,17
2017-05-10,30.5,26.0,32.0,27.0,36.7,21.0,31.7,31.0,31.6,32.6,40.3,38.0,36.0,33.2,68.0,66.0,1.8,8.2,9.0,4.37,0.0,0.0,8
2017-05-11,29.0,26.4,33.2,27.0,34.3,21.0,31.7,30.0,31.2,32.2,40.1,37.8,34.8,32.8,81.0,60.0,2.0,7.3,0.0,3.76,0.0,0.0,9
2017-05-12,28.5,26.4,34.5,27.6,35.5,24.0,31.1,29.4,30.8,31.6,39.5,36.6,34.2,32.0,83.0,57.0,1.9,9.0,0.0,4.64,0.0,0.0,17
2017-05-13,29.5,27.5,36.5,28.0,36.6,21.3,32.1,30.2,30.6,32.0,41.5,38.6,35.0,32.8,85.0,50.0,3.2,9.8,0.0,5.2,0.0,0.0,8
2017-05-14,29.5,27.2,35.0,27.0,36.4,21.5,32.3,30.4,31.6,32.2,41.1,38.2,35.8,33.0,82.0,52.0,3.0,10.2,0.0,5.67,0.0,0.0,0
2017-05-15,30.0,26.6,34.0,28.0,35.8,21.1,31.9,30.8,32.2,32.6,39.9,38.2,34.6,32.8,75.0,62.0,4.4,8.7,0.0,6.0,0.0,0.0,13
2017-05-16,29.0,25.8,34.0,28.0,35.5,20.7,31.7,30.6,32.0,32.6,40.5,37.4,35.0,32.6,76.0,62.0,2.4,4.5,0.0,4.44,0.0,0.0,5
2017-05-17,30.0,26.2,30.0,27.0,36.4,21.0,32.1,30.4,32.4,32.6,41.3,38.2,35.6,33.0,73.0,78.0,3.5,9.9,0.0,6.09,0.0,0.0,13
2017-05-18,30.3,26.8,32.5,27.0,35.9,21.6,33.1,31.4,32.6,31.6,39.9,37.2,35.6,33.0,74.0,63.0,4.0,5.9,0.0,4.91,0.0,0.0,10
2017-05-19,31.0,26.3,34.0,28.5,36.5,21.5,32.5,31.0,32.6,32.6,41.7,38.2,35.6,33.0,68.0,65.0,3.2,7.7,0.0,5.38,0.0,0.0,10
2017-05-20,31.5,27.0,34.0,27.0,36.2,21.7,32.9,31.2,32.4,33.0,47.7,36.4,33.6,32.8,69.0,56.0,3.6,10.0,0.0,6.45,0.0,0.0,3
2017-05-21,29.5,26.0,33.5,28.0,35.0,21.7,31.5,31.2,33.0,33.4,40.3,37.0,35.6,33.4,74.0,64.0,1.9,2.1,0.0,4.28,0.0,0.0,13
2017-05-22,30.0,27.0,34.0,28.0,36.0,22.2,33.5,31.0,33.0,33.4,41.7,38.2,36.2,33.4,78.0,62.0,2.4,5.9,0.0,4.01,0.0,0.0,8
2017-05-23,30.0,26.8,31.5,27.2,32.5,21.6,33.1,31.8,33.2,33.2,36.9,34.6,34.2,33.0,77.0,70.0,1.8,0.5,0.0,2.08,0.0,0.0,13
2017-05-24,30.5,26.5,22.5,21.5,36.3,18.5,33.1,31.0,32.4,32.4,35.1,35.2,34.8,32.6,72.0,91.0,3.8,5.0,18.1,3.8,0.0,0.0,13
2017-05-25,29.0,26.0,32.2,27.0,33.5,23.0,30.1,28.6,30.0,31.2,33.9,33.9,32.2,31.4,78.0,65.0,2.7,3.3,0.0,2.97,0.0,0.0,13
2017-05-26,30.2,26.7,33.5,27.0,34.5,21.7,31.1,29.2,30.2,31.2,35.5,33.4,32.2,31.6,76.0,58.0,5.2,5.9,0.0,4.83,0.0,0.0,13
2017-05-27,30.5,26.2,33.5,27.5,34.5,22.7,31.5,28.8,30.0,31.2,36.9,34.2,32.2,31.4,69.0,61.0,5.7,9.6,0.0,5.24,0.0,0.0,8
2017-05-28,31.5,26.0,32.0,26.0,34.8,24.0,30.9,29.2,30.2,30.8,34.9,33.4,32.4,33.4,62.0,60.0,7.5,6.3,0.0,5.35,0.0,0.0,13
2017-05-29,30.5,26.6,33.0,27.5,34.8,23.3,31.5,29.8,31.0,31.2,38.7,35.8,33.4,31.4,72.0,65.0,9.0,9.6,0.0,6.47,0.0,0.0,14
2017-05-30,30.5,25.8,30.0,25.5,32.4,20.7,30.9,29.8,31.2,31.4,34.9,33.2,32.6,31.6,67.0,69.0,5.1,2.0,0.0,3.65,0.0,0.0,14
2017-05-31,31.0,26.4,32.5,27.0,34.3,21.3,31.1,29.4,31.2,31.2,39.3,36.2,33.8,31.4,68.0,63.0,4.8,9.2,0.0,5.24,0.0,0.0,13
2017-06-01,30.0,26.2,29.2,26.0,34.8,21.3,31.5,30.0,31.6,31.4,38.9,36.6,34.6,31.6,73.0,76.0,3.9,7.7,0.0,5.02,0.0,0.0,8
2017-06-02,30.6,26.2,33.4,27.8,35.7,23.1,32.3,30.4,31.6,31.8,40.9,37.2,34.8,32.0,69.0,64.0,6.0,8.7,0.0,6.99,0.0,0.0,13
2017-06-03,30.8,26.4,34.0,28.0,34.7,23.2,32.7,31.2,32.2,32.0,39.9,36.4,34.6,32.6,69.0,62.0,7.0,8.0,0.0,8.39,0.0,0.0,13
2017-06-04,31.0,27.0,35.0,28.0,34.8,20.5,31.9,31.0,32.6,32.4,40.9,38.0,34.6,33.0,72.0,57.0,6.1,11.1,0.0,5.68,0.0,0.0,13
2017-06-05,30.5,26.6,34.0,28.4,35.8,21.4,32.9,31.0,32.4,32.4,42.9,38.6,36.0,33.0,72.0,64.0,5.5,11.3,0.0,6.61,0.0,0.0,8
2017-06-06,30.8,26.6,34.5,28.7,35.0,20.7,33.5,31.4,32.6,32.8,42.9,38.8,36.0,33.2,71.0,63.0,4.6,10.6,0.0,6.63,0.0,0.0,3
2017-06-07,29.5,26.0,31.2,27.0,34.0,21.5,32.7,31.4,32.8,32.6,39.3,36.2,34.6,33.0,74.0,71.0,6.9,4.0,0.0,4.37,0.0,0.0,8
2017-06-08,32.0,27.0,34.5,28.0,35.5,20.2,32.9,31.0,32.4,32.8,41.7,38.0,35.6,34.8,82.0,59.0,6.0,10.2,0.0,5.67,0.0,0.0,17
2017-06-09,31.5,27.0,33.5,28.0,35.2,20.0,33.3,31.0,32.4,32.6,42.3,38.0,35.8,33.4,69.0,54.0,6.5,9.5,0.0,6.61,0.0,0.0,8
2017-06-10,30.5,26.0,34.0,28.0,34.7,22.1,32.9,31.0,32.2,32.6,41.7,37.4,34.6,33.0,68.0,62.0,7.0,9.9,0.0,6.2,0.0,0.0,13
2017-06-11,30.8,26.4,33.5,27.0,34.8,19.3,33.1,31.2,32.2,32.4,41.7,37.6,35.4,33.6,69.0,58.0,5.1,9.8,0.0,6.65,0.0,0.0,14
2017-06-12,30.5,26.4,34.5,26.4,35.5,24.6,33.1,30.6,32.4,32.4,42.5,38.2,35.6,32.8,70.0,50.0,4.4,6.6,0.0,6.43,0.0,0.0,3
2017-06-13,30.8,27.0,36.5,28.5,38.8,21.0,33.3,31.2,32.4,32.6,44.3,39.2,36.2,33.8,73.0,53.0,4.0,5.0,0.0,6.76,0.0,0.0,3
2017-06-14,30.0,26.8,29.8,24.5,37.0,21.0,33.9,31.4,32.6,33.0,44.9,39.8,37.4,33.4,77.0,64.0,3.1,9.5,0.0,5.24,0.0,0.0,13
2017-06-15,29.5,26.8,33.0,28.0,35.5,21.5,33.9,31.8,33.2,33.2,40.5,37.4,35.8,33.2,79.0,67.0,2.2,6.0,0.0,2.71,0.0,0.0,13
2017-06-16,29.5,26.0,34.5,28.5,36.0,20.7,33.7,31.4,33.0,33.0,43.9,39.0,36.0,33.2,74.0,62.0,3.0,8.8,0.0,5.35,0.0,0.0,13
2017-06-17,31.0,26.5,35.0,28.0,35.7,21.5,33.7,32.2,33.0,33.4,44.3,39.2,36.0,33.6,69.0,57.0,3.1,11.6,0.0,4.95,0.0,0.0,5
2017-06-18,30.5,27.0,36.0,28.0,37.0,21.0,33.7,32.0,32.4,33.0,44.1,39.4,36.6,33.6,74.0,53.0,3.2,11.22,0.0,7.35,0.0,0.0,8
2017-06-19,30.5,27.0,35.0,28.5,36.0,22.0,34.3,32.0,33.6,33.6,44.7,39.0,35.4,33.6,74.0,60.0,3.6,10.3,0.0,5.58,0.0,0.0,10
2017-06-20,30.5,27.0,35.0,28.0,35.5,21.3,33.7,32.0,33.6,33.6,41.7,38.0,35.0,33.8,74.0,57.0,4.7,8.2,0.0,5.44,0.0,0.0,13
2017-06-21,29.5,26.5,34.0,28.0,35.4,20.0,32.3,31.2,32.8,33.0,41.7,38.0,36.2,33.2,78.0,62.0,3.7,7.9,0.0,6.14,0.0,0.0,3
2017-06-22,30.4,26.8,34.5,27.0,36.0,24.0,33.1,31.2,32.6,33.0,43.3,39.0,36.4,33.4,74.0,53.0,5.0,11.4,0.0,7.15,0.0,0.0,3
2017-06-23,30.5,25.0,34.0,25.0,35.3,21.4,33.1,31.4,33.4,33.4,43.1,38.8,36.6,35.6,62.0,46.0,6.1,11.8,0.0,7.71,0.0,0.0,13
2017-06-24,28.0,23.6,30.0,24.0,32.4,22.5,32.1,31.4,33.6,33.4,36.1,34.4,34.2,33.2,68.0,59.0,7.2,1.4,0.0,5.08,0.0,0.0,14
2017-06-25,29.0,24.0,30.0,24.8,32.6,22.2,31.5,30.6,32.4,32.4,36.5,34.2,33.8,32.6,64.0,64.0,7.2,1.0,0.0,6.36,0.0,0.0,17
2017-06-26,29.8,24.0,30.5,24.8,33.8,22.9,31.9,30.2,32.2,32.0,38.3,35.2,34.6,32.4,60.0,61.0,7.8,3.7,0.0,6.7,0.0,0.0,14
2017-06-27,30.5,23.8,31.0,24.0,34.4,21.1,32.9,30.8,32.2,32.2,38.3,35.0,34.4,32.2,54.0,54.0,8.9,8.2,0.0,7.19,0.0,0.0,13
2017-06-28,30.0,24.4,31.5,24.8,32.5,17.7,31.9,30.8,32.4,32.4,38.1,35.2,34.4,32.6,61.0,55.0,5.9,5.4,0.0,5.98,0.0,0.0,14
2017-06-29,30.5,24.4,34.0,24.6,35.2,19.0,31.5,29.6,31.6,32.0,41.5,37.2,35.0,32.6,58.0,44.0,5.4,10.8,0.0,7.41,0.0,0.0,17
2017-06-30,30.5,24.8,35.5,26.0,36.0,20.5,32.3,30.4,32.2,32.4,43.3,38.4,35.8,33.0,61.0,44.0,4.4,11.6,0.0,6.38,0.0,0.0,8
2017-07-01,30.0,25.5,34.5,26.5,37.0,20.0,32.9,31.2,33.0,33.0,42.9,38.4,36.4,33.4,69.0,51.0,3.7,9.0,0.0,5.58,0.0,0.0,4
2017-07-02,29.5,25.5,34.0,26.0,36.3,19.9,31.9,31.2,33.0,33.0,41.9,38.0,36.2,33.6,71.0,51.0,2.6,7.0,0.0,5.56,0.0,0.0,10
2017-07-03,30.5,24.0,34.5,25.8,36.2,19.5,33.1,31.4,33.4,33.2,43.5,39.0,36.6,33.4,56.0,47.0,4.6,11.9,0.0,7.73,0.0,0.0,8
2017-07-04,30.5,25.8,35.5,26.8,37.0,19.0,33.1,31.4,33.4,33.4,44.1,39.6,37.0,35.6,67.0,48.0,4.3,10.6,0.0,7.28,0.0,0.0,13
2017-07-05,30.5,23.2,34.0,26.0,36.0,20.5,33.1,31.4,33.2,33.8,43.7,38.0,37.0,33.8,54.0,51.0,5.1,10.5,0.0,7.71,0.0,0.0,8
2017-07-06,31.5,25.0,36.0,27.0,36.8,20.5,32.3,32.0,33.4,33.8,43.1,38.6,36.4,34.0,56.0,44.0,5.3,10.4,0.0,7.28,0.0,0.0,15
2017-07-07,31.0,25.5,35.5,26.5,35.8,20.5,33.7,32.0,32.4,33.8,40.7,38.0,36.0,34.0,63.0,47.0,5.1,8.2,0.0,6.43,0.0,0.0,8
2017-07-08,31.0,25.5,34.0,26.0,35.6,19.9,32.9,31.4,33.2,33.4,42.1,38.0,36.2,33.8,63.0,51.0,4.3,8.3,0.5,4.93,0.0,0.0,16
2017-07-09,29.0,24.6,30.0,23.6,35.4,19.1,32.3,31.0,32.6,33.2,40.9,37.6,36.4,33.2,68.0,56.0,3.5,7.5,0.0,5.8,0.0,0.0,16
2017-07-10,30.0,24.7,33.5,25.5,34.0,19.4,32.9,31.2,32.6,33.2,40.9,37.0,36.2,33.4,64.0,50.0,6.0,10.1,0.0,6.18,0.0,0.0,8
2017-07-11,30.5,24.7,33.0,25.0,34.8,20.1,32.1,30.8,32.4,33.0,41.9,37.4,35.8,33.2,61.0,50.0,6.0,10.9,0.0,7.5,0.0,0.0,17
2017-07-12,30.0,25.0,34.5,26.2,36.8,19.8,32.3,31.2,33.2,33.2,42.9,38.2,35.2,33.4,65.0,49.0,3.9,7.4,0.0,6.0,0.0,0.0,13
2017-07-13,29.0,25.8,33.6,25.0,35.8,21.0,32.8,31.2,33.4,33.4,41.9,38.0,36.4,33.6,76.0,47.0,7.2,7.5,0.0,7.77,0.0,0.0,17
2017-07-14,30.0,23.8,33.5,24.8,34.5,22.5,32.1,31.2,33.2,33.4,41.3,36.8,35.8,33.2,57.0,46.0,7.1,8.6,0.0,7.77,0.0,0.0,13
2017-07-15,30.5,24.5,33.5,25.0,35.0,20.0,32.1,31.0,32.4,33.4,41.1,36.2,35.6,33.4,59.0,47.0,6.2,7.4,0.0,7.37,0.0,0.0,16
2017-07-16,30.0,25.0,34.5,26.0,34.8,20.7,33.9,30.8,32.5,33.0,40.7,36.4,34.6,33.4,65.0,48.0,6.8,8.7,0.0,7.01,0.0,0.0,13
2017-07-17,30.3,24.0,34.0,25.3,35.3,20.0,33.3,31.0,32.6,33.2,42.3,37.6,36.2,33.2,57.0,48.0,6.5,8.2,0.0,8.62,0.0,0.0,17
2017-07-18,30.5,24.6,32.5,24.5,33.8,21.5,32.9,31.2,33.2,33.2,38.9,36.2,35.2,33.2,59.0,50.0,7.4,5.9,0.0,6.36,0.0,0.0,13
2017-07-19,31.0,24.5,32.5,24.5,34.5,19.3,32.9,31.0,32.6,33.0,41.1,37.2,36.0,33.4,57.0,50.0,5.8,9.9,0.0,6.18,0.0,0.0,13
2017-07-20,30.5,24.6,35.0,26.0,36.2,20.1,32.9,31.2,33.0,33.2,43.3,38.6,36.6,33.4,59.0,47.0,5.1,11.7,0.0,6.12,0.0,0.0,11
2017-07-21,29.5,24.8,35.5,26.8,36.3,19.9,32.1,31.6,33.4,33.4,44.1,39.2,37.2,33.6,66.0,48.0,4.5,10.3,0.0,5.94,0.0,0.0,13
2017-07-22,30.5,24.8,35.0,26.8,37.5,20.7,31.9,32.2,33.8,33.8,44.5,39.8,37.4,34.2,61.0,51.0,3.6,10.5,0.0,8.94,0.0,0.0,9
2017-07-23,31.0,25.5,35.0,27.0,37.0,19.5,33.9,32.2,34.4,34.4,44.1,40.2,38.2,34.8,63.0,52.0,3.6,10.1,0.0,8.98,0.0,0.0,8
2017-07-24,30.3,25.0,36.5,27.0,37.8,20.5,33.9,32.4,34.4,34.4,45.3,40.4,38.2,35.0,63.0,45.0,2.6,10.9,0.0,6.65,0.0,0.0,13
2017-07-25,30.0,26.4,36.6,26.8,38.0,21.3,34.1,33.0,34.6,34.6,44.9,40.2,38.2,35.0,74.0,44.0,2.6,9.2,0.0,5.82,0.0,0.0,5
2017-07-26,29.2,25.6,37.5,27.8,38.2,20.5,33.9,32.8,34.4,34.4,45.9,41.0,38.4,35.0,74.0,47.0,3.2,10.1,0.0,6.7,0.0,0.0,13
2017-07-27,30.0,26.8,37.5,27.0,37.0,19.3,34.5,33.2,34.4,35.2,45.7,40.8,38.4,35.2,77.0,41.0,3.9,9.1,0.0,5.85,0.0,0.0,5
2017-07-28,30.0,26.4,35.0,26.0,37.8,20.0,33.7,32.2,34.4,34.6,45.3,40.6,38.0,35.0,74.0,47.0,4.1,10.2,0.0,6.88,0.0,0.0,10
2017-07-29,30.0,25.2,35.5,25.0,33.5,19.5,31.1,32.8,34.4,34.6,45.3,40.2,38.0,35.0,66.0,40.0,2.8,8.3,0.0,5.62,0.0,0.0,10
2017-07-30,29.5,26.5,29.0,25.0,37.4,19.1,34.1,32.0,34.2,35.0,37.7,37.4,37.2,35.0,78.0,71.0,2.5,6.9,22.8,4.93,0.0,0.0,13
2017-07-31,28.5,26.8,33.0,27.5,35.4,19.0,31.1,29.8,31.8,33.4,36.3,34.8,34.2,33.4,86.0,65.0,2.5,8.2,45.0,6.38,0.0,0.0,13
2017-08-01,27.8,25.4,35.5,26.8,36.2,19.7,30.9,29.0,30.4,31.6,37.3,35.8,34.6,32.2,82.0,48.0,2.0,9.5,0.0,4.88,0.0,0.0,3
2017-08-02,29.5,25.4,34.2,26.4,35.5,21.3,31.1,29.4,31.4,32.0,37.5,35.8,34.6,32.4,70.0,52.0,6.1,11.3,0.0,7.5,0.0,0.0,12
2017-08-03,30.0,24.6,33.5,26.4,34.8,21.7,30.1,29.2,31.2,32.0,39.3,36.8,34.6,32.6,63.0,55.0,7.8,11.0,0.0,8.11,0.0,0.0,8
2017-08-04,29.5,25.0,33.2,25.8,34.5,21.0,30.9,29.4,31.4,32.2,38.9,36.8,34.6,32.4,67.0,53.0,7.2,10.0,0.0,7.32,0.0,0.0,17
2017-08-05,30.0,25.0,32.2,26.6,33.8,20.5,31.1,30.0,31.4,32.4,38.3,36.6,34.8,31.6,65.0,63.0,6.7,10.2,0.0,6.59,0.0,0.0,14
2017-08-06,28.8,24.8,32.4,26.0,33.7,20.0,30.5,29.8,31.2,32.2,37.5,35.6,33.8,32.6,71.0,58.0,4.4,5.7,0.0,3.75,0.0,0.0,14
2017-08-07,30.5,26.0,34.0,27.0,35.8,18.9,31.7,30.0,30.4,31.0,40.7,38.2,35.4,32.4,68.0,56.0,2.5,9.4,52.0,7.73,0.0,0.0,13
2017-08-08,28.4,26.0,31.8,27.0,33.8,17.7,30.7,28.8,30.4,31.0,35.9,34.2,33.4,31.8,82.0,67.0,3.0,6.8,69.2,8.62,0.0,0.0,10
2017-08-09,28.0,25.6,33.5,26.8,34.4,20.0,29.3,27.4,28.8,30.6,36.5,34.2,32.8,31.4,82.0,57.0,2.0,8.9,13.0,2.69,0.0,0.0,10
2017-08-10,28.5,26.4,24.5,23.0,34.0,19.0,31.1,29.2,30.2,31.0,32.7,33.6,33.2,32.6,83.0,87.0,2.3,6.9,24.0,4.55,0.0,0.0,10
2017-08-11,28.0,25.8,33.0,25.5,33.8,19.5,30.1,28.4,29.8,30.2,35.7,33.6,32.4,31.4,83.0,53.0,3.0,8.4,0.0,4.37,0.0,0.0,17
2017-08-12,28.0,25.8,33.5,28.0,34.8,18.2,29.9,28.2,30.0,31.0,35.9,33.6,33.6,31.4,83.0,64.0,2.3,6.5,8.8,6.32,0.0,0.0,5
2017-08-13,27.0,25.0,33.5,27.5,34.0,19.5,29.9,28.0,28.8,30.4,37.9,34.8,33.2,31.0,84.0,61.0,2.4,9.1,0.5,3.72,0.0,0.0,13
2017-08-14,25.5,24.5,29.5,26.2,30.5,18.5,29.1,28.2,30.0,31.0,33.5,32.0,31.6,30.8,92.0,75.0,1.8,0.7,0.0,1.75,0.0,0.0,7
2017-08-15,26.0,24.0,34.5,26.4,35.0,18.0,29.1,27.8,28.4,30.2,37.1,34.4,32.6,30.6,84.0,50.0,2.1,6.7,0.0,4.03,0.0,0.0,13
2017-08-16,28.0,24.6,33.5,25.4,34.3,16.3,30.3,28.6,30.4,31.0,36.1,34.2,33.0,31.2,74.0,49.0,3.2,10.4,0.0,5.26,0.0,0.0,17
2017-08-17,28.0,24.6,33.5,25.8,34.8,19.7,29.9,28.2,29.8,30.6,37.1,35.2,33.6,31.0,74.0,51.0,4.2,10.9,0.0,6.0,0.0,0.0,13
2017-08-18,29.0,25.0,32.4,26.2,33.8,20.5,30.5,29.0,30.4,31.0,36.1,34.4,33.2,31.4,71.0,59.0,5.6,8.4,0.0,4.86,0.0,0.0,13
2017-08-19,28.0,25.0,31.0,25.8,32.0,19.0,29.9,28.8,30.4,31.0,33.7,32.4,32.6,31.0,77.0,65.0,4.4,1.7,0.0,3.65,0.0,0.0,13
2017-08-20,29.5,25.0,32.5,26.0,33.8,20.9,29.9,28.4,29.8,30.6,36.9,34.6,32.8,31.0,67.0,57.0,6.3,11.4,0.0,6.9,0.0,0.0,17
2017-08-21,30.0,25.0,33.0,26.0,34.3,19.6,30.9,29.4,30.8,31.0,37.1,34.8,33.6,31.4,65.0,55.0,5.8,12.3,0.0,6.5,0.0,0.0,13
2017-08-22,30.0,25.0,32.5,26.2,33.8,19.1,31.3,29.6,30.6,31.2,36.1,34.2,33.4,31.6,65.0,58.0,4.5,9.2,0.0,5.64,0.0,0.0,13
2017-08-23,29.5,25.6,31.4,27.8,35.0,20.1,30.9,29.4,31.0,31.2,35.7,34.2,33.2,31.6,70.0,75.0,2.0,6.6,0.0,2.02,0.0,0.0,10
2017-08-24,29.5,26.2,29.0,26.0,30.5,19.2,31.5,29.8,31.0,31.2,36.3,34.8,33.8,31.6,75.0,78.0,1.8,7.1,2.6,2.15,0.0,0.0,13
2017-08-25,29.5,26.0,35.5,27.0,36.5,19.5,30.9,29.4,30.0,31.0,37.9,35.2,33.8,31.6,74.0,49.0,3.6,11.1,0.0,5.26,0.0,0.0,11
2017-08-26,30.0,24.5,35.0,26.0,35.5,19.2,30.7,29.4,31.0,31.6,37.7,35.0,34.0,31.8,63.0,47.0,5.6,11.5,0.0,7.91,0.0,0.0,17
2017-08-27,29.8,24.5,33.0,25.5,34.8,21.0,29.9,29.2,30.4,32.2,37.3,34.6,35.6,32.0,64.0,53.0,7.8,11.1,0.0,3.56,0.0,0.0,13
2017-08-28,30.5,25.2,33.0,26.0,34.5,21.5,30.5,29.6,30.6,31.8,37.1,34.4,33.8,31.8,63.0,55.0,7.1,10.4,0.0,6.76,0.0,0.0,8
2017-08-29,30.5,26.0,32.5,26.5,34.2,18.8,31.1,30.0,31.4,31.8,36.7,34.0,33.4,33.2,68.0,61.0,6.7,8.6,0.0,7.32,0.0,0.0,12
2017-08-30,30.0,25.0,30.5,27.0,36.0,19.5,31.1,30.2,31.6,31.8,39.5,36.0,34.8,32.2,65.0,74.0,3.2,11.4,0.0,6.36,0.0,0.0,12
2017-08-31,30.0,26.0,34.8,28.5,35.8,19.4,31.9,30.8,32.2,32.4,40.5,36.8,35.6,32.6,71.0,61.0,2.7,9.0,0.0,3.76,1.0,0.0,10
2017-09-01,28.0,25.5,34.0,27.5,35.8,18.1,31.9,30.4,32.2,32.4,39.9,36.2,33.2,33.2,82.0,59.0,2.4,10.2,0.0,6.14,0.0,0.0,3
2017-09-02,29.5,26.2,26.5,25.0,33.3,19.5,31.9,30.8,32.4,32.6,33.9,33.2,33.8,32.6,75.0,87.0,1.8,6.7,0.0,1.81,0.0,0.0,10
2017-09-03,27.5,23.3,28.5,26.0,29.8,19.8,31.1,30.2,31.6,32.0,32.9,31.4,32.2,31.6,69.0,80.0,1.0,0.2,1.1,0.63,0.0,0.0,17
2017-09-04,29.0,26.8,32.8,27.8,34.5,18.5,30.9,29.6,31.2,31.2,37.7,34.6,34.0,31.4,83.0,67.0,1.9,8.2,0.0,3.24,1.0,0.0,10
2017-09-05,28.7,26.5,31.7,25.5,35.0,18.2,30.7,29.4,31.0,31.2,38.1,35.0,34.2,31.8,83.0,59.0,2.2,7.7,13.6,3.69,0.0,0.0,13
2017-09-06,26.8,25.0,31.0,26.0,32.5,18.2,29.7,28.6,30.2,31.2,34.5,32.6,32.0,31.2,86.0,66.0,1.9,1.7,0.0,2.32,0.0,0.0,8
2017-09-07,27.0,25.0,30.0,26.0,31.8,19.3,29.7,28.0,29.2,30.2,33.7,32.0,31.2,30.8,84.0,71.0,1.7,2.8,0.0,2.53,0.0,0.0,17
2017-09-08,26.3,24.6,27.0,26.0,30.0,18.7,28.5,27.8,29.4,30.0,29.7,28.2,29.4,30.0,86.0,92.0,0.8,0.2,34.5,1.29,0.0,0.0,10
2017-09-09,28.0,26.0,29.5,26.5,32.5,18.5,28.1,27.0,28.0,29.2,31.9,31.0,30.6,29.4,85.0,78.0,3.3,5.4,0.3,3.56,0.0,0.0,12
2017-09-10,28.2,25.0,33.8,26.8,34.0,19.7,29.7,27.6,28.8,29.4,38.1,33.4,31.8,29.8,76.0,56.0,2.7,9.3,0.0,4.41,0.0,0.0,17
2017-09-11,29.0,27.0,28.5,26.8,34.7,20.4,30.9,29.0,29.8,30.2,34.5,33.6,33.2,31.0,85.0,86.0,2.0,5.2,4.1,1.97,0.0,0.0,17
2017-09-12,29.0,26.3,28.0,26.0,34.7,18.7,31.9,29.4,30.4,30.6,32.7,32.0,33.0,30.8,81.0,85.0,2.4,7.8,23.5,5.56,0.0,0.0,10
2017-09-13,27.5,26.0,24.0,23.0,31.7,17.2,30.5,28.8,29.8,31.0,30.3,31.2,32.0,30.8,87.0,91.0,1.9,5.7,23.0,2.67,0.0,0.0,2
2017-09-14,27.5,25.5,32.0,25.0,33.5,19.2,29.7,27.4,28.6,29.8,33.9,32.2,32.0,30.2,85.0,55.0,3.1,7.3,0.0,4.75,0.0,0.0,10
2017-09-15,29.2,25.5,33.0,26.5,34.2,18.9,29.7,28.0,29.2,30.0,39.1,34.4,32.6,30.6,74.0,59.0,4.1,7.7,0.0,5.73,0.0,0.0,8
2017-09-16,29.5,24.7,32.5,26.0,34.0,19.0,30.7,28.6,29.8,30.4,36.7,34.0,32.4,31.4,66.0,57.0,3.0,4.4,0.0,3.43,0.0,0.0,3
2017-09-17,28.5,26.0,31.0,26.0,33.0,21.7,30.1,28.4,30.0,30.0,31.1,30.4,30.2,31.0,80.0,66.0,5.2,3.0,0.0,5.89,0.0,0.0,5
2017-09-18,29.5,25.0,32.0,26.0,34.0,18.0,29.7,28.0,29.6,30.6,36.7,32.6,32.2,30.8,67.0,60.0,4.8,4.9,0.0,3.67,0.0,0.0,17
2017-09-19,30.0,25.0,33.0,26.0,34.0,18.4,30.3,28.4,29.8,30.6,37.7,34.6,33.0,31.0,65.0,55.0,6.2,10.6,0.0,8.22,0.0,0.0,15
2017-09-20,30.7,25.5,34.0,26.0,34.8,17.3,30.9,29.0,29.8,31.8,40.1,35.4,33.2,31.4,64.0,51.0,5.7,11.3,0.0,6.92,0.0,0.0,8
2017-09-21,29.6,25.0,32.5,26.5,34.7,17.5,30.7,29.2,30.2,31.0,39.9,36.0,33.4,31.6,67.0,61.0,5.2,10.7,0.0,6.5,0.0,0.0,17
2017-09-22,30.0,25.5,33.5,26.7,34.8,18.2,29.7,29.0,30.2,31.0,40.3,35.8,33.6,31.2,69.0,57.0,4.1,9.7,0.0,5.35,0.0,0.0,12
2017-09-23,28.5,26.8,33.0,26.5,36.0,20.0,31.0,30.0,31.0,31.6,39.9,36.6,34.2,32.0,86.0,59.0,2.0,7.5,0.0,4.7,0.0,0.0,10
2017-09-24,28.5,25.5,34.5,26.5,35.2,18.5,32.1,30.2,30.4,32.0,40.9,36.2,34.6,32.6,78.0,51.0,2.3,9.6,0.0,4.82,0.0,0.0,10
2017-09-25,29.0,25.5,30.3,25.5,34.3,18.0,31.9,30.2,31.2,32.0,37.9,35.4,34.6,32.8,75.0,67.0,3.8,7.3,0.0,4.37,0.0,0.0,16
2017-09-26,28.0,25.0,30.0,26.2,34.6,18.0,31.7,30.4,31.0,31.8,39.5,36.0,34.4,30.0,77.0,73.0,3.6,7.1,0.0,6.18,0.0,0.0,10
2017-09-27,28.5,26.0,32.0,27.0,33.5,17.8,31.7,29.4,31.0,30.0,39.7,36.0,34.0,32.0,80.0,66.0,4.1,8.9,0.0,2.26,0.0,0.0,13
2017-09-28,29.8,26.0,34.0,26.0,35.3,19.5,33.1,30.2,31.2,31.8,33.1,38.6,35.8,32.4,73.0,51.0,4.9,10.6,0.0,7.39,0.0,0.0,17
2017-09-29,28.8,23.2,33.5,23.3,34.8,14.5,32.1,29.6,31.2,32.2,43.0,38.4,35.6,32.4,60.0,39.0,4.9,10.4,0.0,4.78,0.0,0.0,6
2017-09-30,29.5,25.0,34.5,26.0,36.0,18.5,33.3,30.4,31.2,32.0,44.9,39.2,36.4,32.8,67.0,48.0,4.0,10.5,0.0,6.02,0.0,0.0,3
2017-10-01,30.5,25.0,34.0,26.0,36.0,17.5,34.1,31.2,32.2,33.0,45.1,40.0,37.0,33.4,62.0,51.0,4.4,10.4,0.0,6.18,0.0,0.0,15
2017-10-02,30.2,26.0,33.5,25.0,36.0,18.5,34.1,30.2,32.4,33.2,42.7,39.0,37.0,33.6,70.0,47.0,3.6,8.5,0.0,3.79,0.0,0.0,3
2017-10-03,30.2,26.0,35.5,26.0,36.0,18.5,34.7,31.6,32.6,34.2,45.3,39.4,37.2,33.6,70.0,44.0,3.6,10.5,0.0,4.37,0.0,0.0,4
2017-10-04,30.5,25.0,32.6,25.0,36.5,18.0,34.7,32.0,33.0,33.2,43.9,39.6,37.2,33.8,62.0,52.0,3.6,9.0,0.0,3.76,0.0,0.0,8
2017-10-05,29.5,25.0,33.0,26.0,35.4,17.7,32.9,31.6,32.4,33.4,41.9,38.2,37.2,33.8,67.0,55.0,2.3,7.5,14.8,5.4,0.0,0.0,13
2017-10-06,28.5,26.0,31.0,25.0,33.5,18.0,31.1,29.4,30.8,32.4,34.7,33.6,33.8,32.6,80.0,60.0,2.7,6.3,0.0,3.99,0.0,0.0,11
2017-10-07,29.5,25.0,32.5,27.0,34.0,17.5,31.9,28.0,29.0,31.6,40.3,37.2,34.6,32.4,67.0,63.0,2.1,8.4,71.2,5.22,0.0,0.0,10
2017-10-08,28.5,26.0,33.5,26.2,34.0,18.5,30.9,28.4,29.4,31.0,37.1,34.4,33.2,31.0,80.0,54.0,2.1,9.7,0.5,6.5,0.0,0.0,15
2017-10-09,29.0,26.0,32.8,26.8,34.5,18.5,30.3,28.6,29.4,31.0,38.1,35.2,33.6,31.2,78.0,61.0,1.8,9.0,1.3,3.18,0.0,0.0,13
2017-10-11,25.0,24.5,28.5,24.0,31.8,18.0,27.7,26.8,28.4,30.0,33.9,32.2,31.2,30.2,96.0,67.0,1.3,2.3,1.6,1.68,0.0,0.0,8
2017-10-12,26.5,25.5,27.6,24.5,33.5,18.0,28.9,27.8,28.8,30.0,32.7,32.4,32.0,30.2,92.0,77.0,1.6,4.5,0.0,2.59,0.0,0.0,10
2017-10-13,28.2,25.8,30.0,25.0,33.0,18.5,30.1,28.0,29.0,30.0,35.1,33.0,32.4,30.6,82.0,65.0,2.8,7.2,0.0,2.35,0.0,0.0,3
2017-10-14,28.0,25.0,28.0,24.0,32.5,18.0,29.9,28.2,29.4,30.0,33.9,32.0,32.2,30.0,77.0,70.0,3.9,4.0,1.5,3.2,0.0,0.0,15
2017-10-15,29.5,25.0,29.5,25.0,32.2,21.0,28.9,27.4,28.4,29.8,33.1,31.2,31.2,30.0,67.0,67.0,7.8,4.9,0.0,3.42,0.0,0.0,13
2017-10-16,29.5,24.5,32.5,25.0,33.5,21.5,29.3,27.4,28.6,29.8,36.9,33.2,32.0,30.2,65.0,52.0,7.3,8.6,0.0,5.64,0.0,0.0,8
2017-10-17,30.5,25.0,26.0,24.0,32.5,15.2,30.9,28.6,29.4,30.2,29.7,30.6,30.2,30.2,62.0,84.0,3.5,6.0,27.3,3.92,0.0,0.0,8
2017-10-18,27.5,25.0,31.5,24.0,33.2,16.6,29.1,27.0,27.8,29.0,33.9,30.2,30.4,29.6,80.0,51.0,4.0,8.0,0.0,3.16,0.0,0.0,8
2017-10-19,29.0,24.5,30.0,25.0,33.7,18.0,29.9,27.2,28.0,29.4,35.7,32.0,30.4,29.6,68.0,65.0,3.5,9.9,0.0,4.97,1.0,0.0,13
2017-10-20,28.5,23.5,32.0,25.2,33.0,17.5,30.1,27.8,28.8,29.8,35.7,32.2,31.4,29.8,63.0,55.0,2.5,9.1,0.0,3.43,0.0,0.0,13
2017-10-21,29.0,25.2,33.5,26.0,35.0,17.5,29.9,28.0,29.0,29.8,39.7,35.0,33.2,30.0,72.0,53.0,1.5,9.6,0.0,2.53,0.0,0.0,13
2017-10-22,29.0,25.0,32.0,26.6,33.5,18.5,30.7,28.8,29.6,30.0,36.3,34.0,32.6,30.8,71.0,64.0,2.8,10.4,0.0,2.17,0.0,0.0,10
2017-10-23,30.0,25.5,32.0,26.6,34.8,17.7,31.1,29.0,30.0,30.2,36.3,34.0,32.6,30.8,69.0,64.0,2.6,10.0,0.0,4.03,0.0,0.0,13
2017-10-24,29.0,25.5,31.0,26.5,34.0,16.5,31.1,29.2,30.2,30.8,38.1,35.0,33.0,31.6,75.0,69.0,2.5,9.5,56.0,5.91,0.0,0.0,5
2017-10-25,27.5,25.0,28.2,26.5,32.5,18.3,29.1,27.4,28.4,30.0,34.7,33.0,32.0,30.2,80.0,87.0,1.3,8.6,0.0,0.69,0.0,0.0,10
2017-10-26,28.0,25.0,31.0,26.0,33.4,17.5,30.1,28.2,29.2,30.0,35.9,33.2,32.2,30.0,77.0,66.0,2.4,8.7,2.1,4.86,0.0,0.0,0
2017-10-28,27.5,25.0,30.5,26.2,33.5,18.0,30.1,27.6,28.2,30.0,34.1,33.8,32.6,30.2,80.0,69.0,2.3,8.8,3.6,4.64,0.0,0.0,15
2017-10-29,27.0,25.0,31.0,26.0,32.0,18.2,30.1,28.0,28.4,33.0,37.7,34.2,32.2,30.0,84.0,66.0,1.5,9.8,15.3,2.55,0.0,0.0,8
2017-10-30,29.0,26.0,31.5,26.5,33.5,19.5,30.7,28.0,28.8,30.2,35.7,34.2,32.4,30.2,78.0,66.0,1.6,6.8,31.1,4.21,0.0,0.0,10
2017-10-31,26.5,25.0,28.5,26.0,30.3,18.5,28.9,27.6,29.0,29.8,32.9,31.2,31.0,30.0,87.0,80.0,2.7,3.1,0.0,2.17,0.0,0.0,13
2017-11-01,26.0,24.2,30.2,25.4,31.5,18.5,28.1,27.0,28.4,29.4,34.9,31.8,30.6,29.6,85.0,67.0,2.5,2.9,0.0,1.1,0.0,0.0,17
2017-11-02,27.3,25.0,28.0,25.5,28.2,18.5,30.3,28.0,28.8,29.4,31.7,31.6,32.2,30.0,81.0,82.0,2.1,6.4,10.8,2.33,0.0,0.0,17
2017-11-03,25.2,24.5,26.0,25.0,28.0,18.5,29.3,27.4,28.0,29.2,30.5,29.6,29.8,29.4,95.0,92.0,1.2,0.0,26.5,1.23,0.0,0.0,17
2017-11-04,27.2,25.5,30.2,26.5,30.6,22.5,28.9,27.0,28.0,29.0,35.1,32.4,31.2,29.4,87.0,74.0,2.7,5.9,1.3,2.38,0.0,0.0,10
2017-11-05,25.5,24.6,28.0,26.0,29.3,23.0,28.1,27.2,28.4,29.2,32.3,30.0,29.6,29.6,92.0,85.0,1.0,0.0,8.0,0.38,0.0,0.0,13
2017-11-06,26.2,25.0,29.0,26.2,30.3,22.0,28.7,27.0,28.0,28.8,32.3,31.0,30.4,29.4,90.0,79.0,1.6,3.3,1.4,1.72,0.0,0.0,4
2017-11-07,25.5,24.0,25.6,25.0,29.8,22.0,28.5,27.0,26.2,26.8,29.7,29.2,29.8,29.0,87.0,95.0,1.4,0.5,20.7,0.85,0.0,0.0,0
2017-11-08,26.3,24.0,26.0,25.0,31.6,21.7,28.3,26.4,27.4,28.4,32.5,31.8,30.6,29.0,82.0,92.0,1.9,4.3,8.1,2.11,0.0,0.0,15
2017-11-09,27.3,24.5,30.0,25.0,30.7,22.0,29.5,27.0,27.8,28.8,33.1,30.2,30.4,29.4,78.0,65.0,3.6,6.7,0.0,3.29,0.0,0.0,8
2017-11-10,27.5,24.7,26.5,24.0,31.5,22.5,29.5,27.2,28.0,28.8,32.3,31.4,31.2,29.0,79.0,80.0,2.8,6.5,0.0,2.98,0.0,0.0,13
2017-11-11,26.2,24.3,25.5,24.5,31.0,23.0,27.9,26.6,28.0,28.8,31.9,30.4,30.4,28.8,85.0,92.0,3.3,2.2,5.9,1.41,0.0,0.0,13
2017-11-12,27.0,24.2,29.5,25.0,31.0,21.5,28.9,27.0,28.0,28.6,31.9,31.2,30.4,29.0,78.0,67.0,3.9,5.6,0.0,4.14,0.0,0.0,8
2017-11-13,28.2,24.5,30.5,26.0,32.8,19.8,28.7,26.4,27.6,28.6,36.9,32.8,31.2,29.2,73.0,68.0,4.1,9.9,0.0,3.52,0.0,0.0,8
2017-11-14,27.5,24.2,32.0,24.5,33.0,18.5,29.5,27.2,28.4,28.0,37.9,34.2,32.2,29.2,74.0,52.0,3.2,10.8,0.0,4.17,0.0,0.0,13
2017-11-15,27.5,23.0,33.0,24.5,34.0,20.2,28.5,26.2,27.4,29.0,38.9,34.4,32.2,29.4,66.0,48.0,1.9,10.4,0.0,4.16,0.0,0.0,13
2017-11-16,28.0,24.7,33.5,24.5,34.0,21.0,28.9,27.0,28.2,29.0,40.3,35.4,33.0,29.8,76.0,45.0,1.5,10.9,0.0,4.26,0.0,0.0,12
2017-11-17,27.0,24.7,32.2,26.0,33.5,22.0,29.9,28.0,29.0,29.6,39.3,33.6,33.4,30.2,83.0,59.0,1.6,10.3,0.0,3.58,0.0,0.0,17
2017-11-18,28.5,26.5,30.5,26.0,32.5,22.2,29.9,28.4,29.4,30.0,35.3,33.4,32.8,30.4,85.0,68.0,1.4,9.0,0.6,1.37,0.0,0.0,13
2017-11-19,26.0,25.0,31.0,26.2,32.0,22.5,28.3,25.6,29.0,29.8,36.7,33.2,30.8,30.0,92.0,67.0,1.5,5.0,0.0,1.07,0.0,0.0,10
2017-11-20,28.0,26.0,27.5,26.0,31.5,22.5,30.7,28.4,29.2,29.8,34.5,32.6,31.6,29.8,85.0,87.0,1.5,5.2,0.5,2.21,0.0,0.0,12
2017-11-21,27.5,25.6,31.2,26.3,32.5,23.0,29.9,28.0,28.8,29.6,37.9,34.8,32.6,30.0,85.0,67.0,1.7,8.5,2.6,0.46,0.0,0.0,12
2017-11-22,26.3,25.5,29.5,26.5,30.5,22.3,29.7,28.0,29.4,30.0,34.5,32.4,31.6,30.2,93.0,78.0,2.0,3.4,1.4,0.49,0.0,0.0,17
2017-11-23,27.0,25.5,28.5,25.0,30.5,22.0,29.7,27.6,28.8,29.8,32.7,31.2,31.4,29.8,89.0,73.0,1.6,1.8,0.0,1.79,0.0,0.0,8
2017-11-24,25.0,23.0,28.0,24.5,30.0,23.4,27.7,26.8,28.4,29.4,32.1,30.6,30.4,28.2,84.0,74.0,1.6,2.2,0.0,0.98,1.0,0.0,13
2017-11-25,26.6,25.0,27.0,24.0,28.0,21.7,27.9,27.4,28.8,29.2,29.9,29.0,29.6,29.2,87.0,77.0,1.9,0.0,69.8,1.77,0.0,0.0,17
2017-11-26,24.5,23.0,27.0,25.0,27.6,22.2,26.7,25.2,27.0,28.0,29.7,27.8,27.8,28.0,87.0,84.0,1.1,0.0,21.7,2.8,0.0,0.0,13
2017-11-27,24.2,24.0,25.5,24.5,26.5,22.5,25.9,25.6,27.0,27.8,28.1,27.0,27.4,27.8,98.0,92.0,1.0,0.0,28.4,2.6,0.0,0.0,12
2017-11-28,26.5,25.0,26.0,25.0,28.7,22.7,27.7,25.8,28.4,27.6,29.7,28.2,28.4,27.6,87.0,97.0,3.1,0.2,33.5,1.19,0.0,0.0,2
2017-11-29,25.6,25.0,28.5,26.0,29.5,22.3,27.1,26.0,27.0,27.8,30.7,28.8,28.6,28.0,95.0,80.0,5.6,3.3,4.3,1.9,0.0,0.0,2
2017-11-30,28.5,25.2,25.5,24.5,30.5,22.7,28.7,26.4,26.8,27.6,30.1,30.0,29.6,27.8,75.0,92.0,2.0,3.9,10.5,1.79,0.0,0.0,12
2017-12-01,25.5,24.5,29.0,25.5,29.6,22.5,27.6,27.0,27.4,28.2,32.3,30.4,29.6,28.4,92.0,75.0,1.3,1.6,1.1,1.59,0.0,0.0,13
2017-12-02,27.5,25.0,24.5,24.4,32.0,21.7,29.1,27.2,27.8,28.2,32.9,31.0,30.4,28.6,98.0,98.0,2.5,5.1,2.8,1.28,0.0,0.0,10
2017-12-03,25.5,24.0,29.5,26.0,31.0,23.0,27.9,26.4,27.4,28.2,34.7,32.2,30.6,28.6,87.0,74.0,2.0,6.1,0.0,3.56,0.0,0.0,13
2017-12-04,25.7,24.5,29.4,24.5,30.0,23.0,28.7,27.0,28.0,28.0,32.1,31.0,30.2,29.0,90.0,68.0,1.5,5.0,0.5,1.32,0.0,0.0,8
2017-12-05,26.0,25.0,23.5,23.2,29.5,22.0,28.7,27.0,27.8,28.4,27.7,28.0,29.0,28.6,92.0,96.0,1.2,1.0,31.9,0.76,0.0,0.0,17
2017-12-06,27.0,25.5,27.0,25.0,30.5,20.7,28.7,26.4,27.2,27.8,31.7,30.4,30.0,27.8,89.0,84.0,1.1,4.7,7.8,1.61,0.0,0.0,8
2017-12-07,25.5,24.2,30.5,25.5,31.0,21.0,27.7,26.0,27.2,28.0,34.9,32.2,30.2,28.6,88.0,66.0,2.0,10.1,0.0,2.8,0.0,0.0,8
2017-12-08,25.5,23.5,30.0,23.0,30.5,19.0,27.7,26.0,27.4,28.2,34.5,32.2,31.0,28.4,84.0,53.0,1.5,8.8,0.0,1.84,0.0,0.0,8
2017-12-09,25.5,23.6,30.5,24.5,31.4,20.0,27.3,25.4,26.8,28.0,35.9,33.2,31.4,28.4,84.0,59.0,0.8,9.5,0.0,4.21,0.0,0.0,13
2017-12-10,25.5,23.2,30.5,24.5,31.8,21.0,27.5,25.8,27.0,28.0,35.9,33.2,31.4,28.4,81.0,59.0,1.1,8.9,0.0,2.71,0.0,0.0,13
2017-12-11,26.0,24.5,30.5,23.4,31.3,22.0,28.1,26.8,27.8,28.4,35.9,33.4,31.6,28.8,88.0,52.0,1.1,4.5,0.0,2.73,0.0,0.0,13
2017-12-12,27.0,25.5,30.6,25.0,31.8,22.0,28.9,27.2,28.2,28.8,35.9,33.6,32.0,29.4,89.0,62.0,1.3,6.8,0.0,2.49,0.0,0.0,17
2017-12-13,27.0,24.8,27.5,24.8,32.0,22.3,29.5,27.8,28.6,29.0,33.7,33.0,32.2,29.4,83.0,79.0,1.3,8.0,6.5,0.87,0.0,0.0,6
2017-12-14,25.8,24.8,29.0,25.8,30.3,22.0,28.1,27.2,28.4,29.0,33.3,31.8,31.2,29.2,92.0,76.0,1.4,5.3,2.8,2.89,0.0,0.0,12
2017-12-15,27.0,25.4,29.5,25.8,31.3,22.8,28.9,27.2,28.0,28.6,33.1,31.6,31.0,29.0,87.0,73.0,1.8,7.4,14.5,0.69,0.0,0.0,13
2017-12-16,28.0,25.6,29.5,25.0,31.5,21.2,28.9,27.2,28.4,28.8,32.9,31.2,30.6,29.0,82.0,67.0,2.2,7.7,12.3,2.84,0.0,0.0,12
2017-12-17,25.0,23.5,29.5,25.0,30.3,20.5,27.9,26.6,27.8,28.8,32.7,31.2,30.4,29.0,88.0,67.0,2.7,7.9,0.0,3.49,1.0,0.0,13
2017-12-18,25.2,23.6,28.0,23.2,30.3,19.9,27.5,26.0,27.4,28.6,32.5,31.4,30.6,26.6,87.0,63.0,1.9,7.7,0.0,2.71,0.0,0.0,13
2017-12-19,26.0,23.0,28.5,25.4,30.3,21.6,27.3,25.8,26.2,28.2,28.9,28.8,28.4,28.2,76.0,76.0,2.1,3.4,10.6,0.82,0.0,0.0,17
2017-12-20,25.0,24.0,23.2,23.0,26.0,20.5,27.7,26.2,27.4,28.0,25.7,26.4,27.4,27.8,92.0,98.0,1.4,0.1,40.5,0.6,0.0,0.0,15
2017-12-21,23.7,23.2,26.5,24.5,27.5,20.7,26.1,25.0,26.2,27.2,29.3,27.4,27.2,27.2,95.0,84.0,0.8,0.1,8.1,0.85,0.0,0.0,16
2017-12-22,25.0,23.5,28.5,23.5,29.6,20.5,26.7,25.2,26.2,27.0,31.5,29.4,29.0,27.4,88.0,60.0,1.7,4.7,0.5,2.17,0.0,0.0,8
2017-12-23,26.0,23.5,29.0,23.5,30.5,19.7,27.5,25.8,26.8,28.2,34.2,31.0,29.4,28.0,81.0,62.0,1.7,8.5,0.0,3.98,0.0,0.0,0
2017-12-24,25.5,24.0,29.2,24.5,30.5,21.0,26.9,25.8,26.2,27.6,34.7,31.0,29.0,28.0,87.0,67.0,1.8,7.5,0.0,2.68,0.0,0.0,8
2017-12-25,25.5,24.0,27.5,24.5,30.7,22.2,28.5,26.2,28.6,27.8,35.7,31.2,29.8,28.0,87.0,77.0,2.3,8.1,0.0,2.26,0.0,0.0,8
2017-12-26,26.0,24.5,28.0,25.0,29.8,22.6,28.3,27.2,27.8,28.2,31.7,30.0,29.2,28.4,88.0,77.0,1.9,1.6,1.5,1.05,0.0,0.0,10
2017-12-27,26.6,25.0,28.0,24.5,30.5,20.2,27.7,26.4,27.2,28.0,35.9,32.4,30.6,28.6,87.0,74.0,2.4,9.0,0.0,1.95,0.0,0.0,8
2017-12-28,25.0,23.0,27.5,22.7,28.7,18.2,27.3,25.6,27.0,28.2,32.1,29.4,29.0,28.2,84.0,65.0,1.6,5.9,0.0,1.88,0.0,0.0,16
2017-12-29,23.5,22.0,27.5,24.0,29.0,21.0,25.7,24.2,25.8,27.0,31.9,30.2,29.2,26.8,86.0,73.0,1.5,3.8,0.0,1.84,0.0,0.0,8
2017-12-30,25.5,23.5,27.0,23.5,29.8,20.7,28.1,25.8,26.8,28.0,34.9,31.8,30.0,28.2,84.0,74.0,2.1,6.4,0.0,1.44,0.0,0.0,8
2017-12-31,25.0,23.5,30.0,24.0,31.0,20.2,28.1,26.2,27.2,28.0,37.9,34.2,30.8,27.6,88.0,59.0,1.7,9.7,0.0,2.71,0.0,0.0,13
2019-01-01,24.7,23.5,27.0,23.2,29.0,24.5,27.5,26.2,27.0,27.8,31.5,29.2,29.0,28.8,90.0,71.0,2.2,3.6,0.0,2.88,0.0,0.0,4
2019-01-02,25.5,23.0,28.2,22.0,29.5,25.0,27.7,25.6,26.8,27.6,34.3,31.0,29.8,28.2,79.0,56.0,1.8,9.5,0.0,2.03,0.0,0.0,7
2019-01-03,25.5,23.0,29.0,23.0,29.5,24.5,27.1,25.4,26.6,27.8,34.3,30.4,29.4,28.0,84.0,58.0,2.2,9.6,0.0,2.8,0.0,0.0,13
2019-01-04,25.5,22.3,28.5,22.5,30.0,25.0,27.5,25.6,26.8,27.8,34.7,31.0,29.8,28.2,75.0,57.0,1.9,10.2,0.0,2.66,0.0,0.0,6
2019-01-05,23.5,22.0,27.5,23.5,30.0,23.7,26.5,25.2,26.6,27.8,34.1,30.4,29.4,27.8,86.0,70.0,2.2,7.4,0.0,2.3,0.0,0.0,17
2019-01-06,25.0,22.5,29.0,23.5,31.0,24.5,27.5,25.6,26.8,27.8,34.3,31.2,29.8,28.4,80.0,62.0,1.7,10.3,0.0,2.3,0.0,0.0,8
2019-01-07,25.2,23.0,28.5,24.0,30.7,24.5,27.7,26.0,27.2,28.0,34.1,30.8,29.8,27.8,82.0,67.0,1.7,7.9,0.0,3.22,0.0,0.0,12
2019-01-08,25.3,23.5,29.0,24.2,29.7,24.5,27.9,26.0,27.4,28.0,33.7,30.2,29.4,28.4,85.0,66.0,2.0,6.8,0.0,2.49,0.0,0.0,5
2019-01-09,25.2,23.0,29.5,24.5,30.5,24.5,27.9,26.4,27.6,28.0,36.1,32.0,30.0,28.4,82.0,65.0,2.0,9.9,0.0,1.74,0.0,0.0,8
2019-01-10,24.5,23.5,28.5,24.2,29.0,24.3,27.1,26.0,27.4,28.4,32.5,29.6,29.0,28.4,91.0,68.0,2.1,4.6,0.0,2.81,0.0,0.0,16
2019-01-11,25.0,23.5,29.0,23.5,30.3,24.0,27.5,26.0,27.2,27.8,35.7,31.6,30.0,28.4,88.0,62.0,2.6,8.2,0.0,2.73,0.0,0.0,8
2019-01-12,24.8,23.2,29.0,25.0,30.0,25.2,27.5,26.4,27.6,28.2,33.3,30.2,29.6,28.4,87.0,71.0,2.1,5.1,1.3,2.21,0.0,0.0,13
2019-01-13,25.0,24.0,27.0,25.0,27.0,24.0,27.5,26.8,27.6,28.2,30.5,28.0,28.2,28.2,92.0,84.0,1.8,0.0,2.8,1.16,0.0,0.0,6
2019-01-14,25.0,23.5,25.0,24.0,26.0,24.5,26.9,26.0,27.4,27.8,28.7,27.2,27.8,27.8,88.0,92.0,0.8,0.0,2.6,1.85,0.0,0.0,4
2019-01-15,25.3,23.5,28.0,24.0,29.5,24.5,27.7,26.0,26.8,27.6,31.5,29.6,28.8,27.8,85.0,70.0,2.5,2.9,3.1,2.01,0.0,0.0,13
2019-01-16,25.5,24.0,29.2,24.2,30.0,24.5,27.3,26.0,27.4,27.8,34.3,31.4,30.0,28.0,87.0,64.0,2.5,7.8,0.5,3.04,0.0,0.0,8
2019-01-17,25.0,23.5,27.7,23.0,30.0,23.5,27.1,25.6,26.8,27.8,32.9,30.0,29.2,27.8,88.0,65.0,2.1,10.0,0.0,2.64,0.0,0.0,13
2019-01-18,23.2,22.2,28.0,23.0,29.7,22.5,26.5,25.0,26.4,27.6,32.1,29.8,29.0,27.6,91.0,63.0,2.0,5.9,0.0,2.75,0.0,0.0,13
2019-01-19,23.0,21.3,28.5,24.0,29.0,23.5,25.1,24.0,25.8,27.4,32.1,29.4,28.4,27.4,86.0,64.0,2.2,7.0,0.0,2.22,0.0,0.0,1
2019-01-20,24.5,23.0,27.5,24.0,29.0,23.5,26.7,25.2,26.4,27.2,31.3,29.0,28.2,27.6,87.0,73.0,2.3,3.5,0.0,2.1,0.0,0.0,8
2019-01-21,24.3,22.5,28.5,24.0,30.0,24.0,26.7,25.4,26.6,27.4,33.3,30.0,28.8,27.6,85.0,67.0,2.1,5.5,0.0,2.59,0.0,0.0,8
2019-01-22,25.0,24.0,28.5,24.5,30.5,24.3,27.5,25.8,27.0,27.6,33.5,30.8,29.4,28.0,92.0,71.0,2.2,7.4,0.0,1.9,0.0,0.0,8
2019-01-23,25.0,24.0,29.5,24.7,30.5,24.0,27.7,26.0,27.2,27.8,34.7,31.0,29.8,28.2,92.0,66.0,2.2,8.6,0.0,2.8,0.0,0.0,7
2019-01-24,24.7,23.7,29.9,25.0,31.0,25.5,27.3,26.0,27.6,28.2,33.7,30.8,30.0,28.6,91.0,66.0,2.1,6.8,0.0,3.71,0.0,0.0,8
2019-01-25,26.7,25.0,30.0,25.0,32.0,26.5,28.3,26.8,27.6,28.4,34.1,31.8,30.4,28.6,86.0,65.0,2.3,8.2,0.0,2.82,0.0,0.0,10
2019-01-26,27.7,25.5,28.5,25.0,32.0,26.5,29.7,27.6,28.2,28.6,34.5,32.4,30.4,28.8,83.0,73.0,2.4,4.6,0.0,2.75,0.0,0.0,5
2019-01-27,27.5,25.0,30.0,25.0,32.0,24.5,28.9,27.0,28.0,28.8,36.3,33.0,31.4,29.4,80.0,65.0,2.0,10.5,0.0,3.51,0.0,0.0,10
2019-01-28,25.0,23.7,30.5,23.2,31.0,24.7,28.1,26.4,29.2,29.2,37.7,33.8,31.6,29.4,90.0,51.0,2.0,10.8,0.0,3.15,0.0,0.0,11
2019-01-29,25.5,23.4,29.5,24.0,31.0,24.7,28.1,26.2,27.8,29.0,37.3,33.6,31.6,26.2,82.0,61.0,2.0,9.9,0.0,3.47,0.0,0.0,11
2019-01-30,24.2,23.0,29.8,24.5,31.0,16.5,27.7,26.6,27.8,29.0,36.5,33.6,31.0,28.8,91.0,64.0,2.5,9.1,0.0,3.04,0.0,0.0,16
2019-01-31,24.7,23.5,29.0,24.0,31.0,16.5,28.1,26.8,28.0,29.2,35.9,32.4,31.2,29.4,90.0,64.0,2.6,8.2,0.0,3.13,0.0,0.0,12
2019-02-01,25.0,24.0,29.0,24.0,31.3,19.0,27.9,26.8,28.4,29.4,36.3,33.0,31.4,29.4,92.0,67.0,2.8,8.7,0.0,2.26,1.0,0.0,0
2019-02-02,25.0,23.8,28.0,25.0,31.3,19.0,28.3,27.6,28.8,29.6,33.3,30.4,30.2,29.4,90.0,77.0,2.2,1.8,4.0,2.15,0.0,0.0,11
2019-02-03,25.7,25.0,28.0,25.0,31.0,19.0,28.3,26.6,28.0,29.0,32.7,31.2,30.4,29.0,93.0,77.0,1.8,3.0,13.6,1.43,0.0,0.0,13
2019-02-04,24.5,24.0,25.5,24.0,26.5,18.5,27.5,26.2,27.6,28.6,28.9,27.2,28.2,28.4,95.0,87.0,1.4,2.0,36.2,1.32,0.0,0.0,13
2019-02-05,25.0,24.2,28.0,25.5,28.5,19.0,27.3,26.0,26.8,27.8,31.5,28.6,28.2,28.0,93.0,82.0,1.4,4.0,11.5,1.49,0.0,0.0,8
2019-02-06,26.7,25.0,30.0,25.2,30.2,17.0,28.1,26.6,27.4,28.0,34.9,31.6,29.8,28.6,86.0,65.0,2.0,7.5,0.0,2.21,0.0,0.0,5
2019-02-07,25.2,24.0,31.0,26.0,31.7,19.5,27.7,26.0,27.4,28.2,35.5,32.0,30.4,28.4,90.0,66.0,1.9,10.5,0.0,2.84,0.0,0.0,16
2019-02-08,26.2,25.0,30.7,27.0,31.7,19.5,28.7,27.2,28.2,28.6,34.3,31.6,30.4,29.0,90.0,73.0,1.9,6.6,0.0,3.42,0.0,0.0,16
2019-02-09,25.5,25.0,28.5,26.0,30.5,23.7,28.1,27.0,28.2,29.0,32.1,30.2,30.0,28.8,95.0,80.0,2.0,3.1,1.9,2.19,0.0,0.0,0
2019-02-10,25.5,24.5,30.0,25.5,32.5,22.0,28.3,26.0,28.2,28.2,35.5,33.6,31.6,29.0,92.0,69.0,1.4,9.0,0.0,1.16,0.0,0.0,13
2019-02-11,26.5,25.0,30.5,25.0,31.7,22.5,29.1,27.0,28.2,29.2,35.9,32.8,31.4,29.4,87.0,62.0,2.4,10.3,0.0,2.97,0.0,0.0,6
2019-02-12,26.7,25.0,29.5,25.0,31.0,22.5,29.3,27.4,28.6,29.2,34.1,31.4,30.6,29.4,86.0,67.0,2.8,9.7,0.0,2.28,0.0,0.0,5
2019-02-13,26.7,25.0,29.5,25.0,30.0,23.0,28.9,27.0,28.2,29.2,34.7,31.8,30.6,29.4,87.0,67.0,3.1,10.1,1.4,3.76,0.0,0.0,3
2019-02-14,25.2,24.5,27.5,25.7,29.5,23.5,27.9,27.2,28.4,29.4,31.3,29.8,30.2,29.2,95.0,86.0,2.1,4.5,34.8,3.6,0.0,0.0,13
2019-02-15,25.5,24.5,30.0,26.7,30.7,23.22,28.1,26.6,27.8,28.6,35.3,31.8,30.2,29.0,92.0,77.0,2.3,7.8,0.0,3.36,1.0,0.0,8
2019-02-16,28.5,26.0,27.5,26.0,33.0,22.5,29.9,27.8,28.4,29.2,33.5,32.2,31.4,29.4,80.0,87.0,2.2,6.6,1.4,3.27,0.0,0.0,5
2019-02-17,27.0,25.0,32.5,26.7,33.0,24.0,29.7,27.8,28.6,29.4,37.5,34.4,32.2,29.6,84.0,62.0,1.8,10.3,0.0,3.45,0.0,0.0,5
2019-02-18,27.0,25.5,33.0,27.0,33.2,23.0,30.5,28.4,29.4,29.8,38.1,34.8,32.6,30.2,89.0,61.0,1.4,10.6,0.0,3.69,0.0,0.0,5
2019-02-19,28.0,25.7,30.7,26.0,32.8,22.0,30.3,28.6,29.8,30.2,36.5,33.8,32.4,30.4,83.0,67.0,2.5,10.5,0.0,4.07,0.0,0.0,10
2019-02-20,27.0,25.0,30.5,25.0,31.7,24.5,29.7,27.8,29.0,30.2,36.1,33.6,32.0,30.2,84.0,62.0,2.5,10.5,0.0,4.09,0.0,0.0,13
2019-02-21,26.5,25.0,30.0,24.5,31.5,22.0,29.9,28.0,29.0,30.2,36.1,33.6,32.0,30.4,87.0,63.0,2.9,10.8,0.0,4.12,0.0,0.0,13
2019-02-22,26.0,24.0,29.5,24.5,31.5,24.5,29.1,28.0,29.4,30.0,37.3,34.4,32.4,30.4,84.0,65.0,2.4,10.3,0.0,3.85,0.0,0.0,8
2019-02-23,26.0,24.0,31.0,24.5,31.5,24.5,28.7,27.2,28.6,30.0,36.7,33.8,32.0,30.2,84.0,57.0,2.2,10.8,0.0,3.58,0.0,0.0,13
2019-02-24,27.0,24.5,30.0,25.0,31.5,24.5,28.7,27.0,28.6,29.8,35.7,32.0,31.6,30.0,81.0,65.0,2.1,10.2,0.0,3.31,0.0,0.0,13
2019-02-25,26.5,24.7,30.7,26.5,32.2,23.5,28.3,27.6,28.8,29.8,35.9,32.8,31.6,29.8,86.0,71.0,2.2,8.0,0.0,2.37,0.0,0.0,13
2019-02-26,27.5,25.7,29.5,26.0,32.0,32.5,30.1,28.4,29.6,30.0,34.7,32.0,31.2,30.2,68.0,74.0,2.0,5.8,8.4,2.15,0.0,0.0,5
2019-02-27,27.0,25.5,29.5,26.0,32.0,24.5,29.5,27.8,28.8,29.6,34.7,32.0,31.2,30.2,89.0,74.0,1.7,5.3,0.0,3.65,0.0,0.0,9
2019-02-28,26.5,25.0,31.0,26.0,32.7,23.2,29.5,28.0,29.0,29.8,35.1,33.2,32.0,30.2,87.0,66.0,1.7,4.1,0.0,3.06,0.0,0.0,8
2019-03-01,27.7,26.0,30.7,26.0,33.0,21.5,29.9,28.0,29.4,30.0,36.7,34.4,32.6,30.4,86.0,67.0,2.0,7.7,0.0,3.71,0.0,0.0,13
2019-03-02,27.0,24.5,30.5,26.0,32.5,21.8,29.7,27.8,29.0,30.2,36.7,34.2,32.8,30.4,81.0,60.0,2.6,7.8,0.0,3.89,0.0,0.0,13
2019-03-03,27.0,25.2,30.5,25.7,32.7,21.0,29.9,28.4,29.8,30.4,35.7,33.8,32.6,30.6,86.0,67.0,2.1,7.3,0.0,2.82,0.0,0.0,0
2019-03-04,25.5,25.6,32.5,26.3,34.0,23.0,28.7,27.6,29.2,30.2,37.9,34.8,33.0,30.6,95.0,60.0,1.7,7.6,0.0,3.08,0.0,0.0,15
2019-03-05,27.5,25.5,33.5,26.8,34.0,23.5,30.9,28.0,30.2,30.88,38.5,35.6,33.6,30.8,85.0,57.0,1.6,8.5,0.0,2.99,0.0,0.0,13
2019-03-06,27.7,25.5,34.5,26.0,35.0,23.0,31.7,29.6,30.88,31.0,40.1,37.0,34.6,31.6,83.0,48.0,2.0,9.1,0.0,3.69,0.0,0.0,5
2019-03-07,28.5,26.7,33.5,28.5,35.0,23.0,31.5,29.8,31.0,31.6,39.3,36.6,34.6,31.8,86.0,67.0,1.8,10.2,0.0,4.88,0.0,0.0,13
2019-03-08,27.5,25.7,34.5,25.7,35.0,22.4,30.9,29.6,31.0,31.6,40.3,37.0,35.0,32.2,86.0,47.0,2.0,10.3,0.0,4.97,0.0,0.0,13
2019-03-09,27.3,25.5,33.5,25.0,34.0,21.0,31.7,29.8,31.4,32.0,39.7,36.8,34.8,32.2,86.0,53.0,1.7,10.3,0.0,5.04,0.0,0.0,15
2019-03-10,28.5,25.7,32.5,25.0,34.0,21.0,31.7,29.6,31.2,32.0,39.5,36.6,34.8,32.4,79.0,52.0,2.2,10.3,0.0,4.97,0.0,0.0,11
2019-03-11,26.5,24.5,32.5,23.5,33.5,20.0,30.5,29.0,30.6,31.6,39.1,36.2,34.2,32.0,84.0,44.0,1.9,9.0,0.0,4.52,0.0,0.0,11
2019-03-12,26.0,23.2,32.0,25.0,33.2,20.0,30.1,28.4,30.4,31.4,38.9,36.0,34.0,31.6,78.0,55.0,2.3,10.2,0.0,3.85,0.0,0.0,12
2019-03-13,27.0,24.5,32.0,25.0,33.0,21.5,31.1,28.8,30.6,31.4,38.3,34.6,33.2,32.0,81.0,55.0,2.0,7.7,0.0,3.69,0.0,0.0,5
2019-03-14,28.2,25.0,32.0,25.5,34.0,21.0,31.3,29.2,30.2,31.2,39.5,36.2,34.2,32.0,76.0,58.0,2.1,10.6,0.0,3.6,0.0,0.0,5
2019-03-15,26.7,24.2,31.6,24.7,33.0,21.2,30.3,28.8,30.4,31.4,38.7,35.2,33.6,31.6,80.0,55.0,2.1,9.0,0.0,4.68,0.0,0.0,13
2019-03-16,28.0,25.0,32.0,25.5,33.0,21.3,31.3,29.2,30.8,31.4,37.7,34.8,33.6,31.6,77.0,58.0,2.4,10.0,0.0,3.34,0.0,0.0,5
2019-03-17,29.0,23.0,29.5,25.2,32.0,22.0,31.1,29.2,30.6,31.2,33.9,32.2,32.6,31.6,58.0,69.0,2.0,2.9,0.0,3.97,0.0,0.0,5
2019-03-18,29.0,24.2,31.0,25.2,33.6,21.6,31.3,29.0,30.4,31.0,37.9,35.4,33.6,31.4,66.0,61.0,2.5,8.7,0.0,4.21,0.0,0.0,5
2019-03-19,28.0,25.2,33.0,25.5,34.5,21.0,31.1,29.2,30.8,31.4,39.1,35.8,34.0,31.8,79.0,53.0,2.8,10.4,0.0,3.89,0.0,0.0,10
2019-03-20,27.5,24.7,32.7,25.0,34.7,22.0,30.3,28.8,30.4,31.4,39.1,36.0,34.0,31.6,79.0,51.0,2.3,10.0,0.0,3.83,0.0,0.0,11
2019-03-21,28.0,25.0,32.0,25.0,33.0,24.7,31.3,29.6,30.6,31.2,34.9,33.2,32.6,31.6,77.0,55.0,1.5,5.6,0.7,3.98,0.0,0.0,10
2019-03-22,27.6,25.0,34.0,26.5,35.2,23.1,30.9,28.6,30.2,31.2,39.7,36.2,34.2,32.6,80.0,54.0,2.1,10.1,0.0,3.31,0.0,0.0,11
2019-03-23,29.5,26.0,33.4,27.0,35.2,21.0,32.1,30.2,31.4,31.6,38.5,35.8,34.4,32.2,74.0,59.0,1.9,9.0,0.0,3.56,0.0,0.0,17
2019-03-24,27.0,25.5,35.0,24.0,35.7,22.0,31.1,29.4,31.0,31.6,40.1,37.6,35.6,32.6,89.0,37.0,2.1,10.0,0.0,3.56,0.0,0.0,13
2019-03-25,28.5,25.2,34.0,23.5,35.5,20.0,32.1,30.0,31.6,32.0,41.9,38.0,35.8,32.6,75.0,39.0,2.5,10.6,0.0,4.14,0.0,0.0,3
2019-03-26,27.5,24.0,33.4,24.0,34.5,20.5,31.1,29.4,31.6,32.2,41.1,36.8,35.0,32.4,73.0,43.0,2.4,10.7,0.0,3.41,0.0,0.0,11
2019-03-27,27.5,24.5,35.0,25.0,36.0,21.0,31.3,28.4,31.2,31.9,42.7,38.4,35.8,33.6,77.0,42.0,2.1,10.4,0.0,5.58,0.0,0.0,13
2019-03-28,28.5,25.0,35.5,22.5,36.5,23.5,32.5,30.4,31.8,32.3,42.9,38.8,36.4,33.0,73.0,29.0,1.7,10.9,0.0,4.7,0.0,0.0,3
2019-03-29,27.0,22.4,36.5,23.5,36.7,17.5,31.3,29.4,31.2,32.4,42.7,38.8,36.2,33.0,65.0,30.0,1.9,10.8,0.0,5.1,0.0,0.0,12
2019-03-30,26.2,22.0,36.0,22.7,36.5,20.0,30.9,29.0,31.2,32.4,42.3,38.6,36.2,33.0,68.0,29.0,1.9,10.6,0.0,5.19,0.0,0.0,13
2019-03-31,28.0,23.0,36.0,24.5,36.8,21.0,31.9,30.0,31.8,32.7,41.9,48.4,36.4,35.4,63.0,34.0,1.9,10.7,0.0,4.88,0.0,0.0,13
2019-04-01,28.0,24.2,34.5,25.0,36.5,21.0,32.3,30.0,31.8,32.6,42.3,39.0,36.8,35.2,72.0,43.0,2.2,11.4,0.0,5.51,0.0,0.0,13
2019-04-02,27.5,25.0,34.0,26.2,36.0,22.0,32.3,30.4,32.4,33.2,41.1,38.4,36.8,33.4,80.0,52.0,2.1,9.9,0.0,5.33,0.0,0.0,13
2019-04-03,28.5,24.5,34.5,26.0,36.1,20.3,33.1,31.0,32.6,33.0,41.7,38.2,36.6,33.6,71.0,48.0,2.4,10.4,0.0,5.75,0.0,0.0,13
2019-04-04,29.0,24.8,35.5,26.0,36.5,24.5,33.5,30.8,32.4,33.4,43.1,38.8,37.4,33.6,70.0,44.0,2.4,10.5,0.0,4.53,0.0,0.0,11
2019-04-05,27.5,24.0,36.5,26.0,37.0,25.0,33.6,30.8,32.4,33.2,41.9,40.0,37.3,34.2,73.0,41.0,2.3,10.0,0.0,5.64,0.0,0.0,16
2019-04-06,28.5,25.0,36.0,24.0,37.0,24.0,33.9,31.8,33.2,33.6,42.7,38.0,37.4,34.0,73.0,34.0,2.2,10.6,0.0,4.45,0.0,0.0,8
2019-04-07,29.0,25.0,36.5,26.5,37.0,25.0,33.7,31.4,33.0,33.6,42.3,39.6,37.6,34.2,71.0,43.0,2.3,9.8,0.0,4.65,0.0,0.0,13
2019-04-08,29.5,25.5,36.0,26.0,38.1,25.2,33.9,31.8,33.2,33.6,43.7,41.0,38.0,34.4,71.0,43.0,2.6,8.6,0.0,6.29,0.0,0.0,5
2019-04-09,29.2,25.5,33.0,26.2,36.7,25.5,34.3,32.4,33.8,34.2,41.1,39.0,37.8,34.5,74.0,56.0,2.2,8.7,0.0,5.24,0.0,0.0,8
2019-04-10,29.8,25.7,34.5,26.2,37.3,24.7,34.3,32.0,33.4,34.2,42.1,39.6,37.8,34.4,71.0,49.0,2.2,8.9,0.0,5.17,0.0,0.0,5
2019-04-11,30.8,25.8,26.0,25.0,37.5,23.5,35.1,32.4,33.6,34.2,29.7,34.0,36.4,34.0,66.0,92.0,1.8,7.2,30.5,4.9,0.0,0.0,6
2019-04-12,29.5,25.0,34.5,26.5,37.0,24.5,32.3,30.4,31.4,32.8,38.7,37.4,35.8,33.2,67.0,51.0,2.2,9.7,0.0,4.88,0.0,0.0,9
2019-04-13,30.0,25.5,35.0,26.7,36.0,24.5,32.7,30.6,31.4,32.6,37.7,36.8,35.2,33.2,69.0,51.0,2.5,9.9,0.0,4.52,0.0,0.0,16
2019-04-14,29.5,25.5,35.0,27.0,36.0,22.5,32.7,30.8,31.6,32.6,41.7,38.2,36.0,33.2,71.0,52.0,2.2,10.5,0.0,3.71,0.0,0.0,16
2019-04-15,29.0,26.0,34.5,27.0,36.7,24.0,32.7,30.6,31.6,32.8,39.5,38.2,35.8,33.2,78.0,53.0,2.2,10.3,0.0,4.9,0.0,0.0,13
2019-04-16,30.0,25.7,26.5,25.0,36.0,24.0,33.1,31.0,32.0,33.0,32.9,34.2,34.8,33.2,70.0,87.0,2.2,5.2,4.3,3.87,0.0,0.0,5
2019-04-17,28.5,26.0,24.0,23.4,35.1,23.5,31.7,29.8,30.8,32.2,28.3,32.2,34.4,32.6,80.0,95.0,1.9,6.9,26.4,3.4,0.0,0.0,8
2019-04-18,28.6,26.0,34.0,26.7,35.5,23.5,31.1,29.2,30.2,31.4,36.7,34.8,33.6,31.8,80.0,55.0,1.7,9.7,0.0,3.92,0.0,0.0,3
2019-04-19,30.0,26.0,35.5,27.5,36.5,24.0,32.1,30.2,30.4,31.6,37.5,35.6,34.2,32.0,71.0,52.0,2.0,10.7,0.0,4.36,0.0,0.0,13
2019-04-20,29.2,26.0,34.0,27.0,36.0,24.0,32.3,30.4,31.4,32.2,37.7,36.4,34.6,32.6,76.0,56.0,2.3,10.3,0.0,4.34,0.0,0.0,10
2019-04-21,29.5,26.5,33.0,27.0,35.5,24.5,32.3,31.0,31.8,32.2,37.7,36.0,34.6,32.8,78.0,61.0,1.6,9.2,17.4,4.14,0.0,0.0,13
2019-04-22,30.0,26.5,33.5,26.2,35.7,24.7,32.5,30.4,31.4,32.2,37.1,35.4,34.4,32.4,75.0,54.0,1.6,10.3,0.0,4.81,0.0,0.0,0
2019-04-23,29.5,26.7,32.1,26.5,35.5,24.5,32.1,30.2,31.4,32.0,35.7,34.8,34.0,32.4,79.0,63.0,1.8,8.5,0.0,5.01,0.0,0.0,13
2019-04-24,29.1,26.5,35.0,27.2,36.0,24.3,31.9,30.2,31.2,31.8,37.5,35.6,34.2,32.2,81.0,52.0,1.8,10.1,0.0,4.65,0.0,0.0,8
2019-04-25,29.5,26.8,26.5,25.3,35.2,24.4,32.5,30.4,31.6,32.0,33.5,33.4,33.6,32.2,79.0,90.0,1.6,6.0,1.9,3.96,0.0,0.0,2
2019-04-26,28.1,26.0,31.0,25.8,33.7,24.0,31.5,30.2,31.0,31.8,34.3,32.0,32.4,32.0,83.0,65.0,1.0,2.6,0.6,3.0,0.0,0.0,13
2019-04-27,27.5,25.5,33.0,27.0,33.5,25.0,30.9,29.6,30.2,31.4,34.9,32.8,32.2,31.6,85.0,61.0,1.3,0.0,0.0,2.26,0.0,0.0,10
2019-04-28,29.0,26.0,32.0,27.0,35.3,24.5,31.5,29.8,30.2,31.2,35.9,34.4,33.4,31.6,78.0,66.0,1.9,5.3,0.0,3.89,0.0,0.0,8
2019-04-29,28.2,25.8,33.5,26.3,34.5,25.7,31.1,30.0,31.0,31.6,36.1,34.6,33.4,31.8,82.0,55.0,2.4,4.2,0.0,3.4,0.0,0.0,13
2019-04-30,27.5,25.4,32.0,26.3,34.1,23.8,30.3,29.6,30.8,31.4,33.7,33.0,32.6,31.4,83.0,64.0,3.2,3.8,0.0,4.72,0.0,0.0,13
2019-05-01,30.2,25.8,34.0,27.5,36.0,24.0,30.1,29.4,30.4,30.4,37.3,34.8,33.4,31.6,69.0,59.0,4.1,8.9,0.0,5.32,0.0,0.0,13
2019-05-02,30.5,26.0,34.5,27.0,36.4,24.2,31.7,29.8,30.8,31.4,37.1,36.0,34.0,32.0,74.0,53.0,3.1,8.8,0.0,4.6,0.0,0.0,13
2019-05-03,30.5,26.0,34.5,27.0,36.5,23.4,32.7,30.6,31.8,32.0,37.1,36.6,34.8,32.6,68.0,53.0,2.6,6.7,0.0,5.2,0.0,0.0,13
2019-05-04,30.2,25.0,36.0,27.0,36.5,23.4,32.7,30.8,31.8,32.4,4.7,37.8,35.6,32.8,64.0,44.0,2.3,9.8,4.5,5.6,0.0,0.0,11
2019-05-05,28.0,25.5,34.0,26.0,36.5,23.8,30.9,29.6,31.0,32.2,37.5,36.2,34.2,32.6,82.0,51.0,1.1,7.8,0.0,4.5,0.0,0.0,13
2019-05-06,29.5,26.8,36.5,27.0,37.5,23.0,32.3,30.4,31.2,32.2,40.3,37.8,35.6,32.0,66.0,45.0,1.5,10.5,0.0,4.92,0.0,0.0,5
2019-05-07,29.5,24.0,35.5,26.8,36.5,22.5,32.3,30.6,32.2,33.0,40.7,38.4,36.2,33.4,61.0,48.0,2.4,11.4,0.0,5.51,0.0,0.0,3
2019-05-08,28.5,25.0,35.7,26.0,36.7,21.5,32.3,30.8,32.4,33.2,41.1,38.8,36.4,33.6,73.0,43.0,2.6,10.7,0.0,5.17,0.0,0.0,12
2019-05-09,29.0,23.0,37.2,26.0,37.7,20.5,32.2,30.6,32.2,33.2,42.1,39.0,36.6,33.6,58.0,39.0,1.9,10.4,0.0,5.35,0.0,0.0,13
2019-05-10,30.2,26.0,36.0,28.2,38.0,24.0,33.7,32.8,33.2,33.4,43.1,39.8,37.6,34.2,70.0,53.0,2.0,10.2,0.0,5.17,0.0,0.0,5
2019-05-11,30.0,26.2,34.3,27.2,37.4,24.0,34.1,32.0,33.6,33.8,42.1,40.0,37.6,34.4,73.0,55.0,1.7,8.1,0.0,5.42,0.0,0.0,9
2019-05-12,30.0,26.0,36.9,26.7,37.0,24.5,34.3,32.0,33.6,34.0,42.7,39.8,37.8,34.4,71.0,43.0,2.2,10.6,0.0,4.46,0.0,0.0,13
2019-05-13,29.5,26.4,36.4,25.2,37.3,23.2,33.9,32.4,34.2,34.4,42.7,40.2,38.2,35.2,77.0,38.0,1.8,9.3,0.0,5.36,0.0,0.0,12
2019-05-14,30.3,26.2,36.5,26.8,37.2,24.0,34.3,32.4,33.8,34.4,43.5,40.4,38.4,35.0,42.0,44.0,2.4,10.8,0.0,5.55,0.0,0.0,1
2019-05-15,30.0,25.5,36.2,26.7,38.0,25.0,34.3,32.6,34.2,34.6,44.3,41.2,38.4,35.4,69.0,46.0,2.1,10.3,12.9,5.48,0.0,0.0,8
2019-05-16,30.0,26.1,35.5,26.0,37.4,24.5,32.9,31.2,32.6,34.0,38.7,37.4,36.0,34.4,73.0,44.0,1.5,8.5,0.5,4.25,0.0,0.0,2
2019-05-17,29.5,26.0,33.5,27.2,32.5,24.2,32.7,30.8,31.8,33.4,39.7,38.2,36.0,33.6,74.0,59.0,1.6,8.6,6.5,3.8,0.0,0.0,12
2019-05-18,30.0,26.0,32.5,26.5,36.8,23.7,31.7,30.6,31.2,32.2,38.9,36.2,34.6,33.0,71.0,61.0,2.1,9.6,1.2,5.44,0.0,0.0,5
2019-05-19,30.2,26.4,35.2,26.8,36.0,24.0,32.3,30.2,31.4,32.6,38.3,36.6,35.2,33.2,73.0,50.0,1.7,10.2,0.0,4.58,0.0,0.0,2
2019-05-20,29.5,25.7,36.5,27.0,37.0,25.0,32.1,30.4,31.6,32.8,39.9,38.2,36.0,33.2,73.0,45.0,2.2,11.1,0.0,4.47,0.0,0.0,17
2019-05-21,30.5,26.5,30.0,25.0,36.9,24.7,33.1,31.4,32.6,33.4,38.9,38.2,36.6,33.8,72.0,65.0,2.0,8.6,0.0,5.14,0.0,0.0,13
2019-05-22,29.5,26.3,33.0,26.7,36.5,24.5,33.3,31.8,33.4,33.4,40.7,39.4,37.4,34.2,75.0,60.0,1.6,8.5,0.0,4.92,0.0,0.0,13
2019-05-23,29.5,26.0,31.0,26.5,36.3,24.2,34.1,32.6,33.8,34.0,40.9,39.6,37.8,34.6,74.0,69.0,1.9,7.7,0.8,4.21,0.0,0.0,13
2019-05-24,30.5,26.4,34.5,26.4,35.8,25.4,33.7,32.0,33.6,34.4,41.3,39.4,37.4,34.6,70.0,50.0,2.2,10.8,0.0,5.64,0.0,0.0,2
2019-05-25,30.2,26.0,36.4,26.7,37.2,23.7,34.3,32.4,33.8,34.6,43.1,40.4,38.0,35.2,70.0,45.0,2.7,10.2,0.0,6.36,0.0,0.0,13
2019-05-26,31.0,26.2,35.5,26.3,37.5,25.0,34.5,32.8,34.2,34.6,43.9,41.0,38.2,35.4,67.0,46.0,1.8,11.1,0.0,5.93,0.0,0.0,3
2019-05-27,31.0,26.5,36.5,26.3,37.5,26.0,34.7,33.2,34.4,33.0,43.7,41.4,38.6,35.4,69.0,42.0,1.9,10.9,0.0,5.56,0.0,0.0,13
2019-05-28,31.5,27.5,33.2,27.0,38.2,26.0,35.3,33.8,35.2,35.2,43.9,41.0,39.0,35.0,72.0,60.0,2.0,11.0,0.0,5.26,0.0,0.0,13
2019-05-29,31.0,27.5,37.5,28.1,38.4,24.5,35.7,34.0,35.6,35.5,43.9,41.2,39.4,36.0,76.0,47.0,2.7,9.8,0.0,6.07,0.0,0.0,13
2019-05-30,30.8,25.0,38.4,26.8,38.5,25.0,34.9,33.8,35.0,35.6,44.1,41.2,39.2,36.2,61.0,38.0,1.7,9.4,0.0,4.56,0.0,0.0,12
2019-05-31,30.0,26.0,36.5,26.5,37.7,24.6,34.5,32.4,35.2,35.6,41.9,40.2,38.4,35.8,71.0,43.0,1.5,5.9,0.0,4.79,0.0,0.0,11
2019-06-01,30.0,26.3,35.0,25.0,36.0,24.0,33.7,32.8,34.6,35.4,40.1,38.2,37.4,35.4,74.0,42.0,1.7,5.5,0.0,4.39,0.0,0.0,10
2019-06-02,30.5,25.0,36.0,26.5,37.5,24.5,33.7,32.4,34.2,34.6,42.5,39.4,37.6,35.0,62.0,46.0,2.3,5.3,0.0,5.11,0.0,0.0,5
2019-06-03,30.0,26.5,33.0,26.0,35.0,24.5,33.7,32.6,34.4,34.6,38.1,36.4,36.2,34.8,75.0,55.0,2.8,1.8,0.0,4.46,0.0,0.0,5
2019-06-04,31.0,25.3,32.5,25.8,36.7,24.5,34.1,32.4,33.6,34.2,42.1,39.8,37.8,35.0,62.0,56.0,3.2,8.1,0.0,4.23,0.0,0.0,13
2019-06-05,31.0,25.4,32.2,26.5,36.5,23.7,34.3,32.8,34.2,34.4,39.5,38.4,37.6,35.2,62.0,63.0,2.6,6.6,0.0,4.3,0.0,0.0,13
2019-06-06,30.5,26.8,34.5,26.5,36.5,24.7,33.9,32.0,34.0,34.6,41.5,39.6,38.2,35.4,73.0,51.0,2.5,8.8,0.0,5.51,0.0,0.0,10
2019-06-07,31.0,25.5,34.5,26.5,36.7,24.5,34.3,33.0,34.4,35.0,41.7,39.2,37.8,35.4,65.0,51.0,2.8,9.3,0.0,4.97,0.0,0.0,12
2019-06-08,31.0,25.0,35.0,26.5,36.3,23.5,34.1,32.8,34.4,35.0,41.7,39.6,38.2,35.4,60.0,50.0,3.9,7.7,0.0,4.59,0.0,0.0,10
2019-06-09,31.0,25.0,35.4,26.0,37.6,25.3,34.1,32.8,34.2,35.0,42.3,40.0,38.4,35.4,60.0,45.0,3.7,8.5,0.0,4.99,0.0,0.0,17
2019-06-10,30.5,25.0,31.5,32.3,35.2,24.0,34.3,33.2,34.6,35.0,38.7,37.2,36.8,35.4,62.0,47.0,2.7,1.9,0.0,5.8,0.0,0.0,5
2019-06-11,29.7,25.2,34.5,25.5,36.0,24.5,33.3,32.4,33.8,34.4,40.9,39.0,37.6,35.4,67.0,46.0,6.2,11.0,0.0,6.6,0.0,0.0,2
2019-06-12,32.2,24.7,33.0,24.3,35.5,25.5,33.7,32.6,34.4,34.6,41.0,39.2,37.6,35.4,52.0,47.0,7.1,10.08,0.0,7.5,0.0,0.0,13
2019-06-13,31.5,25.0,33.0,25.0,34.8,24.5,33.5,32.6,34.2,34.6,44.1,39.0,37.6,34.8,56.0,50.0,6.5,10.06,0.0,8.96,0.0,0.0,13
2019-06-14,30.5,25.0,35.0,26.4,36.0,23.7,33.9,32.6,34.2,34.6,41.9,39.4,37.6,35.2,62.0,49.0,3.8,10.8,0.0,5.08,0.0,0.0,13
2019-06-15,29.7,25.5,36.0,25.7,37.0,24.0,33.5,32.4,34.2,35.0,42.9,40.4,38.4,35.2,70.0,42.0,3.8,10.03,0.0,6.17,0.0,0.0,10
2019-06-16,31.5,26.0,37.5,27.5,38.0,24.0,34.5,33.2,34.4,35.2,43.7,41.2,39.2,35.8,62.0,44.0,3.5,8.7,0.0,6.05,0.0,0.0,10
2019-06-17,31.0,25.2,35.2,26.7,36.2,24.5,34.3,33.4,34.6,35.4,41.3,39.4,37.8,35.4,60.0,50.0,4.8,11.03,0.0,6.49,0.0,0.0,10
2019-06-18,32.3,25.7,35.5,26.0,36.3,24.5,34.7,33.0,34.6,35.4,42.1,40.2,38.2,35.4,57.0,44.0,6.3,9.7,0.0,7.12,0.0,0.0,10
2019-06-19,31.7,25.0,35.0,25.5,36.0,26.5,33.7,32.8,34.6,35.4,41.9,39.8,38.0,35.4,55.0,45.0,7.1,9.0,0.0,7.58,0.0,0.0,13
2019-06-20,31.0,25.5,33.2,25.0,36.0,26.5,33.7,33.0,34.6,35.4,40.9,39.6,37.8,35.4,63.0,49.0,7.3,8.4,0.0,7.96,0.0,0.0,13
2019-06-21,31.5,25.0,33.5,25.3,35.0,27.0,34.1,33.0,34.6,34.6,40.7,38.6,37.0,35.4,56.0,49.0,8.6,6.7,0.0,6.51,0.0,0.0,13
2019-06-22,30.5,24.8,32.5,25.5,35.0,25.5,33.5,32.6,34.2,34.8,45.7,38.6,37.6,35.2,61.0,55.0,7.9,8.6,0.0,7.01,0.0,0.0,13
2019-06-23,31.0,24.0,35.2,26.5,36.0,24.0,33.5,32.8,34.4,34.6,41.7,39.8,38.0,35.4,54.0,47.0,5.6,10.3,0.0,7.66,0.0,0.0,13
2019-06-24,32.0,25.0,35.7,26.0,36.7,24.5,33.7,32.6,34.0,34.8,42.3,40.0,38.0,35.4,55.0,43.0,4.6,10.8,0.0,7.19,0.0,0.0,13
2019-06-25,29.0,25.8,33.2,25.4,35.0,23.5,33.3,32.6,34.4,35.0,40.3,38.6,37.4,35.2,76.0,51.0,3.2,4.0,0.0,6.18,0.0,0.0,5
2019-06-26,28.5,25.0,34.0,25.0,35.5,23.0,32.7,32.0,34.0,34.6,40.5,38.2,36.8,34.8,73.0,46.0,3.0,5.0,0.0,6.49,0.0,0.0,13
2019-06-27,29.5,24.5,36.5,25.5,37.0,22.7,32.5,31.8,33.6,34.6,42.1,40.0,37.6,35.0,65.0,39.0,4.2,11.2,0.0,7.01,0.0,0.0,9
2019-06-28,31.0,24.0,35.2,24.5,36.5,22.0,33.1,32.2,33.8,34.6,42.3,40.0,37.8,35.4,54.0,39.0,5.1,9.3,0.0,7.5,0.0,0.0,13
2019-06-29,30.7,24.0,35.2,24.3,36.7,25.0,32.5,31.8,33.6,34.4,42.1,40.0,37.6,35.2,53.0,38.0,6.4,8.8,0.0,7.63,0.0,0.0,13
2019-06-30,30.7,24.2,33.5,24.4,35.0,23.0,33.3,32.2,34.4,38.2,40.1,38.6,37.2,35.0,56.0,44.0,5.2,9.2,0.0,6.6,0.0,0.0,15
2019-07-01,29.7,24.7,35.0,24.5,36.8,23.0,33.1,32.0,33.6,34.4,42.1,39.8,37.6,35.0,71.0,40.0,4.4,8.5,0.0,7.77,0.0,0.0,13
2019-07-02,29.4,24.4,34.0,25.2,36.0,23.0,32.9,32.0,33.6,34.4,41.5,39.6,37.6,35.0,65.0,47.0,4.2,8.9,0.0,6.22,0.0,0.0,10
2019-07-03,30.5,25.0,36.5,26.0,36.8,22.5,33.5,32.6,33.6,34.4,41.5,40.0,37.4,35.0,62.0,41.0,4.3,10.8,0.0,6.42,0.0,0.0,13
2019-07-04,29.5,25.0,36.5,25.5,37.5,25.2,33.3,32.4,34.2,35.0,43.1,40.4,37.4,35.4,67.0,39.0,4.5,10.8,0.0,5.98,0.0,0.0,13
2019-07-05,29.8,25.0,36.0,25.0,37.5,25.2,34.1,32.6,34.6,34.8,42.5,40.0,38.4,35.4,66.0,38.0,4.2,10.2,0.0,5.93,0.0,0.0,10
2019-07-06,29.5,24.4,35.5,25.0,36.0,22.5,33.5,32.4,34.2,35.0,45.3,39.0,37.6,35.4,63.0,40.0,4.4,9.1,0.0,5.93,0.0,0.0,10
2019-07-07,28.5,23.5,36.0,26.0,36.7,22.5,32.3,31.6,33.6,34.4,41.9,39.6,37.6,35.4,64.0,43.0,4.2,8.4,0.0,4.88,0.0,0.0,13
2019-07-08,30.5,24.4,37.5,25.5,37.7,24.0,33.5,32.2,33.8,34.6,43.9,40.8,38.4,35.4,58.0,35.0,3.9,11.4,0.0,4.65,0.0,0.0,13
2019-07-09,30.2,25.5,32.0,25.7,37.4,23.0,34.1,33.0,34.4,35.4,41.7,40.4,38.6,35.6,68.0,59.0,2.2,8.6,5.2,6.13,0.0,0.0,10
2019-07-10,28.5,25.7,33.4,25.0,36.0,24.5,31.7,30.8,32.8,34.4,38.1,38.0,37.0,34.6,79.0,48.0,3.0,9.0,0.0,6.76,0.0,0.0,13
2019-07-11,28.5,25.0,36.2,26.0,37.0,24.0,31.3,30.4,32.2,34.0,39.7,38.2,36.8,34.2,73.0,42.0,2.1,11.1,0.0,7.4,0.0,0.0,13
2019-07-12,30.0,26.0,36.5,26.5,37.8,21.0,32.5,31.4,32.6,33.8,42.1,40.2,38.6,34.6,71.0,43.0,2.7,9.5,9.4,5.23,0.0,0.0,13
2019-07-13,30.0,26.0,33.0,26.5,33.5,21.8,31.5,30.2,31.4,33.6,34.1,33.6,33.8,33.4,71.0,59.0,1.7,7.4,1.4,3.29,0.0,0.0,5
2019-07-14,27.5,24.5,34.5,26.0,35.7,22.2,30.1,28.8,30.0,32.2,37.7,36.8,35.2,33.0,77.0,48.0,2.4,9.4,0.6,5.17,0.0,0.0,13
2019-07-15,28.5,24.5,32.5,25.5,35.2,22.5,30.3,29.2,30.4,32.2,36.9,36.6,35.8,32.8,71.0,55.0,3.5,8.2,0.0,3.79,0.0,0.0,5
2019-07-16,30.5,24.5,35.0,26.0,36.0,24.0,31.3,30.0,31.2,32.6,38.1,37.6,35.8,33.0,59.0,47.0,2.8,10.5,0.0,5.24,0.0,0.0,13
2019-07-17,28.0,26.0,35.5,26.5,35.0,23.5,31.6,30.6,31.8,33.0,37.9,37.2,35.8,33.2,85.0,47.0,4.2,6.5,0.0,6.67,0.0,0.0,10
2019-07-18,30.5,25.5,32.5,26.0,34.5,25.5,31.5,30.6,31.4,32.8,38.5,37.4,35.8,33.2,66.0,57.0,10.5,11.3,0.0,5.08,0.0,0.0,13
2019-07-19,30.0,24.5,31.5,24.5,33.5,25.5,31.5,30.8,32.2,33.0,37.7,36.0,35.8,33.4,63.0,54.0,9.8,8.3,0.0,5.58,0.0,0.0,13
2019-07-20,30.5,24.5,31.0,24.5,33.5,26.2,32.3,31.4,32.6,33.2,36.3,35.8,35.6,33.4,59.0,52.0,10.0,4.8,0.0,6.54,0.0,0.0,13
2019-07-21,29.0,24.0,31.5,25.0,33.5,24.0,31.1,30.8,32.2,33.0,36.3,35.4,34.2,33.6,64.0,56.0,5.3,1.0,0.0,5.82,0.0,0.0,13
2019-07-22,27.7,25.5,32.0,25.0,34.0,23.5,31.5,30.6,32.2,32.8,39.7,37.0,35.2,33.0,83.0,55.0,3.3,2.3,0.0,5.44,0.0,0.0,5
2019-07-23,27.5,24.7,34.5,26.0,35.2,22.0,31.5,30.6,32.0,32.8,42.7,38.8,36.2,33.0,79.0,48.0,4.0,8.0,0.0,5.84,0.0,0.0,10
2019-07-24,30.2,24.0,35.5,25.0,37.2,22.5,33.1,31.2,32.4,33.4,45.7,41.0,37.6,34.0,58.0,40.0,2.3,10.4,0.0,5.51,0.0,0.0,13
2019-07-25,29.5,24.5,33.7,25.4,36.5,23.0,33.5,32.8,33.0,34.0,44.5,40.6,37.8,34.4,65.0,48.0,2.3,10.8,0.0,5.18,0.0,0.0,13
2019-07-26,30.0,24.2,32.0,25.0,33.2,21.5,34.1,32.2,33.6,34.4,41.1,38.0,36.6,34.2,64.0,55.0,4.8,8.9,0.0,5.49,0.0,0.0,13
2019-07-27,29.2,24.2,34.5,25.2,35.5,21.2,32.7,31.0,32.6,33.6,43.3,38.6,36.6,34.2,64.0,44.0,3.9,9.9,0.0,5.08,0.0,0.0,13
2019-07-28,29.5,24.5,35.0,25.5,35.7,24.8,32.7,31.0,32.2,33.6,44.3,39.8,37.2,34.4,65.0,45.0,4.2,10.8,0.0,6.8,0.0,0.0,13
2019-07-29,30.5,24.5,34.5,25.0,35.0,22.2,33.9,31.6,33.0,33.8,43.5,39.6,37.4,34.4,59.0,43.0,3.7,9.6,0.0,6.65,0.0,0.0,13
2019-07-30,29.0,24.5,35.5,25.5,37.0,23.0,32.9,31.2,33.0,34.0,44.5,40.4,38.2,35.0,68.0,43.0,2.4,11.2,0.0,6.27,0.0,0.0,13
2019-07-31,29.5,25.0,34.0,25.6,36.2,23.0,34.1,32.4,34.2,34.4,44.1,40.8,38.4,35.2,67.0,49.0,2.4,7.2,0.0,5.6,0.0,0.0,13
2019-08-01,29.0,25.2,36.5,24.0,37.0,23.7,33.9,32.6,33.8,34.7,46.9,42.0,38.8,35.4,72.0,41.0,3.4,10.8,0.0,6.13,0.0,0.0,10
2019-08-02,29.0,25.0,32.8,24.7,35.7,22.5,33.7,32.8,34.6,35.2,41.3,39.0,37.6,35.4,71.0,51.0,3.0,5.7,0.0,4.9,0.0,0.0,5
2019-08-03,29.0,25.0,36.2,24.0,36.8,21.5,33.9,32.0,33.8,34.8,45.3,40.8,38.2,35.4,71.0,40.0,3.7,10.8,0.0,6.29,0.0,0.0,10
2019-08-04,30.0,25.0,34.7,23.5,36.2,22.0,33.7,32.2,33.8,34.8,43.3,39.8,37.8,35.2,65.0,45.0,3.2,9.8,0.0,5.84,0.0,0.0,9
2019-08-05,30.0,24.7,34.5,24.2,35.8,23.5,34.3,32.4,33.8,34.8,44.1,40.4,38.2,35.4,64.0,43.0,5.6,8.8,0.0,6.74,0.0,0.0,13
2019-08-06,31.0,24.8,35.0,25.0,36.0,22.0,34.1,32.6,34.2,35.0,46.3,40.8,38.2,35.4,58.0,45.0,4.9,11.0,0.0,5.15,0.0,0.0,9
2019-08-07,28.0,24.8,31.5,25.5,34.7,22.5,33.1,32.0,33.8,35.0,40.3,38.2,36.8,35.0,76.0,56.0,5.1,5.3,7.2,5.98,0.0,0.0,9
2019-08-08,27.2,24.3,30.0,25.0,32.0,24.7,30.1,29.8,32.6,34.4,34.9,34.6,34.0,34.2,78.0,60.0,6.3,5.0,0.0,5.95,0.0,0.0,13
2019-08-09,28.7,23.8,30.2,25.5,32.0,23.8,29.3,28.8,30.4,33.2,35.5,34.8,34.2,33.4,64.0,55.0,6.6,3.8,0.0,5.32,0.0,0.0,13
2019-08-10,31.2,24.6,30.0,25.5,34.6,25.3,31.5,29.8,31.0,32.8,37.3,36.6,35.6,33.2,57.0,59.0,3.2,6.8,0.0,5.96,0.0,0.0,13
2019-08-11,29.5,24.5,33.0,25.0,35.5,25.0,32.3,30.6,31.6,33.2,41.5,39.0,36.6,33.8,65.0,49.0,7.3,8.1,0.0,6.71,0.0,0.0,13
2019-08-12,30.5,25.5,30.0,26.0,30.5,22.5,33.1,31.2,32.4,33.8,37.3,36.6,35.4,32.2,66.0,59.0,4.7,6.9,0.0,5.01,0.0,0.0,13
2019-08-13,29.7,24.6,30.2,24.2,36.0,24.5,34.3,31.8,32.8,34.2,40.1,39.2,37.0,34.4,64.0,59.0,4.9,9.2,0.0,5.68,0.0,0.0,13
2019-08-14,30.5,24.5,32.5,25.0,35.0,24.0,34.3,32.2,32.8,34.0,41.9,38.8,36.2,34.4,59.0,52.0,6.0,8.0,0.0,6.34,0.0,0.0,13
2019-08-15,30.5,24.0,34.0,25.0,35.5,23.5,34.1,31.8,32.2,34.0,44.5,40.0,37.0,34.0,56.0,46.0,4.5,8.7,0.0,5.62,0.0,0.0,8
2019-08-16,30.0,24.5,30.5,25.6,36.2,21.5,33.9,32.0,33.6,34.4,42.3,39.8,37.6,34.6,63.0,66.0,3.5,7.0,45.6,5.06,0.0,0.0,13
2019-08-17,26.5,25.0,29.5,25.8,31.0,22.0,31.1,29.2,30.4,32.4,33.1,32.0,32.2,32.4,87.0,73.0,2.1,0.5,0.7,3.47,0.0,0.0,10
2019-08-18,28.0,25.5,26.5,24.5,35.0,22.5,30.9,28.8,29.6,31.6,30.5,34.0,34.0,32.0,82.0,84.0,2.8,7.0,12.2,4.28,0.0,0.0,5
2019-08-19,28.5,25.8,32.0,25.0,35.2,22.0,31.5,29.0,30.0,31.8,36.9,35.8,34.6,32.2,78.0,55.0,1.9,8.7,0.3,4.2,0.0,0.0,10
2019-08-20,28.0,25.2,34.5,25.5,35.6,22.5,31.3,29.0,30.2,31.8,38.7,36.4,34.4,32.4,79.0,46.0,2.5,10.4,0.0,5.48,0.0,0.0,5
2019-08-21,29.5,25.5,33.0,25.5,34.0,23.0,31.1,29.6,30.6,34.2,38.1,36.6,34.8,32.8,71.0,53.0,4.7,10.9,0.0,5.15,0.0,0.0,13
2019-08-22,28.0,24.5,29.5,23.5,32.2,21.0,30.5,29.4,30.8,32.4,34.1,32.2,33.0,32.4,74.0,58.0,4.7,5.0,0.0,4.16,0.0,0.0,13
2019-08-23,29.0,24.0,30.5,24.3,31.2,23.5,30.3,29.2,30.4,31.8,33.3,32.0,32.0,31.8,64.0,58.0,3.8,0.7,0.0,3.62,0.0,0.0,13
2019-08-24,28.5,23.5,33.0,25.0,34.5,23.5,30.3,28.6,29.6,31.4,37.1,34.8,33.4,32.0,64.0,50.0,3.6,5.3,0.0,3.81,0.0,0.0,5
2019-08-25,28.0,24.0,32.0,25.0,34.0,22.5,30.5,29.0,30.2,31.8,36.3,34.6,33.4,32.2,70.0,55.0,4.5,6.3,0.0,5.76,0.0,0.0,13
2019-08-26,29.0,24.5,31.0,23.7,33.5,23.0,30.9,29.2,30.4,32.0,36.1,34.4,33.4,32.0,68.0,52.0,3.6,2.5,0.0,4.02,0.0,0.0,13
2019-08-27,25.0,24.3,33.0,25.0,34.0,22.0,30.3,29.2,30.4,31.8,37.1,35.0,33.6,32.4,95.0,50.0,2.9,6.3,0.0,5.26,0.0,0.0,13
2019-08-28,29.0,24.8,34.0,25.8,34.5,21.5,31.5,29.6,30.4,32.2,38.7,35.6,33.8,32.4,70.0,50.0,3.4,8.2,0.0,5.93,0.0,0.0,13
2019-08-29,30.0,24.5,34.5,25.5,36.0,24.4,32.5,29.8,30.6,32.4,39.9,36.8,34.6,33.0,63.0,46.0,6.2,10.9,0.0,6.02,0.0,0.0,13
2019-08-30,29.5,24.0,33.0,24.0,34.5,23.5,32.1,30.6,31.4,32.6,39.7,36.8,35.0,33.2,61.0,45.0,6.8,8.4,0.0,7.25,0.0,0.0,15
2019-08-31,31.0,24.0,33.5,25.0,35.5,21.5,32.3,31.0,31.2,32.2,40.3,37.8,34.6,33.0,54.0,47.0,5.5,10.6,0.0,7.25,0.0,0.0,13
2019-09-01,29.5,25.0,31.5,25.0,36.5,21.5,32.3,30.2,31.6,32.0,39.3,36.8,35.2,33.2,67.0,56.0,4.1,9.7,0.0,5.9,0.0,0.0,5
2019-09-02,29.0,25.0,34.0,25.0,35.4,22.0,32.3,30.4,31.6,32.8,40.3,27.0,35.6,33.2,71.0,46.0,4.3,10.2,0.0,6.47,0.0,0.0,13
2019-09-03,29.5,25.0,34.5,25.5,35.7,24.5,33.1,30.6,31.8,33.2,40.7,37.6,35.8,33.4,67.0,46.0,4.2,10.4,0.0,6.67,0.0,0.0,13
2019-09-04,30.0,24.8,33.7,25.0,36.0,22.0,32.7,33.8,32.0,33.2,39.1,36.8,35.6,33.6,64.0,46.0,4.5,7.1,0.0,5.64,0.0,0.0,13
2019-09-05,29.5,24.5,32.0,25.0,35.0,22.0,32.7,31.0,32.0,33.2,40.1,37.0,35.6,33.4,65.0,55.0,4.2,8.1,0.0,5.12,0.0,0.0,13
2019-09-06,29.5,25.0,32.5,25.2,35.0,22.0,33.5,31.0,32.0,33.4,42.5,38.4,36.4,33.6,67.0,53.0,5.4,9.8,0.0,5.73,0.0,0.0,15
2019-09-07,31.5,24.0,34.5,24.5,36.2,23.3,34.3,32.6,32.4,33.4,44.7,39.8,36.8,34.0,51.0,41.0,6.5,10.8,0.0,6.44,0.0,0.0,13
2019-09-08,31.5,23.7,36.5,26.0,37.0,22.0,34.7,32.0,33.0,33.8,45.7,40.4,37.6,34.2,50.0,36.0,4.0,10.3,0.0,5.65,0.0,0.0,13
2019-09-09,30.5,24.5,36.5,25.5,37.5,23.0,35.5,32.4,33.4,34.2,46.1,41.0,38.2,34.7,59.0,39.0,2.9,8.6,0.0,6.5,0.0,0.0,10
2019-09-10,30.5,24.5,27.5,25.5,38.6,22.7,35.5,32.8,33.8,34.6,37.7,39.8,39.0,35.0,59.0,85.0,2.2,8.7,9.2,5.27,0.0,0.0,13
2019-09-11,29.2,25.0,27.0,24.7,36.0,22.0,33.3,30.6,31.6,33.7,35.7,36.8,36.2,33.8,70.0,83.0,2.0,6.9,0.5,5.28,0.0,0.0,9
2019-09-12,28.7,25.0,28.7,24.8,33.0,22.0,32.1,29.8,30.6,32.6,32.1,32.0,33.0,33.0,72.0,71.0,2.0,3.6,3.3,3.79,0.0,0.0,0
2019-09-13,27.5,25.0,29.0,25.5,34.7,21.5,30.7,28.4,29.4,31.6,35.7,35.0,34.2,32.4,80.0,75.0,2.6,5.5,1.6,4.4,0.0,0.0,13
2019-09-14,26.0,24.8,26.3,24.8,34.5,21.0,29.5,28.4,29.6,31.8,32.5,33.6,33.8,32.4,90.0,87.0,1.7,4.7,2.3,3.51,0.0,0.0,13
2019-09-15,28.0,24.0,31.5,24.5,33.6,22.0,31.9,29.2,29.8,31.6,36.5,35.0,33.8,32.2,70.0,54.0,1.9,6.3,0.0,5.82,0.0,0.0,8
2019-09-16,27.8,24.5,31.0,24.0,34.1,22.0,30.1,28.8,29.8,31.8,36.1,34.8,33.6,31.7,76.0,54.0,4.2,3.8,0.0,4.61,0.0,0.0,8
2019-09-17,29.5,24.8,33.5,25.2,35.1,21.5,32.1,29.6,30.0,31.6,40.5,37.4,35.0,32.4,66.0,48.0,4.9,9.6,0.0,5.24,0.0,0.0,10
2019-09-18,30.0,24.3,34.5,25.0,36.0,22.0,33.3,30.2,31.0,32.2,41.1,37.4,35.6,32.6,61.0,43.0,2.4,8.8,0.0,5.39,0.0,0.0,10
2019-09-19,30.0,24.5,29.0,24.7,35.0,21.5,34.1,30.8,31.6,32.6,37.3,36.8,35.8,33.2,63.0,70.0,2.2,6.6,0.0,4.59,0.0,0.0,4
2019-09-20,29.0,24.6,32.0,25.0,35.5,22.5,33.5,30.4,31.4,32.4,39.9,37.2,35.0,33.2,68.0,55.0,3.4,6.3,0.0,5.73,0.0,0.0,10
2019-09-21,29.5,25.0,32.5,27.0,36.0,22.5,34.5,31.2,32.0,32.6,39.9,37.8,36.0,33.2,67.0,63.0,2.3,8.0,8.2,4.72,0.0,0.0,5
2019-09-22,28.0,25.5,26.5,24.0,34.3,21.5,32.5,30.2,30.4,32.4,33.7,34.6,34.2,33.0,82.0,84.0,2.1,5.5,0.0,3.18,0.0,0.0,10
2019-09-23,27.2,25.0,28.0,24.5,34.1,22.4,30.3,28.6,30.0,31.8,37.7,36.2,34.2,32.2,83.0,74.0,2.1,5.1,17.3,2.57,0.0,0.0,5
2019-09-24,27.5,25.0,30.5,26.0,32.0,22.0,31.1,28.8,29.8,31.4,34.9,33.2,32.4,31.8,80.0,68.0,1.5,3.0,0.3,2.96,0.0,0.0,13
2019-09-25,27.5,25.5,26.0,23.5,31.5,20.8,30.7,28.6,29.6,31.2,31.9,31.8,32.0,31.4,85.0,76.0,2.1,3.5,15.5,2.74,0.0,0.0,13
2019-09-26,26.0,24.0,24.5,23.5,31.5,21.0,30.5,28.0,28.8,30.6,30.5,31.0,31.4,30.8,84.0,91.0,1.4,4.0,5.2,2.19,0.0,0.0,15
2019-09-27,27.8,24.6,30.5,25.7,31.5,22.5,30.3,28.2,28.8,30.4,33.9,32.2,31.4,30.4,76.0,67.0,1.3,3.1,0.0,2.55,0.0,0.0,5
2019-09-28,26.5,25.0,27.0,24.7,30.0,21.0,29.7,28.2,29.4,30.6,33.1,31.6,31.2,30.6,87.0,83.0,1.6,1.9,7.6,2.52,0.0,0.0,9
2019-09-29,24.5,24.0,29.0,25.0,31.5,21.5,28.1,27.2,28.6,30.2,32.7,31.6,31.0,30.6,95.0,71.0,1.8,3.4,20.5,4.27,0.0,0.0,5
2019-09-30,26.5,24.7,30.6,25.5,33.3,20.6,31.3,28.4,28.8,30.4,36.5,34.8,32.6,30.8,86.0,66.0,2.2,7.9,1.5,4.08,0.0,0.0,8
2019-10-01,27.8,25.0,28.5,25.8,33.5,21.5,31.5,28.6,29.2,30.4,35.3,33.8,32.8,31.2,79.0,79.0,1.4,9.0,1.1,4.05,0.0,0.0,13
2019-10-02,26.0,24.2,32.0,26.0,33.0,21.5,29.1,28.0,29.4,30.4,36.5,34.2,32.4,31.0,85.0,61.0,1.8,8.4,0.0,3.38,0.0,0.0,10
2019-10-03,29.2,25.0,30.5,26.0,34.0,21.5,31.9,29.0,29.6,31.0,35.9,34.2,32.6,31.2,70.0,68.0,1.6,8.7,0.0,4.14,0.0,0.0,5
2019-10-04,27.0,25.0,33.2,26.0,35.5,21.5,30.9,28.8,29.4,31.0,39.7,36.4,34.0,31.6,84.0,54.0,1.8,9.0,1.1,3.7,0.0,0.0,8
2019-10-05,27.5,25.0,32.0,26.0,33.5,21.0,31.5,29.0,30.0,31.4,38.5,35.8,34.0,30.0,80.0,60.0,1.7,9.8,0.0,3.14,0.0,0.0,13
2019-10-06,27.5,25.0,26.0,24.5,33.2,21.0,31.5,29.2,30.4,31.6,37.3,35.4,33.6,31.8,80.0,88.0,2.0,6.5,53.3,3.06,0.0,0.0,5
2019-10-07,26.2,24.7,32.1,25.0,33.5,21.7,29.9,27.4,28.6,30.4,37.7,34.8,32.8,31.2,89.0,54.0,2.5,9.1,15.9,4.03,0.0,0.0,5
2019-10-08,26.2,24.5,31.5,25.5,32.7,21.7,30.3,28.0,28.8,30.6,36.5,34.2,32.8,31.2,87.0,60.0,1.4,7.2,2.2,3.52,0.0,0.0,13
2019-10-09,26.5,25.0,33.2,26.5,34.0,21.7,30.1,28.2,29.4,30.8,38.9,35.6,33.6,31.4,87.0,58.0,2.1,6.9,0.0,3.0,0.0,0.0,4
2019-10-10,28.8,25.5,30.5,25.0,33.2,22.0,32.1,29.2,30.0,31.4,39.1,35.6,33.6,31.6,76.0,62.0,1.7,8.3,0.0,3.08,0.0,0.0,13
2019-10-12,26.8,24.5,29.5,26.8,33.0,24.2,31.5,28.0,29.2,29.8,36.7,34.6,32.6,30.6,83.0,79.0,1.8,8.8,0.7,1.9,0.0,0.0,13
2019-10-13,28.5,25.5,29.0,26.0,33.5,23.5,32.7,28.8,29.0,30.4,35.9,34.8,32.6,31.0,78.0,78.0,1.6,8.7,1.5,3.92,0.0,0.0,8
2019-10-14,28.0,26.0,31.5,25.5,33.0,24.0,32.1,29.0,29.6,30.8,37.5,35.2,33.2,31.4,85.0,60.0,1.7,10.5,0.0,4.05,0.0,0.0,8
2019-10-15,29.2,25.5,30.7,24.6,32.5,22.0,33.1,29.4,30.0,31.2,31.9,31.6,32.0,31.6,74.0,58.0,1.3,5.1,0.0,4.34,0.0,0.0,13
2019-10-16,26.0,25.0,26.0,24.5,31.0,22.0,29.3,27.8,29.2,30.5,31.7,31.2,30.2,30.8,92.0,88.0,1.4,3.7,4.8,2.55,0.0,0.0,13
2019-10-17,27.3,25.2,31.0,26.7,32.5,21.2,32.3,28.6,29.0,30.2,37.1,34.0,32.8,31.0,83.0,71.0,1.8,7.3,2.2,3.6,0.0,0.0,8
2019-10-18,27.0,25.5,30.5,26.5,31.5,22.0,31.5,28.8,29.4,30.6,33.9,32.4,31.8,31.0,89.0,72.0,1.1,6.0,3.9,2.01,0.0,0.0,13
2019-10-19,27.0,25.2,26.0,24.7,30.2,22.0,30.3,28.0,29.2,30.4,31.5,30.6,31.2,30.6,86.0,90.0,1.2,2.8,3.7,0.17,0.0,0.0,13
2019-10-20,26.0,25.0,25.0,24.0,30.3,22.0,29.5,27.4,28.4,30.0,29.1,29.2,30.2,30.2,92.0,92.0,0.9,3.7,30.5,1.79,0.0,0.0,13
2019-10-21,27.2,25.5,27.2,24.4,32.5,22.0,31.5,28.0,28.6,29.8,32.3,31.6,31.4,30.4,87.0,78.0,2.6,5.8,5.7,2.68,0.0,0.0,13
2019-10-22,27.0,25.0,28.2,24.5,31.0,21.5,30.7,27.8,28.4,29.8,31.3,30.4,30.8,30.4,84.0,73.0,1.8,3.4,5.6,2.44,0.0,0.0,10
2019-10-23,28.7,26.0,26.5,24.8,33.0,22.0,31.7,27.8,28.4,29.8,31.1,30.8,31.0,30.2,79.0,86.0,1.7,5.4,4.0,2.36,0.0,0.0,13
2019-10-24,26.5,25.0,26.5,23.5,28.5,21.5,30.3,27.8,28.4,29.6,30.7,29.6,29.8,30.0,87.0,77.0,3.1,0.0,0.0,2.72,0.0,0.0,8
2019-10-25,28.0,25.0,30.5,25.0,32.5,22.0,31.1,27.4,28.0,29.4,34.9,32.6,31.6,30.2,77.0,62.0,3.1,5.4,5.3,2.26,0.0,0.0,13
2019-10-26,25.2,24.5,26.0,24.5,27.0,21.5,28.5,27.2,28.6,29.8,29.9,27.8,30.0,29.4,95.0,88.0,0.8,0.0,0.7,0.2,0.0,0.0,0
2019-10-27,24.5,23.0,26.5,23.0,27.2,21.0,27.9,26.2,27.8,29.0,29.7,27.8,28.2,29.0,87.0,72.0,1.3,1.2,43.5,0.47,0.0,0.0,8
2019-10-28,25.0,23.8,24.0,23.5,27.5,21.2,29.1,26.4,27.2,28.4,28.3,27.8,28.6,28.6,90.0,96.0,1.5,2.1,53.2,0.69,0.0,0.0,8
2019-10-29,25.5,24.5,27.5,25.2,28.0,21.2,28.3,26.2,27.0,28.2,31.3,28.8,28.2,28.2,92.0,81.0,2.2,1.6,3.2,1.2,0.0,0.0,8
2019-10-30,26.0,24.0,30.5,25.7,31.0,21.5,29.1,26.4,27.2,28.2,34.1,31.8,30.2,28.8,84.0,67.0,1.4,7.6,20.0,2.73,0.0,0.0,15
2019-10-31,25.0,24.5,28.2,25.2,29.7,20.0,27.7,26.2,27.4,28.5,30.9,29.8,29.6,28.8,92.0,77.0,1.6,1.9,0.0,3.22,0.0,0.0,5
2019-11-01,27.5,25.5,32.0,25.5,32.6,22.5,30.3,26.6,27.2,28.4,35.9,33.8,31.6,29.4,79.0,58.0,1.3,11.0,0.0,3.6,0.0,0.0,10
2019-11-02,26.4,25.5,30.0,25.5,32.5,21.5,29.1,27.6,28.4,29.4,33.3,31.4,30.8,27.6,89.0,69.0,1.3,6.0,0.0,3.56,0.0,0.0,8
2019-11-03,28.0,25.0,26.7,25.0,31.5,21.0,31.5,27.6,28.2,29.2,31.1,30.6,30.4,29.6,82.0,86.0,1.1,5.8,1.2,2.57,0.0,0.0,13
2019-11-04,27.5,24.8,28.5,25.0,32.2,21.7,30.3,27.0,28.0,29.2,34.3,32.0,31.2,29.6,85.0,75.0,1.3,9.8,5.4,2.86,0.0,0.0,13
2019-11-05,27.5,25.0,31.0,24.5,32.0,21.5,31.5,27.8,28.4,29.6,35.7,33.0,31.6,30.2,80.0,52.0,1.8,9.2,0.0,3.11,0.0,0.0,8
2019-11-06,27.0,25.0,31.2,24.2,32.0,21.7,30.3,27.8,28.8,29.8,35.3,33.0,31.8,30.2,84.0,54.0,2.5,9.9,0.0,4.14,0.0,0.0,13
2019-11-07,28.0,25.0,32.5,25.5,33.5,22.0,29.7,27.8,28.4,29.8,36.9,34.0,32.2,30.6,77.0,55.0,1.7,9.8,0.0,4.05,0.0,0.0,8
2019-11-08,28.5,25.4,32.0,26.8,33.7,21.0,31.1,28.0,29.4,30.4,36.1,34.2,32.8,30.8,80.0,65.0,1.4,7.4,6.0,1.99,0.0,0.0,10
2019-11-09,27.5,25.5,30.5,25.2,32.5,21.5,30.9,28.2,29.0,30.4,32.9,32.4,32.0,30.8,85.0,63.0,1.3,6.8,0.0,1.59,0.0,0.0,13
2019-11-10,28.5,25.5,32.5,25.5,33.0,21.0,31.3,28.4,29.0,30.4,37.5,34.6,32.6,31.0,78.0,55.0,1.0,9.6,0.0,3.22,1.0,0.0,10
2019-11-11,27.8,25.0,31.0,26.0,34.2,21.5,30.9,28.2,29.2,30.4,37.5,34.8,33.0,31.2,79.0,66.0,1.1,10.7,0.0,2.31,0.0,0.0,13
2019-11-12,28.5,25.2,30.5,25.5,33.0,22.0,31.3,28.6,29.6,30.8,36.5,34.0,32.6,31.2,75.0,66.0,1.7,10.5,0.0,3.23,0.0,0.0,13
2019-11-13,28.5,25.7,29.5,25.0,31.5,23.8,31.1,28.4,29.6,30.8,33.7,32.2,31.8,31.0,79.0,67.0,1.3,7.7,0.0,2.95,0.0,0.0,9
2019-11-14,28.0,25.0,30.5,25.5,32.8,22.0,31.5,28.4,29.0,30.4,36.5,34.2,32.4,31.0,77.0,66.0,1.8,10.3,1.2,2.62,0.0,0.0,15
2019-11-15,28.5,25.5,29.0,25.5,32.0,22.0,30.5,28.8,29.4,30.6,30.5,30.6,31.2,31.0,78.0,75.0,1.6,7.3,7.2,3.2,0.0,0.0,10
2019-11-16,26.5,25.5,27.5,25.0,32.5,21.0,30.5,28.2,29.0,30.4,32.1,32.2,31.8,29.8,92.0,80.0,1.7,5.4,1.2,2.26,0.0,0.0,15
2019-11-17,27.5,25.0,32.0,25.0,33.0,21.6,30.3,27.6,28.6,30.2,36.3,24.0,32.6,30.8,80.0,55.0,1.3,10.2,0.0,2.68,0.0,0.0,13
2019-11-18,28.0,25.8,29.5,26.4,31.5,21.5,30.9,28.4,29.6,30.6,33.1,31.6,31.4,30.6,83.0,77.0,1.1,4.4,5.7,2.78,0.0,0.0,13
2019-11-19,26.0,25.0,30.0,26.0,31.0,21.5,28.7,27.4,28.6,30.0,33.7,31.6,30.2,29.6,92.0,71.0,1.0,4.4,2.4,2.81,0.0,0.0,5
2019-11-20,27.5,25.5,29.5,26.2,32.4,20.5,30.5,27.8,28.6,29.8,33.3,31.8,31.2,30.4,85.0,75.0,1.4,6.9,2.2,3.3,0.0,0.0,8
2019-11-21,26.5,25.0,30.0,25.5,32.4,23.0,29.1,27.2,28.2,29.6,33.5,32.2,31.6,30.4,87.0,69.0,1.7,9.9,4.8,3.08,0.0,0.0,8
2019-11-22,25.0,24.4,29.0,25.5,3.2,21.5,28.3,27.6,28.8,29.8,32.9,31.2,30.4,30.2,95.0,75.0,1.7,2.6,3.6,1.38,0.0,0.0,13
2019-11-23,27.0,25.0,29.0,25.9,32.0,22.0,29.5,27.6,28.4,29.6,32.7,31.6,30.4,29.8,84.0,76.0,1.9,4.6,16.0,1.36,0.0,0.0,13
2019-11-24,26.4,25.0,28.2,25.5,30.5,22.0,29.1,29.4,28.4,29.6,31.7,30.6,30.6,29.6,89.0,80.0,1.5,1.7,31.7,1.43,0.0,0.0,10
2019-11-25,25.5,24.5,26.5,25.0,28.0,21.0,28.1,27.0,28.0,29.2,30.3,28.8,29.0,29.2,92.0,87.0,1.4,0.5,35.2,1.84,0.0,0.0,8
2019-11-26,27.7,25.0,25.0,24.5,29.5,21.2,29.5,26.8,27.6,28.6,29.1,28.4,28.8,28.8,79.0,96.0,1.0,3.0,25.1,1.94,0.0,0.0,13
2019-11-27,24.5,24.0,27.5,24.7,30.5,21.0,27.1,25.6,26.6,28.2,31.3,29.8,29.4,28.6,95.0,79.0,1.2,4.1,11.7,1.79,0.0,0.0,13
2019-11-28,26.5,25.0,28.5,24.5,28.0,21.5,28.9,26.8,27.0,28.6,28.7,28.0,28.4,28.8,95.0,71.0,1.2,2.3,45.1,1.0,0.0,0.0,8
2019-11-29,25.2,24.5,26.0,25.0,29.5,22.2,27.7,26.0,27.6,28.4,30.1,29.0,29.6,28.6,95.0,92.0,1.2,0.9,21.5,1.63,0.0,0.0,8
2019-11-30,25.5,24.5,27.0,25.5,29.0,21.5,28.1,26.6,27.6,28.4,30.3,28.0,29.0,28.8,92.0,89.0,1.2,0.7,9.2,1.05,0.0,0.0,8
2019-12-01,25.0,24.0,29.5,26.0,30.5,21.5,28.1,26.8,27.6,28.4,32.3,30.6,29.8,29.0,92.0,74.0,1.3,3.4,23.1,1.4,0.0,0.0,8
2019-12-02,25.0,24.0,27.5,25.5,28.0,21.5,27.3,25.4,27.6,28.6,30.7,28.6,28.4,28.8,92.0,85.0,1.2,1.1,42.0,1.56,0.0,0.0,9
2019-12-03,24.5,23.7,25.5,25.0,30.0,22.0,27.7,26.0,27.4,28.2,29.7,29.4,29.6,28.8,93.0,95.0,0.9,2.4,31.5,0.34,0.0,0.0,0
2019-12-05,25.0,24.5,25.0,24.5,27.0,21.5,27.7,26.0,26.8,28.0,27.9,28.0,28.2,28.2,96.0,96.0,0.8,0.3,31.2,0.58,0.0,0.0,13
2019-12-06,25.0,24.2,29.0,25.0,30.0,21.5,27.7,26.0,26.8,28.0,29.7,31.6,30.0,28.6,93.0,71.0,1.7,6.5,7.8,1.99,0.0,0.0,8
2019-12-07,25.5,24.7,28.0,25.5,28.5,21.2,27.9,26.0,27.4,28.4,30.9,29.2,28.8,27.8,93.0,82.0,1.0,0.9,6.0,1.54,0.0,0.0,8
2019-12-08,26.0,24.7,29.0,2.2,31.0,21.0,28.3,26.0,26.6,28.2,33.5,31.4,29.8,29.4,90.0,72.0,1.6,5.3,0.5,2.16,0.0,0.0,13
2019-12-09,24.0,23.5,26.5,25.0,27.2,21.3,26.1,24.4,26.6,28.2,28.1,27.8,27.6,28.2,96.0,87.0,0.8,0.0,1.8,0.89,0.0,0.0,13
2019-12-11,23.5,23.0,28.0,25.0,29.0,21.5,25.3,24.6,25.8,26.4,32.9,30.4,28.4,27.4,95.0,77.0,0.9,0.4,0.3,1.89,0.0,0.0,10
2019-12-12,26.0,24.0,30.6,25.7,31.5,21.5,28.5,25.6,26.6,27.4,34.7,32.6,30.4,28.2,84.0,67.0,0.9,7.2,0.0,2.34,0.0,0.0,13
2019-12-13,26.2,24.7,28.7,25.4,30.0,24.3,29.5,26.8,27.0,28.0,31.7,30.4,29.8,28.6,89.0,75.0,1.2,6.4,8.2,1.16,0.0,0.0,0
2019-12-14,27.0,24.8,28.8,24.7,31.7,20.4,30.1,26.8,27.2,28.4,32.1,31.0,30.4,28.7,83.0,71.0,2.0,8.6,0.5,2.44,0.0,0.0,0
2019-12-15,27.5,24.4,30.2,25.0,31.0,20.5,30.5,26.6,26.8,28.4,34.3,32.4,31.0,29.2,76.0,64.0,1.6,7.8,0.0,2.17,0.0,0.0,13
2019-12-16,26.7,24.5,30.2,24.5,31.5,21.0,30.1,26.6,27.4,28.6,34.3,32.8,31.2,29.4,83.0,61.0,1.8,7.5,8.1,1.47,0.0,0.0,13
2019-12-18,25.0,24.5,27.5,26.0,29.5,22.0,26.7,25.6,26.4,28.2,30.9,29.4,29.2,28.4,96.0,87.0,2.3,2.1,6.1,0.07,0.0,0.0,13
2019-12-19,26.0,25.0,27.5,25.0,29.0,22.0,27.7,26.0,26.8,28.2,31.1,29.6,29.4,28.6,92.0,80.0,2.5,2.1,84.4,0.44,0.0,0.0,5
2019-12-21,27.0,25.0,26.6,25.4,28.0,22.0,30.5,27.0,26.8,28.0,30.3,28.8,28.6,28.4,84.0,90.0,0.9,0.6,25.0,0.96,0.0,0.0,0
2019-12-22,25.0,24.6,26.0,25.0,27.8,21.5,26.5,25.6,26.6,28.0,29.3,28.0,27.8,28.0,96.0,92.0,1.9,0.3,9.8,0.11,0.0,0.0,13
2019-12-23,26.0,24.0,27.7,24.6,28.2,20.5,29.3,26.0,26.6,27.5,32.1,29.6,28.8,28.2,84.0,76.0,0.9,1.6,0.0,1.54,0.0,0.0,13
2019-12-24,26.5,24.7,30.0,25.0,31.0,21.5,28.9,26.0,26.6,28.0,34.3,31.6,30.0,28.4,86.0,65.0,1.1,8.7,5.1,2.01,0.0,0.0,0
2019-12-25,24.5,24.0,30.2,25.2,31.0,21.0,26.3,25.6,26.4,28.2,33.7,31.0,29.8,28.6,95.0,65.0,1.3,8.5,5.5,2.24,0.0,0.0,8
2019-12-26,26.8,24.2,29.5,25.0,30.7,19.5,30.1,26.8,27.2,28.0,34.9,32.4,30.2,28.4,80.0,67.0,0.8,10.8,0.0,3.06,0.0,0.0,5
2019-12-27,25.5,23.2,30.0,24.2,31.0,20.5,29.7,26.0,26.6,28.4,34.9,32.8,31.6,29.2,81.0,60.0,1.0,9.5,0.0,3.49,0.0,0.0,13
2019-12-28,26.2,24.5,28.5,23.5,30.5,19.5,29.7,26.6,27.2,28.6,33.3,31.8,30.8,29.0,87.0,64.0,1.5,10.2,0.0,2.21,0.0,0.0,0
2019-12-29,25.5,23.4,29.2,24.4,30.5,19.8,28.3,25.8,26.8,28.4,34.3,32.6,31.4,29.0,82.0,66.0,1.1,9.3,0.0,2.59,0.0,0.0,13
2019-12-30,27.2,24.2,30.5,24.0,31.5,24.5,29.9,26.4,29.0,28.6,37.3,24.4,32.4,29.4,77.0,56.0,1.6,9.5,0.0,2.62,0.0,0.0,13
2019-12-31,27.0,25.0,30.5,24.0,31.0,21.5,30.1,27.0,27.6,29.0,34.6,32.8,31.6,29.6,84.0,56.0,1.2,6.4,0.0,2.24,0.0,0.0,13
2020-01-01,27.0,25.2,31.0,26.0,32.5,22.5,29.7,27.0,28.0,29.4,36.9,34.2,32.2,29.8,86.0,66.0,1.9,8.0,2.0,1.2,0.0,0.0,10
2020-01-02,24.7,24.0,28.6,25.7,29.5,21.8,27.3,26.8,28.2,29.6,31.5,30.0,29.6,29.4,93.0,79.0,1.0,1.9,13.2,0.49,0.0,0.0,13
2020-01-03,28.0,25.8,30.0,26.0,31.5,21.4,30.5,27.0,27.8,29.0,34.3,32.4,31.4,29.6,83.0,78.0,2.1,9.7,0.0,3.27,0.0,0.0,13
2020-01-04,27.5,25.0,31.0,25.2,32.0,24.5,30.5,27.2,27.8,29.4,37.1,34.0,32.2,30.0,80.0,61.0,1.3,10.5,0.0,3.0,0.0,0.0,10
2020-01-05,28.0,25.5,29.5,25.0,32.0,21.1,30.5,27.2,28.0,29.6,37.1,35.0,32.8,30.2,82.0,67.0,1.7,11.0,0.0,2.8,0.0,0.0,10
2020-01-06,28.2,25.4,30.5,25.6,31.5,21.5,32.3,28.0,28.6,29.8,40.1,36.0,33.2,30.6,79.0,66.0,2.4,10.6,1.6,2.88,0.0,0.0,1
2020-01-07,27.7,25.0,30.5,25.0,31.5,22.0,31.7,28.2,29.0,30.2,31.8,35.6,33.2,30.8,79.0,62.0,2.5,9.5,0.0,2.87,0.0,0.0,5
2020-01-08,26.0,24.5,29.5,24.5,31.0,19.5,29.1,27.8,29.0,30.4,40.1,36.8,33.8,30.8,88.0,65.0,2.3,8.4,0.0,3.37,0.0,0.0,5
2020-01-09,26.0,24.0,30.5,24.6,32.0,18.5,30.5,27.2,28.4,30.2,40.3,36.4,33.8,31.0,84.0,59.0,1.5,10.3,0.0,2.99,0.0,0.0,10
2020-01-10,26.0,23.5,30.0,24.0,31.0,19.7,30.3,26.8,28.8,30.0,41.1,36.8,33.2,31.0,81.0,59.0,1.9,10.5,0.0,2.81,0.0,0.0,13
2020-01-11,25.0,23.2,29.5,25.5,30.4,20.5,29.5,27.0,28.6,30.2,34.9,33.2,31.4,30.0,85.0,71.0,2.3,6.3,3.4,1.29,0.0,0.0,8
2020-01-12,25.0,23.4,29.5,23.5,30.5,18.7,27.3,26.2,27.8,29.6,37.7,35.6,33.0,30.4,87.0,58.0,2.6,8.6,0.0,2.37,0.0,0.0,8
2020-01-13,25.0,23.2,29.5,23.5,30.0,17.5,29.3,26.4,27.8,29.8,37.9,34.6,32.6,30.4,85.0,58.0,2.1,9.3,0.0,2.28,0.0,0.0,13
2020-01-14,25.0,22.5,29.0,22.5,30.0,17.0,28.7,26.0,27.4,29.6,40.9,36.4,33.2,30.2,88.0,55.0,1.9,10.6,0.0,2.19,0.0,0.0,13
2020-01-15,24.0,22.0,29.5,22.8,30.0,18.2,27.3,25.4,27.2,29.6,37.1,34.0,31.8,30.0,86.0,54.0,1.6,8.4,0.0,2.3,0.0,0.0,13
2020-01-16,23.5,23.5,29.7,24.5,31.7,21.2,30.1,26.2,27.8,29.4,40.3,36.4,33.6,30.4,81.0,64.0,1.7,8.7,4.0,2.93,0.0,0.0,13
2020-01-17,26.0,23.5,25.2,24.2,27.0,20.0,28.9,27.6,29.0,30.2,30.3,29.0,29.6,30.0,91.0,91.0,1.0,1.7,8.4,0.53,0.0,0.0,8
2020-01-18,24.5,24.7,30.5,25.5,31.5,21.0,29.7,26.0,27.0,29.0,35.3,32.8,30.6,30.0,89.0,92.0,1.6,8.9,0.0,1.37,1.0,0.0,8
2020-01-19,26.2,25.5,31.0,25.8,31.0,22.0,29.5,26.8,27.6,29.2,38.5,34.4,32.2,30.0,89.0,65.0,2.7,9.1,2.8,3.47,0.0,0.0,9
2020-01-20,27.0,25.0,30.0,25.2,31.0,21.5,31.9,28.6,29.0,30.0,35.3,33.0,31.8,30.4,84.0,66.0,2.0,6.0,0.7,3.22,0.0,0.0,8
2020-01-21,27.0,25.6,28.5,26.4,31.1,22.5,30.9,28.0,28.4,29.8,36.3,32.6,31.4,30.2,85.0,83.0,2.3,5.9,20.7,1.94,0.0,0.0,5
2020-01-22,26.0,25.0,28.0,25.5,30.0,22.0,28.9,26.8,27.8,29.6,31.5,30.6,30.4,29.6,92.0,82.0,2.6,3.5,14.5,2.15,0.0,0.0,5
2020-01-23,27.0,25.8,27.7,25.2,30.5,23.5,28.9,26.8,27.6,29.2,31.9,30.4,30.2,29.6,90.0,80.0,2.2,7.4,1.4,2.46,0.0,0.0,1
2020-01-24,27.5,25.2,30.0,25.2,31.1,20.5,30.1,26.8,27.4,29.2,33.7,32.6,31.2,29.6,81.0,66.0,2.6,10.3,0.0,2.64,0.0,0.0,5
2020-01-25,25.5,24.8,29.5,24.4,30.7,19.0,27.9,26.2,27.4,29.0,36.3,34.0,31.6,29.6,93.0,63.0,2.3,8.3,0.0,3.62,0.0,0.0,13
2020-01-26,25.0,23.5,30.0,24.5,31.0,17.5,28.9,26.0,27.2,29.2,38.9,36.0,32.8,29.8,88.0,63.0,1.8,10.5,0.0,3.11,0.0,0.0,15
2020-01-27,24.0,23.0,30.5,25.0,31.0,16.5,27.3,2.6,27.2,29.4,39.9,36.2,32.6,30.2,91.0,62.0,1.5,9.4,0.0,2.35,0.0,0.0,13
2020-01-28,25.0,22.8,29.0,23.5,31.0,18.0,29.5,26.0,27.4,29.4,38.3,36.0,32.8,30.0,82.0,62.0,1.5,10.4,0.0,3.38,0.0,0.0,13
2020-01-29,25.1,23.2,30.0,24.0,31.0,18.3,29.5,26.4,27.6,29.8,39.7,35.8,32.6,30.4,84.0,59.0,1.7,10.5,0.0,3.71,0.0,0.0,9
2020-01-30,25.5,23.5,30.5,24.0,31.1,17.8,29.9,26.6,27.6,29.8,40.9,37.0,32.3,30.2,84.0,56.0,1.8,11.9,0.0,3.36,0.0,0.0,13
2020-01-31,25.0,22.8,30.5,24.4,31.2,18.5,29.7,26.8,27.8,30.2,40.3,37.0,33.6,30.6,82.0,56.0,1.9,10.6,0.0,3.76,0.0,0.0,13
2020-02-01,25.5,23.8,30.0,24.5,31.5,19.0,29.9,27.0,28.2,30.2,40.3,37.2,33.8,31.0,85.0,63.0,2.0,10.5,0.0,3.02,0.0,0.0,13
2020-02-02,25.5,23.8,30.0,24.5,31.5,19.5,30.1,27.6,28.8,30.4,40.7,37.0,34.0,31.2,85.0,63.0,2.2,10.9,0.0,3.89,0.0,0.0,8
2020-02-03,26.5,24.5,29.5,24.5,31.5,20.0,30.5,27.8,29.0,30.6,38.9,36.0,33.6,31.2,84.0,65.0,2.2,10.3,0.0,3.42,0.0,0.0,13
2020-02-04,26.5,24.8,29.0,24.4,31.5,20.0,30.5,27.8,29.2,30.8,37.5,35.4,33.4,31.4,86.0,70.0,4.6,7.1,0.0,5.08,0.0,0.0,13
2020-02-05,25.5,24.0,29.5,24.4,31.5,20.0,29.9,27.6,29.0,30.8,37.9,35.4,33.4,31.4,87.0,63.0,2.3,8.5,0.0,3.25,0.0,0.0,5
2020-02-06,27.0,24.0,29.5,24.5,31.0,18.5,30.8,28.0,29.4,30.8,37.5,35.0,33.1,31.2,77.0,65.0,4.1,7.5,0.0,4.02,0.0,0.0,13
2020-02-07,25.0,23.7,30.0,24.0,31.0,18.0,28.9,27.0,28.6,30.6,37.1,34.2,30.2,30.8,90.0,59.0,1.6,6.2,0.0,3.32,0.0,0.0,8
2020-02-08,25.5,22.5,30.5,24.7,32.5,17.5,30.1,26.4,27.6,30.0,38.3,36.0,33.2,30.8,76.0,61.0,1.9,10.8,0.0,3.04,0.0,0.0,13
2020-02-09,25.7,23.5,30.0,24.0,31.5,17.2,30.3,26.8,28.0,30.2,29.9,36.4,33.8,31.2,82.0,59.0,2.1,10.9,0.0,3.38,0.0,0.0,13
2020-02-10,25.7,23.0,30.2,24.0,31.5,19.0,30.1,27.4,28.6,3.4,41.3,36.8,33.8,31.4,78.0,58.0,2.2,10.5,0.0,4.61,0.0,0.0,13
2020-02-11,26.5,24.0,30.0,24.5,31.5,22.5,30.5,28.2,29.4,30.8,40.1,36.0,33.4,31.4,80.0,63.0,3.2,9.7,1.4,4.03,0.0,0.0,8
2020-02-12,26.5,25.0,28.5,25.5,30.2,20.4,29.7,28.6,30.2,31.2,32.9,31.4,31.6,31.0,87.0,78.0,3.3,6.6,0.4,3.24,0.0,0.0,8
2020-02-13,26.5,24.5,28.0,24.5,30.0,21.0,29.5,27.4,28.6,30.4,34.3,32.0,30.4,30.0,84.0,74.0,2.1,5.4,0.0,3.58,0.0,0.0,8
2020-02-14,26.5,24.4,28.0,24.7,30.5,19.0,30.1,27.6,28.8,30.2,34.5,32.4,31.8,30.6,85.0,76.0,2.0,7.4,0.0,3.27,0.0,0.0,13
2020-02-15,26.8,24.5,31.5,25.5,32.8,17.7,30.3,27.4,28.0,3.4,40.5,36.8,34.6,31.6,83.0,60.0,2.5,10.7,0.0,3.31,0.0,0.0,10
2020-02-16,26.5,24.0,31.5,25.5,32.8,20.0,30.9,28.0,29.2,3.6,40.5,36.8,34.6,31.4,80.0,60.0,2.5,11.0,0.0,3.13,0.0,0.0,13
2020-02-17,27.8,25.0,30.0,24.4,31.5,16.4,33.3,29.2,30.0,31.2,41.1,37.4,34.6,31.8,83.0,61.0,2.7,10.5,0.0,3.92,0.0,0.0,5
2020-02-18,24.5,22.5,29.7,22.5,31.0,16.5,30.1,27.4,29.0,31.2,41.5,37.6,34.6,31.6,83.0,51.0,2.1,10.4,0.0,4.18,0.0,0.0,13
2020-02-19,24.5,22.2,29.4,23.0,31.0,18.5,29.9,27.4,29.0,30.8,40.5,36.4,33.8,31.6,80.0,56.0,2.2,10.8,0.0,3.18,0.0,0.0,13
2020-02-20,26.5,23.8,30.4,25.0,31.5,21.5,31.3,28.4,29.6,31.2,41.3,36.8,34.4,31.6,78.0,63.0,2.9,9.8,4.2,2.12,0.0,0.0,5
2020-02-21,27.4,25.0,29.5,25.0,31.5,21.5,30.1,28.4,30.2,31.4,36.1,33.2,32.6,31.6,81.0,67.0,3.9,7.4,7.2,2.82,0.0,0.0,10
2020-02-22,26.0,25.0,29.5,25.5,31.0,20.5,28.9,27.2,28.6,30.0,34.6,32.6,32.0,31.0,92.0,75.0,3.4,7.2,2.0,2.9,0.0,0.0,5
2020-02-23,26.0,24.5,30.0,25.5,30.7,20.0,28.3,26.8,27.8,30.0,36.3,32.6,31.2,30.4,88.0,69.0,3.0,7.2,0.0,2.32,0.0,0.0,13
2020-02-24,26.5,24.7,30.7,26.0,31.5,21.0,29.9,27.0,27.8,29.8,38.1,35.0,32.8,30.6,86.0,67.0,2.6,9.6,0.0,3.96,0.0,0.0,1
2020-02-25,26.5,25.2,29.6,25.1,32.0,20.5,29.9,27.8,28.8,30.4,38.7,36.0,33.8,31.2,89.0,69.0,2.7,10.5,0.0,2.2,0.0,0.0,13
2020-02-26,27.5,25.5,31.5,25.4,32.6,19.5,30.5,26.8,29.2,30.8,41.3,37.6,34.8,31.4,85.0,59.0,2.6,10.3,0.0,4.89,0.0,0.0,5
2020-02-27,27.5,25.6,31.0,25.0,32.5,19.0,31.7,28.6,29.6,31.2,42.5,38.8,35.6,32.0,85.0,60.0,2.8,10.5,0.0,4.07,0.0,0.0,10
2020-02-28,27.5,25.0,29.6,23.8,32.0,17.6,31.5,28.6,30.0,31.4,41.3,37.8,35.2,32.2,80.0,60.0,2.7,10.6,0.0,4.5,0.0,0.0,10
2020-02-29,25.5,23.8,30.5,24.5,32.0,19.6,30.3,27.8,28.4,31.4,41.3,37.4,35.2,32.2,85.0,59.0,2.3,10.9,0.0,3.65,0.0,0.0,13
2020-03-01,27.0,24.6,31.5,25.2,33.0,19.2,32.5,29.0,30.2,31.8,43.5,39.2,36.0,32.6,81.0,58.0,2.4,10.7,0.0,3.74,0.0,0.0,5
2020-03-02,26.2,24.2,31.5,24.0,32.7,28.0,31.3,28.8,30.6,32.0,43.3,39.0,36.0,32.6,84.0,51.0,1.7,8.8,0.0,4.05,0.0,0.0,13
2020-03-03,27.0,23.8,32.5,23.4,33.0,17.7,32.3,28.8,30.2,32.0,45.7,40.2,36.6,33.0,75.0,43.0,1.8,10.4,0.0,4.37,0.0,0.0,5
2020-03-04,26.0,24.0,33.0,34.0,33.5,19.6,31.7,28.8,30.6,32.4,45.7,40.4,37.0,33.2,84.0,45.0,1.9,9.0,0.0,4.64,0.0,0.0,13
2020-03-05,27.5,24.6,32.0,24.5,33.0,19.0,33.1,30.0,31.2,32.6,42.9,38.4,36.0,33.4,77.0,50.0,1.7,7.8,0.0,4.99,0.0,0.0,1
2020-03-06,26.0,24.0,31.0,25.0,32.3,21.0,31.1,29.0,30.8,32.4,40.1,36.8,35.0,32.8,84.0,60.0,2.4,4.6,0.0,4.36,0.0,0.0,1
2020-03-07,27.0,24.2,33.5,25.8,34.5,20.0,31.9,29.8,31.2,32.2,44.7,40.4,37.0,33.2,78.0,51.0,2.1,9.0,0.0,4.3,0.0,0.0,10
2020-03-08,28.5,25.0,30.2,25.8,34.0,23.7,33.7,30.4,31.8,33.0,44.3,40.0,37.0,33.6,73.0,58.0,2.3,10.5,0.0,5.15,0.0,0.0,10
2020-03-09,28.5,25.2,32.5,24.2,34.0,25.0,34.5,30.6,31.6,33.2,45.7,40.2,36.8,33.8,75.0,47.0,2.4,10.4,0.0,4.63,0.0,0.0,1
2020-03-10,28.0,25.0,32.5,25.0,33.7,19.6,34.1,30.0,31.6,32.8,44.7,40.0,36.6,33.4,77.0,52.0,2.4,10.7,0.0,4.99,0.0,0.0,13
2020-03-11,28.5,24.5,33.0,25.5,35.6,20.5,34.3,30.6,31.8,33.0,45.7,41.0,37.6,33.8,71.0,53.0,2.5,10.2,0.0,4.97,0.0,0.0,1
2020-03-12,29.4,24.7,32.5,25.0,33.5,23.5,35.3,31.8,32.2,33.4,45.3,40.8,37.8,34.4,67.0,52.0,2.4,10.6,0.0,4.44,0.0,0.0,5
2020-03-13,27.5,25.0,32.3,24.5,35.8,19.0,33.3,30.4,32.0,33.4,45.5,41.0,37.6,34.2,80.0,50.0,2.4,10.5,0.0,3.38,0.0,0.0,13
2020-03-14,27.0,24.5,31.0,25.0,34.0,20.5,33.1,30.0,32.0,33.4,43.7,41.6,38.0,34.2,81.0,60.0,2.5,10.2,0.0,3.94,0.0,0.0,13
2020-03-15,28.2,24.5,32.6,25.4,33.6,21.5,34.5,31.6,32.8,33.6,44.5,40.2,37.6,34.6,73.0,54.0,2.5,10.6,0.0,4.59,0.0,0.0,10
2020-03-16,28.5,25.0,31.5,25.5,33.1,21.5,33.9,31.6,32.8,33.8,43.5,39.3,36.8,34.4,73.0,60.0,2.8,9.6,0.0,4.0,0.0,0.0,1
2020-03-17,28.5,25.8,29.0,24.0,33.2,25.5,33.9,31.4,32.8,33.6,40.7,38.6,36.8,34.2,79.0,64.0,3.2,7.6,0.0,4.59,0.0,0.0,5
2020-03-18,28.0,25.5,30.6,25.5,33.7,25.2,34.1,30.8,32.6,33.6,39.3,37.4,36.2,34.0,82.0,66.0,2.7,6.0,0.0,4.14,0.0,0.0,9
2020-03-19,29.0,25.5,33.2,25.8,34.5,25.5,34.9,31.8,32.8,33.6,41.1,38.0,36.4,34.2,75.0,53.0,2.1,7.7,0.0,4.45,0.0,0.0,10
2020-03-20,28.2,25.3,33.7,26.2,35.0,19.5,33.7,30.8,32.2,34.6,44.1,40.0,37.4,34.2,79.0,53.0,2.1,8.9,0.0,3.49,0.0,0.0,10
2020-03-21,28.0,24.5,33.0,25.5,35.1,19.5,33.7,30.2,31.8,33.6,43.7,40.6,37.6,34.4,73.0,53.0,2.4,9.7,0.0,4.34,0.0,0.0,10
2020-03-22,27.5,24.5,34.0,24.6,34.8,21.0,33.7,30.4,31.8,33.6,45.7,40.6,37.6,34.4,77.0,44.0,2.1,9.5,0.0,4.39,0.0,0.0,10
2020-03-23,28.0,24.4,33.2,25.0,35.0,20.5,33.7,30.8,32.2,34.8,44.3,40.2,37.8,34.6,73.0,49.0,5.0,10.0,0.0,3.58,0.0,0.0,13
2020-03-24,28.5,25.2,33.5,25.0,34.5,20.5,33.9,31.0,32.2,33.8,44.9,40.0,37.2,34.5,75.0,47.0,2.4,10.2,0.0,3.76,0.0,0.0,10
2020-03-25,28.0,25.0,32.7,24.7,34.5,19.5,33.9,30.6,32.4,33.8,43.9,40.0,37.4,34.4,77.0,50.0,2.2,10.2,0.0,4.74,0.0,0.0,10
2020-03-26,28.5,24.7,31.5,24.7,33.5,20.0,33.7,30.6,32.0,33.6,39.7,38.2,36.8,34.4,72.0,55.0,2.5,9.6,0.0,4.21,0.0,0.0,4
2020-03-27,28.5,24.3,32.7,25.0,34.0,20.5,33.1,30.1,31.8,33.4,42.3,38.6,36.5,34.2,69.0,51.0,2.6,10.3,0.0,4.9,0.0,0.0,13
2020-03-28,28.5,24.7,33.0,25.5,34.5,21.0,35.1,31.0,32.2,33.6,43.1,39.4,37.0,34.4,72.0,53.0,2.5,9.7,0.0,4.59,0.0,0.0,10
2020-03-29,29.0,24.6,32.7,26.2,36.0,22.5,35.1,31.6,32.6,34.0,43.5,40.2,37.8,34.6,68.0,57.0,2.2,10.1,0.0,4.83,0.0,0.0,10
2020-03-30,29.7,25.5,33.2,26.4,35.0,20.1,35.3,32.0,33.6,34.4,42.5,39.6,37.6,34.8,70.0,57.0,2.6,10.5,0.0,4.16,0.0,0.0,1
2020-03-31,27.5,25.0,33.5,25.8,35.5,19.0,33.3,30.8,32.5,34.0,44.9,40.4,37.6,34.6,80.0,51.0,2.3,9.6,0.0,4.7,0.0,0.0,5
2020-04-01,28.0,25.0,33.5,24.0,35.7,19.5,34.1,30.2,32.2,34.2,44.3,40.4,37.8,34.0,77.0,42.0,2.3,8.9,0.0,4.74,0.0,0.0,5
2020-04-02,27.5,24.0,34.0,23.5,35.6,20.5,34.1,30.6,32.2,34.0,46.1,41.4,38.0,34.6,73.0,39.0,2.5,10.3,0.0,4.09,0.0,0.0,13
2020-04-03,28.0,24.5,33.5,25.0,35.2,22.0,35.3,31.2,32.6,34.2,45.1,40.6,37.8,34.6,74.0,47.0,2.8,10.1,0.0,4.74,0.0,0.0,13
2020-04-04,30.0,25.5,25.5,23.7,34.0,22.0,37.5,32.6,33.2,34.4,38.9,35.8,36.6,34.6,69.0,85.0,2.0,5.1,34.4,2.57,0.0,0.0,10
2020-04-05,27.5,26.0,30.5,26.0,34.0,22.5,32.9,29.4,30.2,32.2,33.7,32.6,33.8,33.4,87.0,68.0,2.0,7.2,17.5,3.92,0.0,0.0,13
2020-04-06,28.5,26.0,34.5,26.0,34.8,23.0,32.4,30.0,29.5,32.2,35.5,32.8,34.2,32.8,80.0,48.0,2.2,10.4,0.0,4.68,0.0,0.0,13
2020-04-07,28.5,25.5,35.5,25.0,35.7,22.0,32.5,29.8,30.4,32.2,39.9,36.4,35.0,32.8,78.0,40.0,2.3,10.5,0.0,4.82,0.0,0.0,9
2020-04-08,29.2,26.1,35.2,24.0,36.0,22.5,39.7,30.2,30.8,32.4,41.3,38.0,36.0,33.4,78.0,36.0,2.4,10.8,0.0,4.05,0.0,0.0,9
2020-04-09,28.5,26.0,34.0,26.0,36.0,25.0,34.5,30.0,31.2,32.8,40.5,38.0,36.2,33.3,80.0,51.0,2.5,10.9,0.0,4.99,0.0,0.0,5
2020-04-10,29.5,26.0,32.5,26.5,35.5,23.0,34.1,30.8,31.4,33.2,34.7,33.2,33.4,33.6,74.0,61.0,2.7,8.8,22.6,2.99,0.0,0.0,1
2020-04-11,29.5,25.5,33.5,26.7,34.5,24.5,33.5,30.4,30.6,32.4,37.3,35.8,34.6,31.8,71.0,57.0,2.6,10.7,0.0,4.43,0.0,0.0,1
2020-04-12,29.5,25.7,33.5,26.2,34.7,24.0,32.3,30.4,30.8,32.2,37.5,35.6,34.2,33.0,73.0,54.0,2.4,10.0,0.0,4.68,0.0,0.0,10
2020-04-13,29.5,26.5,33.5,26.5,35.0,24.5,32.9,30.2,31.0,32.4,38.3,36.0,34.8,33.4,78.0,56.0,2.6,10.6,0.0,4.9,0.0,0.0,13
2020-04-14,30.0,26.6,33.7,26.5,35.0,24.5,33.5,30.6,31.2,32.6,38.1,35.8,34.6,33.4,75.0,55.0,2.8,10.7,4.3,3.56,0.0,0.0,10
2020-04-15,29.5,26.7,32.0,26.0,33.5,23.0,33.5,30.6,31.4,32.6,35.7,34.0,33.6,33.2,79.0,60.0,1.6,7.7,0.0,2.73,1.0,0.0,10
2020-04-16,29.0,26.0,32.0,26.5,34.8,22.5,33.5,29.4,30.4,32.4,40.9,35.8,34.2,33.0,78.0,64.0,2.5,9.9,0.0,4.83,0.0,0.0,13
2020-04-17,28.7,26.5,32.5,26.5,34.5,23.0,34.5,29.8,30.6,32.2,42.9,37.8,35.6,33.2,83.0,61.0,3.0,10.9,0.0,5.19,0.0,0.0,5
2020-04-18,29.0,26.3,34.0,26.5,35.3,23.5,35.7,30.4,31.2,32.6,45.3,39.0,36.4,33.4,81.0,54.0,2.7,11.9,0.0,6.22,0.0,0.0,10
2020-04-19,28.5,26.5,34.5,27.0,35.5,23.0,35.9,30.8,31.6,33.2,44.3,39.6,36.8,34.2,85.0,53.0,2.8,10.5,0.0,6.02,0.0,0.0,13
2020-04-20,30.0,27.0,34.0,26.7,35.0,25.5,35.7,31.2,32.0,33.4,44.3,39.0,36.4,34.0,78.0,55.0,2.8,11.6,0.0,6.84,0.0,0.0,5
2020-04-21,29.7,26.5,28.0,25.0,35.0,24.0,36.1,31.2,32.2,33.4,33.9,33.8,35.2,34.0,77.0,77.0,2.4,8.6,6.4,2.68,0.0,0.0,10
2020-04-22,29.2,27.0,30.0,25.5,33.2,23.2,34.1,30.2,31.2,32.6,34.3,33.0,33.6,33.2,83.0,65.0,1.4,5.0,0.0,2.68,1.0,0.0,13
2020-04-23,29.5,25.5,32.2,27.0,35.5,23.2,35.3,30.0,30.8,32.2,39.7,37.6,35.6,33.2,71.0,65.0,2.3,9.9,0.0,4.39,0.0,0.0,10
2020-04-24,27.5,25.7,33.7,25.0,35.0,24.0,31.5,29.8,31.2,32.6,41.9,37.6,35.2,33.4,86.0,46.0,2.4,9.2,0.0,5.17,0.0,0.0,13
2020-04-25,30.0,26.4,36.3,27.2,37.0,24.0,36.5,31.0,31.8,33.0,46.7,40.2,36.8,33.8,74.0,47.0,2.8,10.8,0.0,5.46,0.0,0.0,13
2020-04-26,31.0,27.0,32.0,26.5,36.8,23.5,36.3,31.4,32.8,33.6,42.1,39.8,37.2,34.2,72.0,64.0,2.0,9.8,0.0,4.25,0.0,0.0,10
2020-04-27,29.2,26.7,36.5,25.5,37.2,24.0,37.7,31.6,32.8,33.8,45.9,41.4,37.8,34.6,82.0,39.0,2.3,11.2,0.0,4.54,0.0,0.0,13
2020-04-28,31.0,26.7,33.5,27.7,35.0,24.0,36.5,32.0,33.4,34.0,41.1,37.4,36.4,34.6,71.0,63.0,1.7,8.8,0.0,4.14,0.0,0.0,1
2020-04-29,29.8,26.2,36.2,26.3,37.4,24.5,37.3,31.6,33.0,33.8,47.3,40.2,37.4,34.6,74.0,44.0,3.0,4.6,0.0,5.19,0.0,0.0,15
2020-04-30,29.5,26.7,34.0,27.0,36.5,21.5,35.3,31.8,33.4,34.2,45.1,40.2,37.8,34.8,79.0,56.0,3.0,9.6,19.3,4.41,0.0,0.0,9
2020-05-01,29.2,26.4,35.0,27.0,35.5,23.2,34.1,30.6,31.6,33.4,38.7,37.6,35.6,34.2,79.0,52.0,2.1,10.5,0.0,4.21,0.0,0.0,10
2020-05-02,29.5,25.7,35.5,26.0,36.0,25.0,34.3,30.6,31.4,33.4,39.7,38.0,36.0,33.8,73.0,44.0,1.8,10.9,0.0,4.77,0.0,0.0,13
2020-05-03,30.2,27.2,32.0,26.5,35.0,24.5,35.1,31.4,32.0,33.4,38.7,35.8,35.8,33.8,80.0,64.0,2.0,8.1,0.0,3.89,0.0,0.0,13
2020-05-04,30.7,27.7,32.5,26.6,35.5,26.0,35.3,31.2,32.2,33.4,40.7,38.0,36.4,34.0,79.0,61.0,2.6,9.4,0.0,3.52,0.0,0.0,13
2020-05-05,30.5,26.5,32.5,26.7,36.0,24.0,35.5,30.0,32.0,33.4,39.7,38.4,36.8,34.0,72.0,62.0,2.0,7.5,0.0,4.49,0.0,0.0,13
2020-05-06,30.2,26.0,25.5,24.2,32.0,23.5,36.3,31.4,32.6,33.4,38.1,37.0,36.6,34.2,70.0,88.0,1.9,7.6,23.0,3.47,0.0,0.0,13
2020-05-07,29.5,26.5,27.5,24.0,35.0,25.0,35.1,31.8,32.4,33.4,34.5,36.8,34.6,34.6,78.0,73.0,2.2,5.7,20.0,3.02,0.0,0.0,13
2020-05-08,29.5,26.0,32.5,27.5,34.5,24.5,33.9,30.0,31.6,29.8,39.7,37.8,36.8,33.6,74.0,67.0,2.1,7.4,24.0,3.25,0.0,0.0,13
2020-05-09,28.5,26.0,30.5,27.0,32.5,24.0,33.7,29.8,30.4,32.6,35.9,35.8,34.8,33.0,80.0,74.0,2.0,7.7,0.0,3.67,0.0,0.0,9
2020-05-10,29.5,26.2,32.0,26.5,35.2,23.5,32.3,30.4,30.0,32.6,38.5,36.8,36.0,35.6,75.0,64.0,2.4,8.2,4.9,3.33,0.0,0.0,13
2020-05-12,29.0,25.7,30.0,27.5,32.0,23.0,33.3,29.2,29.8,31.4,34.1,33.0,32.6,31.8,76.0,83.0,1.9,4.2,13.2,2.41,0.0,0.0,15
2020-05-13,28.5,26.0,31.5,27.2,34.4,23.0,32.3,29.6,30.4,31.6,35.3,34.8,33.6,32.2,80.0,70.0,2.1,7.2,12.5,2.77,0.0,0.0,8
2020-05-14,28.5,26.0,31.5,27.0,34.8,23.5,33.3,29.2,30.2,31.8,35.3,34.4,34.2,32.2,86.0,69.0,3.0,9.2,0.0,3.94,0.0,0.0,13
2020-05-15,29.2,26.4,33.0,27.2,34.5,23.5,33.1,30.0,30.8,32.2,36.1,34.0,33.4,32.4,76.0,62.0,7.4,9.1,23.0,3.47,0.0,0.0,13
2020-05-16,28.5,25.5,28.5,26.5,30.5,26.0,29.3,28.0,29.8,31.4,30.1,28.4,30.0,31.2,78.0,85.0,2.6,0.0,0.0,2.81,0.0,0.0,13
2020-05-17,29.0,26.0,33.5,26.5,34.5,24.5,30.1,28.2,29.2,30.6,34.9,32.0,31.8,31.4,78.0,56.0,6.5,4.6,1.4,3.88,0.0,0.0,13
2020-05-18,28.7,25.2,31.5,26.7,32.6,24.5,31.5,28.2,29.4,31.0,33.1,31.0,31.2,31.2,81.0,67.0,7.8,3.6,0.0,5.89,0.0,0.0,13
2020-05-19,30.5,25.7,31.0,25.0,32.5,24.5,30.5,28.0,29.4,31.6,31.9,30.2,30.8,31.0,67.0,60.0,8.2,0.9,0.0,4.68,0.0,0.0,13
2020-05-20,31.0,25.0,33.5,26.5,35.2,22.5,31.3,28.0,29.0,30.4,36.1,33.6,32.0,31.2,60.0,56.0,5.1,10.9,0.0,5.8,0.0,0.0,13
2020-05-21,30.5,25.5,30.2,25.0,35.1,24.0,31.7,29.0,29.6,30.8,35.5,33.8,32.8,31.6,69.0,64.0,4.5,7.6,0.0,5.66,0.0,0.0,10
2020-05-22,29.7,24.5,34.0,26.5,35.0,26.0,32.3,29.6,30.4,31.4,37.3,34.6,33.2,32.0,64.0,54.0,2.8,8.0,0.0,5.57,0.0,0.0,15
2020-05-23,30.5,26.0,35.0,27.2,36.0,24.5,33.3,30.0,30.8,31.6,37.5,36.2,34.6,32.6,68.0,53.0,3.0,11.6,0.0,6.2,0.0,0.0,10
2020-05-24,30.0,26.5,35.5,27.5,36.0,22.0,33.5,30.2,31.2,32.2,38.3,36.0,34.6,32.8,75.0,52.0,2.8,11.0,50.0,6.8,0.0,0.0,10
2020-05-25,29.0,26.7,32.7,27.2,33.8,25.0,32.5,29.6,30.6,31.6,35.3,33.6,32.8,32.0,83.0,63.0,1.0,2.5,0.0,4.7,0.0,0.0,10
2020-05-26,29.0,26.6,32.0,27.5,33.0,23.8,31.9,30.0,31.0,31.8,34.5,33.4,32.6,32.4,82.0,70.0,1.4,1.1,0.0,3.53,0.0,0.0,0
2020-05-27,29.5,26.5,32.5,27.5,33.2,24.4,33.1,30.0,30.8,31.8,34.9,33.6,32.6,32.0,78.0,67.0,1.5,5.4,0.0,3.36,0.0,0.0,10
2020-05-28,30.0,26.2,34.5,28.2,35.2,25.2,33.1,30.0,30.6,31.6,37.9,35.4,34.0,32.6,73.0,60.0,2.2,11.4,0.0,6.0,0.0,0.0,13
2020-05-29,29.5,26.2,35.0,27.0,35.4,25.5,33.3,29.8,30.8,32.2,40.5,36.6,34.6,33.2,75.0,52.0,2.1,11.1,0.0,6.2,0.0,0.0,13
2020-05-30,30.5,26.4,35.5,27.2,36.0,25.1,34.9,31.0,31.8,32.6,40.3,36.8,35.0,33.4,70.0,50.0,2.2,10.2,0.0,6.11,0.0,0.0,13
2020-05-31,30.0,26.2,35.5,27.6,36.0,23.0,34.9,31.0,31.8,33.0,41.7,37.8,35.6,33.6,73.0,52.0,2.4,10.5,1.6,6.47,0.0,0.0,13
2020-06-01,28.7,26.0,33.5,27.5,35.0,22.5,32.7,30.0,31.4,32.8,38.7,36.2,34.8,33.4,79.0,61.0,1.7,10.9,0.0,3.75,0.0,0.0,13
2020-06-02,29.0,25.5,35.0,26.2,35.2,21.7,33.5,30.0,31.4,32.8,40.1,36.6,35.0,33.2,75.0,48.0,2.8,11.8,0.0,4.24,0.0,0.0,8
2020-06-03,28.5,23.5,34.5,24.5,35.5,20.5,33.3,29.6,31.2,32.6,39.7,36.4,34.8,33.2,64.0,41.0,2.8,12.0,0.0,5.8,0.0,0.0,13
2020-06-04,29.0,23.6,35.0,25.0,36.0,26.0,32.9,29.4,30.8,32.6,39.7,36.6,35.0,33.2,62.0,42.0,2.5,11.8,0.0,5.66,0.0,0.0,10
2020-06-05,30.0,24.5,35.0,26.2,36.0,26.0,34.1,30.2,31.4,32.6,39.7,36.2,35.2,33.2,63.0,48.0,3.8,11.0,0.0,5.35,0.0,0.0,5
2020-06-06,28.0,24.5,30.0,24.5,33.0,25.0,31.9,29.8,31.6,32.6,37.7,34.0,33.8,33.0,74.0,63.0,5.7,6.4,0.0,4.65,0.0,0.0,13
2020-06-07,28.7,24.0,32.5,26.0,33.5,24.0,31.3,29.6,31.4,32.4,37.7,33.6,33.2,32.6,65.0,57.0,7.0,3.0,0.0,4.42,0.0,0.0,13
2020-06-08,29.5,25.7,32.0,26.0,33.5,23.5,32.3,29.4,30.8,32.0,36.7,33.8,33.2,32.2,73.0,60.0,3.7,3.4,0.0,4.58,0.0,0.0,13
2020-06-09,30.5,25.0,33.5,26.0,35.1,23.2,32.9,29.4,30.8,32.0,38.7,35.2,34.4,32.6,62.0,53.0,5.7,11.1,0.0,5.01,0.0,0.0,13
2020-06-10,30.5,25.0,31.7,25.6,34.6,25.5,33.5,29.5,31.4,32.2,38.1,34.4,34.0,32.6,62.0,59.0,8.8,6.5,0.0,5.65,0.0,0.0,13
2020-06-11,29.7,25.2,30.7,25.8,33.5,25.5,32.3,26.6,31.4,32.2,36.7,33.6,33.8,32.6,67.0,66.0,7.6,3.5,0.0,4.98,0.0,0.0,13
2020-06-12,29.5,25.5,32.5,25.8,33.0,23.0,31.3,29.4,31.2,32.0,37.9,34.8,34.0,32.6,71.0,54.0,5.6,10.3,0.0,4.5,0.0,0.0,9
2020-06-13,30.0,25.0,34.0,25.5,35.0,23.5,32.9,29.6,31.2,32.0,37.7,36.0,34.6,32.6,65.0,49.0,5.7,11.7,0.0,5.75,0.0,0.0,13
2020-06-14,30.5,25.7,33.5,26.0,34.5,23.5,33.3,30.6,31.6,32.4,39.1,36.0,35.2,33.0,67.0,55.0,5.2,11.6,0.0,4.65,0.0,0.0,13
2020-06-15,30.0,25.6,34.2,25.8,35.5,23.5,33.7,30.2,31.6,32.6,39.7,36.4,35.6,33.4,69.0,49.0,4.6,11.4,0.0,5.75,0.0,0.0,13
2020-06-16,30.2,25.7,32.0,25.5,34.5,24.2,33.7,30.4,31.8,32.6,37.7,36.2,35.0,33.0,69.0,58.0,3.7,6.3,0.0,5.28,0.0,0.0,10
2020-06-17,30.5,25.8,32.6,25.5,35.0,23.5,33.9,30.6,32.0,32.6,39.5,36.6,35.6,33.4,67.0,55.0,4.6,12.0,0.0,5.33,0.0,0.0,13
2020-06-18,30.5,25.0,34.0,25.6,35.5,24.0,33.9,30.4,32.0,33.0,39.7,36.8,35.6,33.4,62.0,49.0,5.3,11.2,0.0,5.75,0.0,0.0,13
2020-06-19,30.5,25.0,34.5,26.0,36.0,24.0,35.5,30.4,32.4,33.0,40.3,37.2,36.0,33.4,62.0,48.0,4.2,12.8,0.0,5.61,0.0,0.0,13
2020-06-20,29.5,25.0,33.0,26.5,34.5,24.5,33.7,31.0,32.6,33.6,39.3,36.2,35.2,33.4,67.0,59.0,7.4,10.3,0.0,6.4,0.0,0.0,8
2020-06-21,30.4,25.5,30.5,24.5,33.5,25.5,33.3,30.6,32.2,33.0,35.5,33.2,34.2,33.4,60.0,59.0,9.1,3.7,0.0,5.88,0.0,0.0,13
2020-06-22,29.5,24.5,33.5,26.5,34.0,24.7,32.9,30.0,31.4,32.6,37.9,35.0,34.0,33.0,65.0,56.0,6.2,8.5,0.0,6.48,0.0,0.0,13
2020-06-23,27.0,25.0,31.0,25.4,31.7,24.5,30.3,29.8,31.6,32.6,34.5,32.4,32.8,32.6,84.0,62.0,0.6,0.0,0.0,2.86,0.0,0.0,13
2020-06-24,28.2,26.0,29.7,26.8,32.5,22.4,32.3,29.6,31.4,32.4,34.3,32.8,33.4,32.4,83.0,78.0,2.0,0.5,25.0,1.32,0.0,0.0,13
2020-06-26,27.0,25.0,30.5,26.2,31.5,23.0,29.9,27.6,28.6,30.4,33.5,31.6,30.8,31.6,84.0,69.0,2.0,2.6,2.8,2.55,0.0,0.0,10
2020-06-27,29.2,24.0,33.2,26.0,33.5,22.2,31.7,28.8,29.2,30.0,34.1,33.6,32.4,31.0,63.0,54.0,4.8,11.2,0.0,3.6,0.0,0.0,13
2020-06-28,27.5,25.0,33.0,25.5,34.0,23.8,31.7,28.2,29.4,30.6,34.9,34.2,32.6,31.2,80.0,53.0,3.8,11.6,0.0,4.12,0.0,0.0,13
2020-06-29,28.5,25.6,33.5,26.6,36.0,23.5,32.1,29.0,30.6,31.4,37.1,35.8,33.6,32.4,78.0,56.0,2.6,9.4,0.0,4.97,0.0,0.0,13
2020-06-30,28.0,26.0,31.0,25.5,33.8,24.0,31.1,29.2,31.0,31.0,34.3,32.6,32.2,31.6,85.0,63.0,2.3,1.1,0.0,4.62,0.0,0.0,13
2020-07-01,30.0,26.5,33.8,26.6,34.4,23.5,32.1,29.0,30.2,31.6,36.1,34.4,33.4,32.0,75.0,55.0,4.3,11.1,0.0,5.34,0.0,0.0,13
2020-07-02,29.5,25.2,34.0,26.5,35.0,24.0,32.3,29.6,30.6,31.8,37.3,35.6,33.8,32.2,69.0,54.0,3.1,10.9,0.0,4.23,0.0,0.0,8
2020-07-03,28.0,24.5,30.2,25.0,33.2,23.5,30.9,29.6,30.6,32.0,34.9,33.0,32.8,32.2,74.0,64.0,3.5,2.0,0.0,4.54,0.0,0.0,13
2020-07-04,30.0,25.0,31.0,24.6,34.5,25.0,32.1,29.6,30.4,31.6,35.3,33.6,32.6,31.8,65.0,57.0,3.6,6.2,0.0,4.92,0.0,0.0,13
2020-07-05,29.0,25.0,33.5,25.0,35.0,25.5,31.9,29.2,30.4,31.8,36.5,34.8,33.2,32.0,71.0,47.0,5.9,10.5,0.0,5.6,0.0,0.0,13
2020-07-06,30.0,24.8,34.0,26.0,34.4,23.0,31.5,29.2,30.6,31.8,36.1,34.0,34.2,31.8,64.0,51.0,6.2,11.8,0.0,4.61,0.0,0.0,13
2020-07-07,29.5,25.0,34.5,26.0,35.1,25.1,31.5,29.0,30.4,31.6,37.5,35.4,33.8,32.2,67.0,48.0,2.7,11.1,0.0,4.99,0.0,0.0,13
2020-07-08,29.0,25.6,28.0,24.8,34.5,25.1,32.3,30.0,31.2,32.2,34.5,34.0,33.6,32.4,75.0,76.0,2.0,5.2,0.0,4.72,0.0,0.0,10
2020-07-09,27.5,26.0,32.5,27.4,35.4,22.5,31.3,29.6,31.0,32.0,37.7,35.6,34.2,32.4,87.0,65.0,2.3,6.7,15.4,5.12,0.0,0.0,9
2020-07-10,26.4,25.0,24.5,23.6,32.5,22.2,31.9,28.6,29.8,31.6,31.5,32.2,32.6,31.8,89.0,91.0,1.9,4.8,5.6,4.95,0.0,0.0,13
2020-07-11,27.5,25.4,33.5,27.0,34.0,23.0,30.5,28.2,29.8,31.4,37.3,34.6,32.6,31.4,83.0,58.0,1.9,9.7,0.0,4.27,1.0,0.0,10
2020-07-12,28.2,24.6,32.0,25.0,33.6,25.6,30.9,29.0,30.0,31.6,35.5,33.8,32.6,31.8,73.0,55.0,4.2,8.5,0.0,3.71,0.0,0.0,13
2020-07-13,28.1,24.0,33.5,25.5,34.5,23.2,30.9,28.8,30.2,31.6,36.9,34.8,33.6,32.0,69.0,50.0,3.2,10.2,0.0,3.53,0.0,0.0,0
2020-07-14,28.5,25.2,34.2,28.4,35.0,24.1,31.5,29.2,30.4,31.6,38.1,35.6,33.8,32.2,75.0,63.0,1.8,11.2,0.0,3.8,0.0,0.0,13
2020-07-15,29.0,25.6,34.0,26.8,35.0,24.0,31.9,30.0,31.0,32.2,36.5,34.8,33.8,32.6,75.0,55.0,3.0,9.4,0.0,4.74,0.0,0.0,10
2020-07-16,29.0,25.5,32.5,26.0,35.0,24.2,31.9,29.8,30.8,32.2,35.3,34.0,33.2,32.2,75.0,57.0,5.3,8.5,0.5,5.37,0.0,0.0,13
2020-07-17,29.0,25.5,32.0,26.0,33.6,25.0,31.7,29.6,30.8,32.0,35.7,34.0,33.6,32.4,75.0,60.0,2.7,5.6,0.0,6.36,0.0,0.0,10
2020-07-18,29.6,26.4,29.5,25.5,35.5,23.0,32.9,30.2,31.0,32.0,36.9,35.6,34.6,32.8,77.0,71.0,1.8,9.6,0.0,2.86,0.0,0.0,13
2020-07-19,27.5,25.0,28.0,26.0,33.0,24.2,31.5,29.6,30.6,32.0,33.3,32.4,31.2,32.4,80.0,85.0,2.7,5.8,0.0,2.91,0.0,0.0,13
2020-07-20,27.2,25.5,27.5,25.5,30.6,23.0,30.9,29.2,30.2,31.8,31.8,30.0,30.4,31.6,87.0,85.0,1.7,4.2,11.6,3.87,0.0,0.0,8
2020-07-21,27.0,24.5,33.5,26.4,34.0,26.0,30.5,28.2,29.4,31.4,36.9,34.8,33.6,31.8,81.0,55.0,1.4,9.9,0.0,4.4,0.0,0.0,8
2020-07-22,28.5,26.5,24.5,23.5,33.5,21.8,32.1,29.4,30.4,31.8,31.1,32.0,32.8,32.0,85.0,91.0,1.6,6.3,4.5,2.83,0.0,0.0,13
2020-07-23,26.5,24.6,33.0,27.0,33.6,21.5,30.5,28.5,29.2,31.2,36.9,35.0,33.4,31.8,84.0,61.0,1.9,11.9,23.3,3.13,0.0,0.0,13
2020-07-24,27.0,25.0,31.5,24.5,33.5,22.5,30.5,28.2,29.6,31.2,36.1,34.6,33.4,31.6,84.0,54.0,2.6,9.5,0.0,3.88,0.0,0.0,10
2020-07-25,27.2,25.0,30.0,25.0,32.0,24.2,30.5,28.6,29.8,31.6,33.3,32.2,31.8,31.4,83.0,65.0,4.5,4.7,0.0,3.97,0.0,0.0,5
2020-07-26,28.0,24.0,29.5,24.5,32.0,23.0,29.5,28.2,29.6,30.8,32.5,31.4,30.6,31.0,70.0,65.0,4.7,1.5,0.0,2.57,0.0,0.0,13
2020-07-27,27.5,23.0,30.5,25.0,32.0,23.5,29.7,28.2,29.2,30.6,31.9,31.6,31.4,31.0,66.0,62.0,3.6,3.5,3.1,2.48,0.0,0.0,8
2020-07-28,26.5,24.5,25.5,24.0,28.8,21.5,28.9,28.2,29.6,31.0,29.5,28.0,29.2,30.4,84.0,92.0,2.1,0.0,13.9,1.48,0.0,0.0,13
2020-07-29,28.2,24.8,29.2,25.4,31.0,23.5,30.1,27.4,28.4,30.4,32.1,30.4,30.4,30.4,75.0,72.0,7.9,5.3,0.0,5.89,0.0,0.0,15
2020-07-30,29.5,24.8,31.4,25.0,33.5,23.5,29.9,27.0,28.4,30.2,34.1,32.2,31.4,30.4,66.0,57.0,4.9,10.0,0.0,3.11,0.0,0.0,13
2020-07-31,30.0,25.0,33.5,26.0,34.5,23.0,31.3,28.4,29.0,30.3,36.5,34.2,32.6,30.0,65.0,55.0,4.9,13.0,0.0,6.94,0.0,0.0,13
2020-08-01,29.0,25.0,30.0,24.5,33.2,25.0,31.1,28.6,29.6,31.0,31.9,31.2,31.4,31.2,71.0,63.0,8.4,4.0,0.0,5.65,0.0,0.0,13
2020-08-02,28.5,25.0,30.5,24.5,32.0,25.5,29.9,28.2,29.2,30.8,32.1,31.0,30.8,31.0,73.0,59.0,12.3,3.1,0.0,6.88,0.0,0.0,13
2020-08-03,29.0,24.5,29.0,24.0,30.2,25.2,29.3,28.0,29.0,30.4,30.5,29.4,29.8,30.6,68.0,64.0,12.2,0.2,0.0,6.78,0.0,0.0,13
2020-08-04,30.0,24.1,30.0,24.5,32.7,23.5,29.7,27.6,28.6,30.0,32.5,31.2,30.8,30.4,60.0,63.0,10.6,8.0,0.0,8.51,0.0,0.0,13
2020-08-05,29.5,24.0,31.0,24.8,33.0,22.0,29.5,27.6,28.8,30.2,32.3,31.0,30.6,30.4,61.0,58.0,8.9,7.6,2.4,5.93,0.0,0.0,13
2020-08-06,27.0,24.5,29.5,24.5,31.0,25.5,30.1,27.8,28.8,30.2,30.8,29.6,30.0,30.4,81.0,65.0,11.1,0.9,0.0,6.25,0.0,0.0,13
2020-08-07,29.1,24.1,30.5,24.8,32.5,26.5,28.9,27.4,28.6,29.8,31.7,30.8,30.4,30.2,64.0,61.0,12.9,3.5,0.0,5.71,0.0,0.0,13
2020-08-08,29.5,24.0,30.1,24.8,33.8,24.5,29.3,27.8,29.0,30.0,31.9,31.4,31.0,30.4,61.0,63.0,10.4,4.7,0.0,5.93,0.0,0.0,13
2020-08-09,27.0,24.3,30.0,24.8,31.8,25.0,29.1,28.0,29.2,30.0,32.1,30.8,31.0,3.6,80.0,64.0,11.1,1.6,0.0,5.57,0.0,0.0,13
2020-08-10,27.0,24.0,32.0,25.0,33.6,25.2,29.9,28.1,29.0,30.0,35.7,33.0,32.2,30.8,77.0,55.0,7.1,8.5,0.0,5.1,0.0,0.0,13
2020-08-11,30.0,24.8,33.2,25.0,34.8,25.5,31.9,28.6,29.8,30.6,36.1,34.2,32.8,31.2,64.0,49.0,9.5,10.9,0.0,6.58,0.0,0.0,13
2020-08-12,30.0,23.2,33.5,24.2,34.5,23.0,31.1,28.4,30.0,31.2,37.5,34.2,33.0,31.4,54.0,43.0,8.6,10.4,0.0,7.59,0.0,0.0,13
2020-08-13,30.0,23.6,34.0,24.2,34.5,21.5,31.7,28.6,30.0,31.2,38.7,34.6,33.4,31.6,56.0,42.0,6.8,11.5,0.0,7.41,0.0,0.0,13
2020-08-14,29.5,24.0,32.5,23.5,34.2,23.2,30.9,28.2,30.0,31.2,36.7,34.0,33.0,31.6,61.0,44.0,7.6,9.0,0.0,7.15,0.0,0.0,13
2020-08-15,29.5,23.6,33.2,24.2,34.5,25.5,31.3,28.6,30.0,31.4,37.5,34.0,33.0,33.6,58.0,45.0,6.5,10.4,0.0,7.33,0.0,0.0,13
2020-08-16,28.0,23.5,32.6,24.4,34.0,22.0,30.7,28.2,30.2,31.2,36.1,33.4,33.0,32.6,68.0,48.0,5.8,7.7,0.0,6.02,0.0,0.0,13
2020-08-17,30.5,24.0,34.5,24.1,35.6,24.5,32.5,29.0,30.8,31.6,40.1,35.6,34.4,32.4,56.0,40.0,6.3,11.3,0.0,4.81,0.0,0.0,13
2020-08-18,29.5,23.8,34.5,24.1,35.5,21.2,32.5,29.0,30.8,31.6,40.1,35.6,34.4,32.4,60.0,39.0,6.2,11.8,0.0,7.52,0.0,0.0,13
2020-08-19,29.5,23.4,36.2,25.4,36.6,23.5,32.5,29.0,30.8,31.6,41.5,36.6,35.0,32.4,57.0,39.0,2.0,12.4,0.0,7.9,0.0,0.0,13
2020-08-20,29.2,25.0,36.0,25.5,36.8,27.5,32.9,30.0,31.4,32.4,42.1,37.4,35.6,33.2,67.0,41.0,2.6,11.5,0.0,7.32,0.0,0.0,8
2020-08-21,29.5,25.5,36.0,25.0,37.0,22.6,32.9,30.2,32.0,32.6,41.9,37.8,36.0,33.4,71.0,38.0,2.1,9.8,0.0,5.93,0.0,0.0,1
2020-08-22,28.5,25.8,33.0,27.0,36.8,23.2,33.1,30.4,32.2,32.9,37.7,36.2,35.6,33.2,79.0,64.0,7.6,10.0,0.0,5.62,0.0,0.0,1
2020-08-23,28.8,25.3,32.0,26.5,36.0,23.0,33.7,30.4,32.4,32.8,38.9,36.8,35.8,33.4,75.0,64.0,2.2,8.8,0.0,5.68,0.0,0.0,13
2020-08-24,30.0,25.0,33.2,27.6,37.0,22.5,33.9,30.8,32.2,33.2,37.9,36.6,35.8,33.6,65.0,64.0,1.7,7.5,3.3,6.68,0.0,0.0,10
2020-08-25,28.5,25.0,35.3,26.0,35.6,28.0,32.0,28.3,31.1,32.6,39.1,36.8,35.2,33.2,73.0,45.0,2.3,9.5,0.0,4.26,0.0,0.0,13
2020-08-26,29.5,25.5,25.5,24.0,36.0,28.2,32.5,29.8,31.6,32.8,30.7,32.4,34.4,33.2,71.0,87.0,2.0,9.0,18.4,4.2,0.0,0.0,1
2020-08-27,28.5,25.5,32.5,26.8,36.0,22.0,32.0,29.0,30.0,32.2,36.0,35.1,34.2,32.4,78.0,62.0,2.2,9.2,27.7,4.14,0.0,0.0,13
2020-08-28,27.6,24.6,35.5,25.0,35.8,25.1,31.7,28.8,29.8,31.6,37.9,35.6,33.6,32.2,77.0,40.0,1.8,1.7,11.0,4.65,0.0,0.0,9
2020-08-29,28.8,25.0,34.0,24.5,35.0,26.0,32.1,29.2,30.4,31.6,36.1,34.8,33.6,32.2,72.0,44.0,3.6,11.4,0.0,4.61,0.0,0.0,4
2020-08-30,29.2,24.8,34.5,25.0,35.5,22.5,32.1,29.2,30.2,31.6,36.1,34.6,33.4,32.2,68.0,43.0,3.5,9.9,0.4,5.4,0.0,0.0,13
2020-08-31,28.0,25.2,35.0,25.5,35.6,24.0,31.5,29.2,30.2,31.6,37.9,35.4,33.6,32.2,79.0,45.0,2.9,7.6,0.3,3.99,0.0,0.0,8
2020-09-01,26.2,25.0,30.8,25.6,31.2,23.6,29.7,28.8,30.2,31.8,32.7,31.4,31.6,31.6,90.0,64.0,1.7,0.0,0.0,3.75,0.0,0.0,10
2020-09-02,26.5,24.0,29.6,23.8,30.8,22.5,29.9,28.6,29.8,31.2,32.3,31.2,31.0,31.4,80.0,60.0,3.5,0.8,0.0,2.88,0.0,0.0,8
2020-09-03,27.8,24.6,31.0,25.0,34.5,25.2,31.3,28.4,29.6,29.8,35.9,33.8,32.6,31.6,76.0,60.0,3.1,7.8,0.0,3.85,0.0,0.0,13
2020-09-04,28.5,26.0,32.8,25.0,35.5,24.8,31.1,28.8,29.8,31.0,35.9,33.8,32.6,31.6,80.0,51.0,2.1,9.7,0.0,4.43,0.0,0.0,10
2020-09-05,28.5,25.4,33.0,24.5,35.2,24.5,31.9,29.0,30.2,31.4,35.5,34.2,33.0,31.8,76.0,48.0,4.0,8.9,4.2,3.67,0.0,0.0,10
2020-09-06,27.0,25.0,25.5,24.0,33.0,26.0,30.9,28.0,29.4,31.4,32.7,32.0,32.4,31.6,84.0,87.0,5.7,5.3,34.7,3.0,0.0,0.0,13
2020-09-07,28.5,22.8,30.2,23.0,32.5,26.8,28.1,27.0,28.2,30.4,30.9,30.6,30.0,30.6,59.0,59.0,6.2,2.7,0.0,5.1,0.0,0.0,13
2020-09-08,29.0,25.5,32.8,25.0,35.0,26.0,30.5,28.0,28.8,30.4,35.9,34.4,32.0,31.0,75.0,51.0,4.8,8.7,0.0,4.56,0.0,0.0,10
2020-09-09,29.5,25.5,31.5,24.8,34.8,24.0,32.3,29.2,30.0,31.0,34.5,32.6,32.6,31.2,71.0,55.0,5.6,7.9,0.0,4.42,0.0,0.0,8
2020-09-10,29.0,25.0,32.0,24.5,33.5,25.6,31.1,29.0,29.8,31.2,34.9,32.6,31.6,31.2,71.0,52.0,6.0,7.6,0.0,6.02,0.0,0.0,4
2020-09-11,27.2,23.6,32.0,24.5,34.0,24.5,30.1,23.4,29.6,30.8,33.3,31.6,31.2,31.2,73.0,52.0,5.3,6.3,0.0,6.91,0.0,0.0,10
2020-09-12,26.5,24.0,29.0,24.8,32.0,24.5,29.5,28.0,29.2,30.6,31.9,30.0,30.6,29.8,80.0,70.0,4.4,0.0,0.0,3.65,0.0,0.0,10
2020-09-13,28.0,25.0,32.0,24.8,33.0,26.0,29.1,27.8,28.8,30.4,32.5,30.0,30.8,29.8,77.0,55.0,7.1,5.9,0.0,6.0,0.0,0.0,13
2020-09-14,29.2,24.6,32.0,24.6,34.0,24.8,30.5,28.0,29.0,30.4,34.1,31.2,31.0,30.6,67.0,52.0,5.8,6.6,0.0,4.03,0.0,0.0,10
2020-09-15,29.5,24.0,32.0,25.2,35.0,22.0,31.3,28.2,29.2,30.4,34.3,32.0,31.8,31.0,61.0,56.0,6.4,8.9,0.0,5.82,0.0,0.0,15
2020-09-16,29.0,23.8,33.2,25.0,34.8,22.0,30.5,28.2,29.4,30.6,36.3,32.4,31.6,31.0,63.0,49.0,6.1,9.0,0.0,7.1,0.0,0.0,13
2020-09-17,29.6,24.5,32.5,24.2,35.0,23.0,32.3,28.6,29.6,30.8,34.9,32.4,32.0,31.0,65.0,47.0,6.4,10.2,0.0,5.16,0.0,0.0,13
2020-09-18,30.0,24.4,31.5,24.4,34.5,24.5,31.9,28.8,29.8,30.0,35.3,32.0,31.6,31.2,61.0,53.0,12.8,9.4,0.0,4.11,0.0,0.0,13
2020-09-19,29.0,23.5,31.0,24.5,33.0,26.5,29.9,28.4,29.8,31.0,32.1,30.2,30.6,30.8,62.0,57.0,13.4,0.4,0.0,5.98,0.0,0.0,13
2020-09-20,29.5,24.5,31.5,24.0,35.5,26.5,30.1,28.0,29.4,30.6,34.5,30.8,29.8,30.8,65.0,51.0,11.3,2.4,0.0,6.55,0.0,0.0,10
2020-09-21,30.0,25.0,32.0,25.5,33.5,24.6,30.9,27.8,29.6,30.6,35.5,31.8,31.6,30.8,65.0,47.0,7.3,10.3,0.0,6.2,0.0,0.0,15
2020-09-22,28.5,24.0,30.2,23.8,32.0,24.5,30.3,28.4,29.8,3.6,33.5,30.8,31.2,30.8,67.0,47.0,8.0,1.1,0.0,4.88,0.0,0.0,4
2020-09-23,31.0,24.5,32.6,23.8,35.0,27.5,32.5,28.8,29.8,30.6,38.5,33.4,32.6,31.4,57.0,45.0,6.4,9.0,0.0,7.14,0.0,0.0,13
2020-09-24,29.6,23.8,26.8,24.2,35.5,23.0,32.3,28.8,30.0,31.0,31.9,32.6,33.0,31.4,60.0,87.0,2.2,5.5,0.0,3.8,0.0,0.0,13
2020-09-25,25.5,24.5,29.5,26.2,30.2,33.5,28.5,27.6,29.4,30.4,32.1,30.4,30.8,30.6,92.0,75.0,0.8,0.0,0.0,1.94,0.0,0.0,15
2020-09-26,28.8,24.4,31.5,24.5,35.5,24.5,31.1,28.2,29.2,30.4,33.7,32.6,32.2,31.0,60.0,54.0,3.0,8.3,0.0,5.55,0.0,0.0,8
2020-09-27,29.5,25.0,32.5,24.8,35.6,25.2,31.3,28.4,29.6,30.0,36.7,33.8,33.0,31.8,67.0,48.0,2.8,10.4,0.0,5.35,0.0,0.0,15
2020-09-28,30.0,25.5,32.5,24.0,35.8,24.5,32.7,29.2,30.6,31.2,37.3,33.8,33.4,31.8,69.0,50.0,3.1,8.4,0.0,3.8,0.0,0.0,13
2020-09-29,28.5,24.5,31.8,23.5,34.5,21.6,31.9,29.2,30.8,31.4,35.9,33.2,32.8,31.6,71.0,48.0,4.2,3.9,0.0,5.35,0.0,0.0,13
2020-09-30,30.0,24.0,31.2,24.5,34.5,26.0,32.7,29.0,30.4,30.8,38.5,33.6,32.8,31.6,59.0,56.0,8.6,8.7,0.0,6.04,0.0,0.0,13
2020-10-01,31.0,23.5,32.0,22.5,34.0,25.5,31.5,28.6,30.4,31.0,36.1,32.6,32.8,31.6,50.0,41.0,6.8,7.4,0.0,5.8,0.0,0.0,8
2020-10-02,29.5,23.0,34.2,23.8,35.5,26.0,31.9,28.0,29.8,31.0,39.7,34.2,33.2,31.6,55.0,39.0,8.6,10.2,0.0,8.62,0.0,0.0,15
2020-10-03,30.5,24.0,32.5,23.5,35.0,25.5,31.9,28.8,30.6,31.4,38.9,33.6,33.4,31.8,56.0,44.0,12.7,8.7,0.0,7.95,0.0,0.0,13
2020-10-04,31.0,24.5,33.5,23.0,35.0,24.5,33.3,29.6,30.0,31.6,40.5,34.8,33.6,32.2,54.0,37.0,10.0,11.5,0.0,8.71,0.0,0.0,13
2020-10-05,31.2,22.5,35.5,24.2,36.8,20.0,33.5,29.0,30.8,31.6,42.7,36.2,34.6,32.4,45.0,36.0,3.8,10.9,0.0,7.84,0.0,0.0,13
2020-10-06,29.5,23.4,34.5,25.0,36.8,26.2,33.7,29.8,31.0,32.2,42.1,36.4,34.6,32.6,57.0,43.0,3.8,9.7,0.0,6.0,0.0,0.0,1
2020-10-07,29.0,22.5,32.5,23.8,35.0,27.5,32.9,30.0,31.8,32.6,38.7,34.8,34.4,32.6,55.0,45.0,3.1,6.2,0.0,4.49,0.0,0.0,8
2020-10-08,29.0,24.5,35.5,25.5,36.6,24.6,33.3,30.0,31.8,32.4,41.7,35.8,35.2,32.8,68.0,42.0,2.6,7.8,11.8,6.97,0.0,0.0,8
2020-10-09,27.0,25.0,30.5,23.0,31.2,23.5,30.5,29.0,30.4,32.0,31.9,31.0,31.6,31.8,84.0,50.0,2.2,0.1,0.0,4.7,0.0,0.0,1
2020-10-10,28.0,25.0,32.0,24.0,34.0,27.0,30.3,28.0,29.6,31.2,33.7,31.4,31.2,31.4,77.0,49.0,8.3,8.0,0.0,4.21,0.0,0.0,9
2020-10-11,30.8,24.4,32.0,24.2,33.8,28.8,36.3,27.8,29.0,30.7,34.3,31.8,31.4,31.0,57.0,50.0,14.7,8.9,0.0,6.63,0.0,0.0,13
2020-10-12,30.8,23.4,32.5,24.4,35.0,26.5,30.5,28.0,29.2,30.6,35.1,32.0,31.8,30.0,51.0,48.0,14.8,8.7,0.0,7.47,0.0,0.0,13
2020-10-13,33.0,23.0,32.0,24.0,35.5,26.4,32.3,28.6,29.6,30.6,36.5,33.0,32.2,31.4,40.0,49.0,14.9,10.1,0.0,7.54,0.0,0.0,13
2020-10-14,30.8,23.8,27.5,24.5,34.0,25.0,31.3,28.8,30.2,31.2,31.7,31.8,32.0,31.4,53.0,77.0,12.5,5.4,1.2,6.67,0.0,0.0,13
2020-10-15,31.0,23.8,32.6,24.8,34.8,25.1,30.3,28.6,29.6,30.6,35.3,32.2,32.2,31.4,52.0,51.0,11.9,10.4,0.0,7.59,0.0,0.0,13
2020-10-16,31.5,24.2,34.2,23.6,35.5,26.5,32.3,28.8,30.0,31.0,38.1,34.0,32.2,31.6,52.0,38.0,9.4,11.0,0.0,8.44,0.0,0.0,13
2020-10-17,30.5,23.4,34.0,25.0,35.2,25.5,32.1,28.0,29.8,31.3,37.9,34.6,33.4,32.6,52.0,62.0,5.8,8.8,0.0,7.32,0.0,0.0,13
2020-10-18,30.5,24.5,34.5,25.0,36.2,26.5,33.7,28.8,31.4,31.8,39.3,36.0,34.8,32.2,59.0,43.0,6.2,9.3,0.0,6.8,0.0,0.0,13
2020-10-19,31.0,24.0,34.0,24.0,36.0,26.5,32.5,30.0,31.4,32.2,39.5,35.6,34.6,32.6,54.0,41.0,7.6,10.4,0.0,6.0,0.0,0.0,13
2020-10-20,31.0,24.0,34.5,24.0,36.4,28.0,32.9,29.8,31.4,32.2,39.5,35.4,34.4,32.6,54.0,38.0,8.1,11.1,0.0,8.53,0.0,0.0,8
2020-10-21,32.2,24.6,32.8,24.6,35.5,28.0,34.1,29.8,31.4,32.2,37.7,34.6,33.8,32.6,51.0,49.0,8.4,9.4,0.0,6.27,0.0,0.0,8
2020-10-22,32.0,24.4,34.5,24.5,36.0,28.4,34.3,29.8,31.2,32.2,39.1,35.2,34.8,33.0,51.0,41.0,9.8,11.4,0.0,9.18,0.0,0.0,13
2020-10-23,32.4,23.0,34.5,23.7,36.0,26.7,34.3,29.8,31.4,32.4,39.7,35.8,34.6,32.8,42.0,37.0,8.8,10.8,0.0,6.08,0.0,0.0,10
2020-10-24,30.5,23.0,34.5,24.5,36.5,24.5,33.7,29.6,31.2,32.4,39.5,35.4,34.4,32.6,50.0,41.0,5.9,9.5,0.0,8.48,0.0,0.0,10
2020-10-25,31.0,23.5,34.5,25.0,36.2,24.0,33.7,29.6,31.2,32.4,38.7,35.2,34.8,32.8,51.0,43.0,4.3,9.3,0.0,7.43,0.0,0.0,13
2020-10-26,30.5,25.0,34.0,24.5,36.4,24.5,36.3,30.4,31.8,32.6,39.7,36.0,35.0,33.2,62.0,44.0,3.6,9.4,12.0,4.41,0.0,0.0,10
2020-10-27,27.5,25.5,30.2,25.0,33.5,25.5,31.3,29.4,30.4,32.2,33.7,33.8,33.4,32.4,85.0,64.0,3.2,6.3,24.7,4.54,0.0,0.0,9
2020-10-28,28.0,26.0,32.5,25.0,33.5,26.0,31.5,28.8,29.8,31.2,34.1,33.4,32.6,31.6,85.0,52.0,2.8,8.0,8.6,4.84,0.0,0.0,13
2020-10-29,27.5,24.6,34.0,25.5,34.2,24.5,30.5,28.4,29.4,31.0,33.9,33.0,32.6,31.4,77.0,49.0,3.8,9.2,0.0,5.39,0.0,0.0,9
2020-10-30,29.0,24.5,32.5,25.5,34.0,24.5,31.1,29.0,30.0,31.2,33.7,33.2,32.4,31.4,68.0,55.0,4.6,9.2,0.1,3.92,0.0,0.0,9
2020-10-31,27.4,25.0,33.5,26.0,34.5,22.5,30.3,29.0,29.8,31.2,34.9,33.8,33.0,31.6,81.0,53.0,3.8,9.3,52.2,4.48,0.0,0.0,9
2020-11-01,28.5,26.0,30.5,25.2,34.5,24.4,30.9,28.4,29.2,30.6,34.3,33.6,32.4,31.4,80.0,63.0,3.8,9.9,9.0,3.67,0.0,0.0,10
2020-11-02,27.5,25.0,33.4,25.2,34.0,24.5,30.9,28.6,29.6,31.0,34.1,33.6,32.6,31.4,80.0,49.0,3.4,8.0,1.9,4.72,0.0,0.0,9
2020-11-03,28.2,25.0,33.2,26.0,34.0,23.6,31.3,29.2,30.0,31.2,34.3,34.0,33.0,31.5,76.0,54.0,3.7,9.1,17.2,4.39,0.0,0.0,10
2020-11-04,26.0,24.5,31.5,24.5,33.2,25.0,29.7,28.4,29.6,31.0,34.1,33.8,32.6,31.6,88.0,54.0,2.5,6.5,2.1,4.34,0.0,0.0,9
2020-11-05,29.0,25.0,32.0,25.8,33.5,25.2,31.7,29.4,30.2,31.4,33.7,33.0,32.6,31.0,71.0,59.0,2.9,10.3,0.9,4.04,0.0,0.0,10
2020-11-06,27.5,25.5,29.5,25.8,32.8,24.5,31.3,29.6,30.0,31.4,32.7,32.2,32.0,31.4,85.0,73.0,2.4,6.2,7.0,3.56,0.0,0.0,13
2020-11-07,29.2,26.5,30.5,25.5,34.4,24.4,31.5,28.8,29.8,31.0,32.3,32.0,31.6,31.2,81.0,66.0,4.1,9.9,15.4,3.92,0.0,0.0,10
2020-11-08,27.5,25.4,26.0,24.5,31.0,23.5,30.3,28.0,29.0,30.6,30.3,29.5,30.2,30.6,83.0,88.0,2.4,3.1,53.0,2.1,0.0,0.0,10
2020-11-09,26.5,25.0,30.4,25.0,31.2,24.2,29.7,27.6,28.0,29.8,31.7,31.0,30.4,30.4,81.0,63.0,4.0,5.8,18.7,2.93,0.0,0.0,15
2020-11-10,24.5,23.6,26.0,25.0,28.4,23.8,28.1,27.2,28.2,29.8,29.9,29.0,29.6,29.6,91.0,92.0,2.2,0.3,1.7,2.88,0.0,0.0,13
2020-11-11,27.5,25.0,29.5,26.2,32.8,25.0,29.9,27.4,28.2,29.6,33.7,32.4,31.2,30.2,80.0,75.0,2.1,9.8,1.2,2.35,0.0,0.0,9
2020-11-12,28.5,26.0,28.0,25.8,30.6,25.4,30.5,28.6,29.2,30.2,31.5,31.0,30.8,30.4,80.0,83.0,2.4,6.3,5.2,2.44,0.0,0.0,5
2020-11-13,28.5,26.2,29.5,25.5,32.5,25.5,30.5,28.4,29.2,30.4,32.3,31.6,31.2,30.4,82.0,71.0,3.2,5.8,1.0,2.66,0.0,0.0,10
2020-11-14,27.0,25.5,28.5,26.0,31.0,24.5,29.1,27.2,29.2,30.6,31.7,29.4,30.6,30.6,89.0,80.0,2.0,3.9,10.6,2.1,0.0,0.0,13
2020-11-15,28.5,26.0,30.5,26.5,33.0,27.0,29.7,28.4,29.2,30.4,32.9,30.8,31.6,30.4,80.0,72.0,2.3,7.1,0.0,4.9,1.0,0.0,13
2020-11-16,27.5,25.5,26.0,25.0,29.0,24.6,30.1,28.4,29.4,30.6,29.7,29.4,30.0,30.4,89.0,92.0,2.1,0.0,7.8,2.17,0.0,0.0,5
2020-11-17,26.5,24.6,25.4,24.4,31.1,23.5,29.5,28.0,28.4,30.2,28.5,29.6,30.2,30.0,84.0,92.0,2.7,4.7,29.3,3.44,0.0,0.0,5
2020-11-18,27.2,25.0,31.0,26.2,33.5,23.5,29.5,27.6,28.0,29.6,32.5,32.0,31.2,30.0,83.0,67.0,2.5,9.0,0.6,3.36,0.0,0.0,4
2020-11-19,28.5,25.5,29.5,24.6,32.0,24.5,31.3,28.4,28.8,30.2,33.3,32.0,31.4,31.4,78.0,65.0,2.3,8.9,0.4,4.21,0.0,0.0,10
2020-11-20,29.5,25.5,30.5,24.8,32.5,24.5,33.1,28.6,29.2,30.2,33.5,32.0,31.4,31.6,71.0,61.0,3.4,5.9,0.3,3.53,0.0,0.0,4
2020-11-21,27.4,25.0,27.7,24.5,32.5,24.5,30.3,28.2,29.0,30.4,31.5,30.4,30.6,30.4,81.0,76.0,2.4,2.9,27.5,4.06,0.0,0.0,13
2020-11-22,24.6,22.5,23.0,22.5,27.2,23.0,27.9,26.8,28.0,23.0,27.5,27.4,28.6,29.4,83.0,96.0,2.2,0.0,16.7,1.13,0.0,0.0,9
2020-11-23,25.0,24.3,27.0,24.2,28.2,24.0,27.3,25.8,27.2,28.8,30.1,29.0,28.8,29.0,95.0,78.0,4.3,0.0,3.0,2.29,0.0,0.0,13
2020-11-24,27.0,24.4,27.1,24.6,29.0,24.5,28.3,26.4,27.4,28.8,29.3,28.2,28.4,29.0,80.0,80.0,6.7,0.0,0.0,2.21,1.0,0.0,9
2020-11-25,26.8,24.0,28.0,24.6,30.8,23.4,28.3,26.4,27.6,28.6,30.9,29.4,29.2,29.0,78.0,74.0,3.0,0.3,0.0,1.23,0.0,0.0,9
2020-11-26,27.0,24.8,32.0,25.5,33.5,23.5,30.3,26.8,27.6,29.0,34.5,32.4,30.8,29.4,83.0,58.0,1.5,9.5,0.0,2.95,0.0,0.0,15
2020-11-27,27.0,24.5,32.0,25.0,33.0,23.0,30.3,26.6,28.2,29.2,34.3,32.3,31.4,30.0,81.0,50.0,2.2,10.1,0.0,3.02,0.0,0.0,13
2020-11-28,27.5,24.0,30.4,25.0,32.0,25.5,30.9,27.2,28.4,30.0,33.9,31.6,31.2,30.2,77.0,63.0,2.5,10.3,0.0,3.33,0.0,0.0,13
2020-11-29,27.0,25.4,30.0,24.6,31.8,23.1,31.7,27.8,28.6,29.8,33.3,31.0,30.6,30.2,87.0,63.0,2.6,6.9,0.0,3.13,0.0,0.0,9
2020-11-30,27.4,25.0,29.6,24.2,30.8,23.6,30.1,27.8,28.8,29.8,32.5,30.6,30.2,30.2,81.0,62.0,3.9,7.3,0.4,4.54,0.0,0.0,13
2020-12-01,26.2,24.4,25.0,24.0,28.8,22.5,29.1,27.4,28.4,29.6,28.7,28.0,28.8,29.6,85.0,92.0,4.6,0.0,26.8,1.9,0.0,0.0,15
2020-12-02,24.0,23.3,25.5,23.5,27.5,23.0,26.5,26.2,27.6,29.0,28.1,26.8,27.8,28.8,96.0,84.0,8.7,0.0,5.8,1.22,0.0,0.0,13
2020-12-03,27.0,23.6,26.5,24.0,28.0,22.5,28.1,25.8,26.8,28.4,28.1,27.0,27.6,28.4,74.0,80.0,5.1,0.9,0.0,4.92,0.0,0.0,9
2020-12-04,26.5,25.0,29.5,24.5,31.5,23.5,29.1,26.4,27.0,28.4,31.9,3.2,29.8,28.8,87.0,65.0,3.4,5.1,0.0,3.71,0.0,0.0,9
2020-12-05,26.5,25.0,30.0,25.0,30.5,23.0,27.9,26.8,27.8,29.2,32.1,29.8,29.6,29.2,87.0,65.0,3.1,3.6,0.0,3.42,0.0,0.0,13
2020-12-06,26.6,25.0,30.0,26.0,31.5,22.5,28.7,26.8,28.0,29.0,31.9,29.8,30.2,29.4,87.0,71.0,2.4,2.7,14.5,3.74,0.0,0.0,13
2020-12-07,26.8,25.0,30.4,26.2,32.0,23.0,30.3,26.8,27.8,29.2,32.5,31.0,30.4,29.6,86.0,70.0,1.9,8.3,0.0,4.99,0.0,0.0,5
2020-12-08,25.2,24.6,26.5,25.0,29.2,21.6,28.1,26.8,27.8,29.4,30.9,27.6,29.2,29.4,95.0,87.0,1.4,1.8,13.6,2.44,0.0,0.0,5
2020-12-09,25.6,24.6,28.0,24.5,31.5,22.5,29.7,26.6,27.6,29.0,31.7,30.8,30.2,29.4,92.0,74.0,2.9,8.4,0.0,4.23,0.0,0.0,5
2020-12-10,27.5,25.0,28.5,24.0,31.0,24.5,30.3,26.0,27.8,29.2,32.3,31.4,30.2,29.6,80.0,67.0,2.6,8.7,0.0,4.07,0.0,0.0,8
2020-12-11,26.1,24.0,28.0,23.5,31.0,21.5,29.7,26.8,27.8,29.4,32.1,30.8,30.2,29.4,82.0,68.0,2.3,9.5,0.0,3.13,0.0,0.0,13
2020-12-12,25.5,24.5,28.0,25.0,30.5,22.6,29.1,26.2,27.8,29.0,31.5,30.2,29.8,29.4,92.0,77.0,1.6,6.5,0.0,3.2,0.0,0.0,9
2020-12-13,26.0,24.0,28.5,24.0,30.0,20.4,29.3,26.8,27.8,29.2,31.9,30.0,29.8,29.4,84.0,67.0,2.6,5.5,0.0,2.75,0.0,0.0,13
2020-12-14,25.5,23.1,27.6,23.0,30.5,24.5,28.7,25.8,27.2,29.0,31.3,30.0,29.6,29.2,81.0,66.0,2.8,8.1,12.1,2.66,0.0,0.0,9
2020-12-15,24.5,23.2,27.6,24.4,29.0,21.0,27.7,26.2,27.4,28.8,30.9,28.8,28.6,29.0,88.0,76.0,1.4,2.6,0.0,1.53,0.0,0.0,9
2020-12-16,24.5,24.0,30.2,24.5,31.2,21.5,28.1,25.8,27.0,28.6,32.3,30.4,29.6,29.0,95.0,61.0,2.3,8.6,0.0,1.83,0.0,0.0,13
2020-12-17,26.5,24.5,30.5,25.2,31.5,23.0,29.5,26.4,27.4,29.0,33.1,31.2,29.8,29.0,84.0,63.0,2.0,9.9,0.0,2.06,0.0,0.0,10
2020-12-18,25.5,24.5,27.5,25.0,29.0,22.5,28.3,26.8,27.8,29.0,31.7,29.8,29.2,29.2,92.0,80.0,2.2,1.9,11.0,0.67,0.0,0.0,13
2020-12-19,25.5,24.5,26.0,25.0,30.5,22.5,28.5,26.8,28.0,29.0,29.7,29.6,29.4,29.0,92.0,92.0,3.5,3.7,61.0,0.69,0.0,0.0,13
2020-12-21,23.5,23.0,24.5,24.0,26.5,22.5,25.7,25.0,26.2,27.8,27.7,26.8,27.2,27.8,95.0,95.0,2.9,0.0,64.8,0.64,0.0,0.0,5
2020-12-22,23.4,23.0,23.5,23.0,24.8,22.0,25.5,25.0,26.2,27.6,26.5,25.8,26.6,27.6,96.0,95.0,1.7,0.0,27.5,0.87,0.0,0.0,4
2020-12-23,24.5,23.5,26.0,24.2,27.4,22.5,26.7,25.0,26.0,27.6,28.7,27.0,27.0,27.4,96.0,85.0,1.8,0.5,34.2,0.87,0.0,0.0,4
2020-12-24,25.0,24.0,28.5,24.2,30.0,22.0,26.9,25.2,26.4,27.6,31.3,29.6,28.4,27.8,92.0,68.0,2.3,7.6,0.0,2.58,1.0,0.0,10
2020-12-25,25.5,24.2,29.0,24.5,30.4,22.5,27.5,25.4,26.6,27.8,31.9,30.2,28.6,28.0,88.0,68.0,2.7,6.8,0.8,3.44,0.0,0.0,9
2020-12-26,24.0,23.1,23.5,22.5,26.5,21.5,26.7,26.0,27.2,28.2,27.7,26.8,27.4,28.0,93.0,91.0,3.0,0.0,11.2,3.47,0.0,0.0,13
2020-12-27,24.5,24.0,26.0,23.5,28.8,22.5,27.1,25.2,26.2,27.8,29.7,28.4,28.2,27.8,95.0,81.0,2.8,2.1,5.8,2.44,0.0,0.0,13
2020-12-28,26.0,24.6,25.4,24.5,28.5,23.0,28.7,26.2,27.0,28.0,28.5,27.2,27.6,27.8,88.0,93.0,3.5,0.3,15.8,0.53,0.0,0.0,13
2020-12-29,27.0,25.0,30.5,25.0,31.6,25.0,28.5,26.2,27.0,28.0,32.9,30.4,29.8,28.6,84.0,62.0,2.3,9.5,0.0,1.29,0.0,0.0,5
2020-12-31,24.2,23.5,23.0,22.5,30.5,21.8,26.5,25.6,27.2,28.4,26.3,25.8,27.0,28.0,95.0,96.0,1.9,0.0,43.2,0.56,0.0,0.0,13
2021-01-01,24.6,23.5,26.5,24.6,26.8,21.5,26.7,25.0,26.0,27.6,28.5,26.8,27.0,27.6,93.0,84.0,1.8,1.4,0.7,0.57,0.0,0.0,13
2021-01-02,23.5,23.0,26.5,25.0,28.0,22.5,25.9,24.8,26.0,27.4,28.1,26.0,27.2,27.6,95.0,87.0,1.7,0.2,4.3,0.53,0.0,0.0,13
2021-01-03,24.5,24.0,24.5,24.0,27.8,22.5,26.7,25.4,26.4,27.6,27.5,26.8,27.4,27.8,95.0,95.0,1.5,0.0,39.3,0.67,0.0,0.0,13
2021-01-04,23.5,23.0,27.4,25.0,28.8,22.5,25.7,25.0,26.2,27.6,29.7,28.0,27.4,27.4,95.0,86.0,2.0,0.0,16.2,0.89,0.0,0.0,5
2021-01-05,25.1,24.0,30.5,26.0,31.0,22.5,27.7,2.0,26.6,27.6,32.9,31.0,29.2,28.0,90.0,68.0,1.6,6.8,0.5,1.68,0.0,0.0,13
2021-01-06,26.0,25.0,30.0,26.0,32.2,22.5,28.1,26.2,27.0,28.2,33.3,31.2,29.8,28.6,92.0,71.0,2.0,7.0,33.3,0.75,0.0,0.0,5
2021-01-07,24.0,23.5,30.5,25.5,31.5,22.5,27.5,26.0,27.2,28.4,32.5,31.0,29.6,28.4,96.0,66.0,1.6,7.3,0.2,1.32,0.0,0.0,9
2021-01-08,27.0,25.0,28.5,26.5,32.5,24.0,27.7,26.0,27.6,28.8,32.5,31.2,29.8,29.0,84.0,85.0,1.7,7.9,10.7,1.34,0.0,0.0,13
2021-01-09,26.0,25.0,23.0,22.5,26.5,21.5,28.5,27.0,28.2,29.0,26.5,25.8,27.4,29.0,92.0,96.0,1.6,0.0,63.6,0.31,0.0,0.0,4
2021-01-10,24.5,23.5,26.5,25.0,28.5,22.0,26.7,25.2,26.4,27.8,29.5,28.2,28.0,28.2,91.0,87.0,2.5,0.0,22.3,0.5,0.0,0.0,13
2021-01-11,24.0,23.5,26.0,25.0,26.8,22.5,26.3,25.4,26.4,27.8,29.1,27.2,27.4,27.8,96.0,92.0,1.2,0.0,75.6,0.96,0.0,0.0,10
2021-01-12,25.2,24.2,25.2,24.4,26.6,22.0,27.7,25.8,26.6,27.6,27.9,26.4,27.0,27.8,91.0,93.0,2.2,0.0,18.4,0.49,0.0,0.0,10
2021-01-13,24.0,23.2,24.8,24.0,29.5,22.5,25.9,25.0,26.0,27.4,28.0,26.8,27.2,27.6,93.0,93.0,2.4,1.2,18.5,0.8,0.0,0.0,5
2021-01-14,24.5,25.5,30.5,25.5,30.8,22.4,27.5,25.6,26.4,27.8,31.9,29.8,28.6,27.8,92.0,66.0,3.3,8.0,37.3,1.18,0.0,0.0,13
2021-01-15,23.5,23.0,24.5,23.5,26.2,21.2,26.1,25.4,26.8,28.0,27.3,26.0,26.6,27.6,95.0,91.0,1.0,0.0,7.4,0.44,0.0,0.0,4
2021-01-16,26.0,24.5,29.0,24.5,30.0,22.0,27.1,25.0,25.8,27.2,31.1,29.0,28.6,27.4,88.0,68.0,1.6,4.2,0.8,1.37,0.0,0.0,15
2021-01-17,23.8,23.0,27.5,24.6,28.5,22.5,26.9,25.8,26.6,27.6,29.7,28.0,27.6,27.8,93.0,77.0,2.0,3.0,19.3,1.81,0.0,0.0,15
2021-01-18,24.0,23.5,25.0,24.0,25.8,20.5,26.5,25.6,26.6,27.6,28.3,26.8,27.0,27.6,96.0,92.0,2.1,0.0,4.7,0.13,0.0,0.0,13
2021-01-19,24.5,23.0,28.0,24.5,29.5,21.5,27.1,25.2,26.0,27.2,31.1,29.0,28.2,27.6,87.0,74.0,3.6,4.5,4.3,2.59,0.0,0.0,15
2021-01-20,25.1,23.6,28.5,26.5,31.4,23.0,28.1,26.2,26.8,28.0,32.5,30.6,29.6,31.4,87.0,85.0,1.7,7.5,0.4,2.77,0.0,0.0,15
2021-01-21,28.0,25.6,30.0,25.5,32.0,24.0,29.5,26.8,27.8,31.0,33.9,31.2,30.0,31.4,82.0,69.0,2.0,10.8,0.0,3.0,0.0,0.0,1
2021-01-22,26.0,25.5,30.0,25.0,31.0,24.5,28.3,26.6,27.6,31.0,33.3,31.0,29.6,31.4,97.0,65.0,2.0,7.9,0.2,2.49,0.0,0.0,13
2021-01-23,26.5,25.0,30.0,24.0,30.5,20.0,28.3,26.4,27.4,31.0,33.7,31.2,30.0,31.4,92.0,59.0,2.3,10.6,0.0,3.29,0.0,0.0,13
2021-01-24,25.5,24.0,29.0,23.5,30.5,23.5,27.9,27.8,27.0,31.0,32.5,31.0,29.4,31.4,87.0,62.0,2.3,10.3,0.0,3.36,0.0,0.0,13
2021-01-25,24.5,23.0,29.5,24.0,31.0,19.0,27.3,25.4,27.8,31.0,33.7,30.2,30.0,31.4,87.0,61.0,2.1,10.6,0.0,4.51,0.0,0.0,13
2021-01-26,24.5,23.0,29.0,23.0,30.0,19.0,27.5,25.4,26.6,31.0,32.3,30.4,29.4,31.4,87.0,58.0,2.6,10.8,0.0,4.48,0.0,0.0,13
2021-01-27,24.5,22.5,28.0,23.0,30.0,21.0,27.5,25.2,26.4,31.0,31.3,27.8,29.0,31.4,79.0,63.0,2.6,8.4,0.0,2.55,0.0,0.0,13
2021-01-28,25.0,23.0,28.5,24.0,29.0,22.3,27.9,26.0,26.8,31.0,30.9,28.8,28.4,31.4,84.0,67.0,2.8,2.2,30.8,2.08,0.0,0.0,9
2021-01-29,23.5,22.5,26.5,23.8,27.0,22.0,25.7,25.4,26.2,31.0,29.1,26.8,27.0,31.4,91.0,78.0,1.5,0.0,16.2,0.14,0.0,0.0,0
2021-01-30,25.5,24.0,27.5,25.0,29.5,21.5,27.9,26.0,26.4,31.0,29.5,28.0,28.6,31.4,87.0,80.0,1.8,5.7,2.0,1.88,0.0,0.0,13
2021-01-31,26.0,24.0,27.5,25.0,30.8,21.5,28.3,26.2,27.0,31.0,31.9,30.2,29.4,31.4,84.0,80.0,2.5,7.2,14.8,2.41,0.0,0.0,9
2021-02-01,24.5,24.0,24.0,23.0,29.4,22.0,27.9,26.0,27.2,31.0,29.3,29.0,29.0,31.4,95.0,91.0,2.0,3.5,3.7,1.72,0.0,0.0,13
2021-02-02,26.0,25.0,24.5,23.4,30.5,22.0,28.3,26.4,27.0,31.0,29.3,28.4,28.8,31.4,92.0,90.0,2.7,5.4,13.4,1.56,0.0,0.0,5
2021-02-03,24.5,23.2,27.0,23.0,28.0,20.5,26.9,25.6,26.8,31.0,29.7,28.0,28.2,31.4,87.0,70.0,2.7,0.0,0.8,1.68,0.0,0.0,13
2021-02-04,24.5,23.5,27.5,23.0,29.5,20.2,26.5,25.0,26.2,31.0,31.1,29.0,28.2,31.4,91.0,66.0,2.8,5.2,0.0,1.47,0.0,0.0,9
2021-02-05,23.5,22.5,28.0,24.5,30.0,22.0,26.3,24.8,26.0,31.0,30.7,28.8,28.2,31.4,91.0,74.0,3.1,5.1,0.0,2.59,0.0,0.0,9
2021-02-06,25.2,24.0,27.5,24.5,30.0,22.5,27.5,26.0,26.8,31.0,30.1,28.8,28.4,31.4,90.0,77.0,3.2,3.3,0.0,1.29,0.0,0.0,15
2021-02-07,25.5,24.5,28.5,25.0,30.0,22.0,27.5,26.0,27.2,31.0,30.9,28.8,28.2,31.4,92.0,73.0,3.7,2.2,1.2,1.59,0.0,0.0,13
2021-02-08,25.5,24.0,28.5,23.4,29.4,20.2,27.6,26.2,26.8,31.0,30.9,28.6,28.4,31.4,87.0,57.0,3.9,3.7,0.0,2.68,0.0,0.0,4
2021-02-09,26.0,23.0,28.0,23.0,30.0,18.0,27.7,25.6,26.4,31.0,32.3,29.8,28.8,31.4,76.0,63.0,4.2,10.3,0.0,3.74,0.0,0.0,8
2021-02-10,24.0,22.0,29.2,22.0,30.0,17.5,26.1,24.6,25.6,31.0,33.1,30.2,29.0,31.4,83.0,51.0,3.4,9.5,0.0,2.8,0.0,0.0,13
2021-02-11,24.2,21.5,27.6,21.5,30.5,18.4,27.1,25.0,25.8,31.0,32.9,31.0,29.6,31.4,78.0,57.0,2.4,10.7,0.0,3.96,0.0,0.0,13
2021-02-12,22.5,21.1,28.6,24.0,31.4,21.0,25.7,24.6,25.8,31.0,33.3,30.6,29.6,31.4,88.0,67.0,2.8,9.1,0.0,3.31,0.0,0.0,9
2021-02-13,25.0,23.4,29.5,24.8,31.6,21.5,28.1,26.2,27.6,31.0,32.9,30.6,29.8,31.4,87.0,66.0,3.6,10.7,0.0,3.4,0.0,0.0,13
2021-02-14,26.0,24.5,29.6,25.0,31.5,21.5,28.3,26.6,27.6,31.0,34.7,32.0,30.0,31.4,88.0,67.0,3.4,9.5,0.0,3.09,0.0,0.0,13
2021-02-15,25.5,24.5,30.5,24.5,31.6,20.0,29.1,27.0,28.0,31.0,34.5,32.2,31.0,31.4,92.0,59.0,2.8,10.6,0.0,3.87,0.0,0.0,8
2021-02-16,25.2,23.4,29.5,25.0,31.5,19.0,28.5,26.4,27.6,31.0,33.9,32.2,31.0,31.4,85.0,67.0,2.0,10.4,0.0,2.82,0.0,0.0,13
2021-02-17,26.0,23.0,29.5,23.5,31.4,18.6,28.9,26.4,27.6,31.0,34.5,32.2,30.2,31.4,76.0,58.0,2.4,10.7,0.0,4.45,0.0,0.0,9
2021-02-18,25.5,23.6,30.2,23.6,31.4,22.5,28.3,26.2,27.4,31.0,34.3,31.6,30.0,31.4,84.0,55.0,3.1,10.5,0.0,3.2,0.0,0.0,13
2021-02-19,26.6,24.0,28.6,25.5,31.0,22.5,30.3,27.8,28.6,31.0,32.1,30.6,30.2,31.4,80.0,78.0,3.2,8.8,1.2,2.21,0.0,0.0,10
2021-02-20,27.0,25.5,29.0,24.0,30.0,21.0,29.3,27.0,28.4,31.0,31.7,29.8,30.2,31.4,89.0,64.0,3.5,11.0,44.5,3.48,0.0,0.0,9
2021-02-21,24.5,22.5,30.0,24.0,31.0,22.0,26.5,25.4,26.6,31.0,32.1,29.4,30.0,31.4,83.0,59.0,2.6,9.9,1.2,2.32,0.0,0.0,5
2021-02-22,26.5,24.8,29.5,24.6,31.5,22.5,28.7,27.0,27.6,31.0,33.3,31.8,30.8,31.4,86.0,65.0,3.4,9.2,0.0,3.13,0.0,0.0,9
2021-02-23,26.5,25.0,29.5,24.5,31.5,24.0,29.5,27.2,28.0,31.0,33.9,31.8,30.6,31.4,87.0,65.0,2.9,9.1,0.0,4.03,0.0,0.0,8
2021-02-24,25.5,24.0,30.8,25.5,31.8,20.6,28.5,26.6,27.6,31.0,34.5,32.2,30.8,31.4,87.0,64.0,2.4,9.8,0.0,4.72,0.0,0.0,9
2021-02-25,26.0,24.4,31.2,25.6,33.0,21.0,29.1,26.8,27.8,31.0,35.7,33.0,31.4,31.4,87.0,62.0,2.0,10.6,0.0,4.68,0.0,0.0,9
2021-02-26,26.5,25.0,31.5,24.5,33.0,21.0,29.5,27.2,28.2,31.0,35.5,33.0,32.0,31.4,87.0,54.0,2.3,10.7,0.0,4.3,0.0,0.0,13
2021-02-27,27.5,25.2,32.5,24.0,33.2,21.8,30.3,27.8,28.6,31.0,36.5,33.8,32.4,31.4,81.0,46.0,1.8,10.3,0.0,3.13,0.0,0.0,10
2021-02-28,26.7,25.0,32.2,24.5,33.0,19.5,29.7,27.8,28.8,31.0,36.5,33.8,32.4,31.4,86.0,51.0,2.7,10.7,0.0,4.9,0.0,0.0,5
2021-03-01,26.5,23.8,31.4,22.5,32.4,18.5,29.9,27.4,28.2,31.0,35.5,33.2,32.0,31.4,78.0,44.0,2.2,11.0,0.0,4.43,0.0,0.0,9
2021-03-02,25.5,22.5,31.0,22.5,32.0,18.5,28.5,26.4,27.8,31.0,34.7,32.4,31.6,31.4,76.0,46.0,2.7,10.6,0.0,4.72,0.0,0.0,5
2021-03-03,25.5,23.0,31.0,23.0,32.4,23.4,29.3,26.8,27.6,31.0,34.9,32.4,31.2,31.4,79.0,48.0,2.8,10.4,0.0,4.41,0.0,0.0,9
2021-03-04,26.0,23.6,31.0,24.0,32.5,20.2,28.7,26.4,27.8,31.0,34.7,32.0,31.4,31.4,81.0,54.0,2.6,10.3,0.0,4.34,0.0,0.0,9
2021-03-05,25.5,23.8,29.0,24.5,31.0,21.5,29.1,26.8,28.2,31.0,32.3,30.6,30.4,31.4,85.0,68.0,2.4,9.5,0.0,3.67,0.0,0.0,13
2021-03-06,27.4,24.5,31.5,25.4,33.2,20.6,30.1,27.8,28.6,31.0,35.5,32.8,31.8,31.4,78.0,62.0,2.8,10.1,0.0,4.09,0.0,0.0,13
2021-03-07,27.0,25.0,31.5,25.4,33.5,24.5,30.3,27.8,28.8,31.0,34.7,32.4,31.6,31.4,84.0,59.0,3.0,5.7,0.0,3.13,0.0,0.0,9
2021-03-08,29.5,26.5,31.5,25.5,33.0,25.0,31.3,28.4,29.2,31.0,31.7,32.4,31.4,31.4,78.0,60.0,2.7,6.3,0.0,4.03,0.0,0.0,13
2021-03-09,27.0,25.0,32.5,24.5,33.2,25.2,30.1,27.6,28.6,31.0,37.1,34.0,32.8,31.4,84.0,50.0,3.0,11.0,0.0,4.32,0.0,0.0,5
2021-03-10,26.5,24.5,24.5,23.5,29.8,20.0,29.3,28.0,29.4,31.0,26.7,26.6,28.4,31.4,84.0,91.0,2.2,3.4,69.2,2.28,0.0,0.0,5
2021-03-11,26.2,24.0,29.5,24.5,30.2,25.0,28.3,25.6,26.8,31.0,31.9,30.0,29.6,31.4,82.0,65.0,2.7,6.6,1.2,2.88,0.0,0.0,10
2021-03-12,25.4,25.0,30.5,25.0,32.0,21.2,27.7,26.0,27.6,31.0,33.7,32.0,30.4,31.4,97.0,62.0,3.2,8.6,0.0,4.36,0.0,0.0,5
2021-03-13,27.0,25.0,30.5,24.8,32.8,22.2,29.1,27.0,29.8,31.0,33.7,32.0,30.6,31.4,84.0,61.0,3.6,10.2,0.0,3.85,0.0,0.0,5
2021-03-14,26.5,25.0,28.4,26.0,29.5,24.2,29.3,27.8,28.6,31.0,31.5,29.5,29.8,31.4,87.0,82.0,1.8,2.8,5.7,2.37,0.0,0.0,5
2021-03-15,26.5,24.2,30.8,24.5,32.5,21.5,29.3,26.6,27.6,31.0,34.5,32.0,30.4,31.4,81.0,58.0,3.0,9.1,0.0,3.43,0.0,0.0,13
2021-03-16,27.0,25.0,31.5,25.5,32.8,21.8,29.1,27.0,28.2,31.0,35.1,32.4,31.4,31.4,84.0,60.0,2.3,10.5,0.0,3.38,0.0,0.0,4
2021-03-17,27.0,25.2,31.4,25.5,32.1,20.6,29.5,27.6,28.4,31.0,34.7,32.2,31.2,31.4,86.0,61.0,2.0,7.4,0.0,3.89,0.0,0.0,4
2021-03-18,26.5,24.5,29.2,24.2,31.0,21.6,29.3,27.2,28.2,31.0,32.1,31.0,30.6,31.4,84.0,64.0,2.2,4.4,0.0,2.62,0.0,0.0,5
2021-03-19,25.2,24.2,28.0,24.0,29.0,20.5,28.3,27.0,28.6,31.0,31.1,29.6,29.4,31.4,91.0,70.0,1.2,0.0,0.0,2.6,0.0,0.0,13
2021-03-20,26.2,24.5,29.5,24.5,32.5,22.0,28.7,26.8,27.6,31.0,33.7,32.0,31.4,31.4,87.0,65.0,2.1,6.2,0.0,2.4,0.0,0.0,5
2021-03-21,27.0,25.4,29.5,24.5,33.0,25.5,29.7,27.6,28.4,31.0,33.7,32.0,34.1,31.4,87.0,65.0,1.9,6.5,0.0,3.74,0.0,0.0,13
2021-03-22,27.0,24.5,32.0,25.2,33.5,21.5,30.1,27.6,28.4,31.0,35.9,33.6,31.8,31.4,81.0,56.0,2.3,10.3,0.0,3.13,0.0,0.0,13
2021-03-23,27.8,25.5,31.0,25.4,33.5,25.2,30.5,28.0,28.8,31.0,34.7,33.0,31.6,31.4,83.0,62.0,2.8,10.4,0.0,3.19,0.0,0.0,13
2021-03-24,27.5,25.5,25.5,23.5,29.5,22.2,30.1,28.4,29.4,31.0,30.1,29.0,29.8,31.4,85.0,84.0,1.6,0.5,0.5,1.66,0.0,0.0,13
2021-03-25,25.0,24.2,25.0,23.5,28.2,21.2,27.5,26.8,27.8,31.0,29.3,27.6,28.4,31.4,93.0,88.0,1.0,0.0,2.6,1.88,0.0,0.0,13
2021-03-26,28.0,25.5,31.5,26.0,33.1,22.2,29.5,26.8,27.4,31.0,33.9,31.6,30.4,31.4,82.0,62.0,3.1,8.5,0.0,2.46,0.0,0.0,10
2021-03-27,26.0,24.4,31.4,25.0,32.5,21.5,28.9,27.2,28.0,31.0,34.1,31.6,30.0,31.4,87.0,57.0,2.6,5.6,0.0,3.22,1.0,0.0,5
2021-03-28,27.5,24.8,30.5,25.5,33.0,21.0,30.3,27.8,28.4,31.0,33.1,31.6,31.0,31.4,79.0,66.0,2.4,4.5,0.0,2.27,0.0,0.0,15
2021-03-29,27.0,24.0,30.0,26.0,34.0,24.5,29.5,27.6,28.4,31.0,34.1,32.2,32.0,31.4,77.0,71.0,2.7,10.5,0.0,3.5,0.0,0.0,13
2021-03-30,28.2,24.0,35.0,25.8,35.5,21.6,30.3,28.6,29.4,31.0,36.9,33.8,32.4,31.4,69.0,46.0,3.0,10.5,0.0,5.78,0.0,0.0,8
2021-03-31,27.5,25.0,34.5,25.5,35.0,22.0,30.3,28.4,29.6,31.0,37.1,34.4,33.2,31.4,80.0,46.0,1.6,10.4,0.0,4.61,0.0,0.0,9
2021-04-01,26.5,25.0,34.5,26.5,35.0,20.6,29.9,28.6,30.0,31.0,36.5,34.2,33.0,31.4,87.0,51.0,2.4,8.8,0.0,4.39,0.0,0.0,13
2021-04-02,27.8,25.0,35.8,26.4,36.8,23.0,30.5,28.6,29.8,31.0,37.1,34.2,33.4,31.4,79.0,45.0,2.5,9.4,7.4,3.69,0.0,0.0,5
2021-04-03,27.6,24.0,34.2,25.0,35.0,21.8,30.9,28.8,29.8,31.0,37.1,34.4,33.4,31.4,73.0,45.0,1.8,9.5,0.0,4.52,0.0,0.0,13
2021-04-04,26.8,23.8,35.0,24.0,35.4,23.0,29.9,28.6,29.6,31.0,36.7,34.4,33.4,31.4,77.0,37.0,2.0,9.6,0.0,5.06,0.0,0.0,4
2021-04-05,26.0,24.0,34.0,25.2,34.5,23.5,29.9,28.6,30.0,31.0,36.7,34.0,33.0,31.4,84.0,47.0,2.0,7.5,0.0,5.08,0.0,0.0,13
2021-04-06,29.4,26.2,33.0,25.8,34.6,21.5,31.5,29.6,30.2,31.0,36.5,34.0,33.4,31.4,77.0,54.0,2.0,9.5,0.0,3.96,0.0,0.0,10
2021-04-07,28.5,26.0,31.0,25.5,34.2,22.0,30.9,28.8,30.2,31.0,34.3,33.4,32.8,31.4,80.0,65.0,2.0,8.7,0.0,4.05,0.0,0.0,5
2021-04-08,27.5,24.5,28.5,23.5,35.0,23.0,30.3,28.8,30.4,31.0,35.5,34.0,33.6,31.4,77.0,64.0,3.6,9.8,0.0,5.05,0.0,0.0,13
2021-04-09,28.0,25.0,31.0,25.0,35.0,26.0,31.5,29.8,31.0,31.0,35.7,34.4,33.6,31.4,77.0,60.0,2.0,9.5,0.0,4.46,0.0,0.0,13
2021-04-10,28.0,25.0,32.0,26.5,34.5,23.5,31.3,28.6,31.2,31.0,36.5,34.4,33.8,31.4,77.0,64.0,2.2,7.1,2.6,3.2,0.0,0.0,13
2021-04-11,28.5,25.5,31.0,25.8,33.5,22.5,31.3,29.0,30.4,31.0,35.5,33.8,33.6,31.4,78.0,65.0,2.3,5.8,0.0,4.3,0.0,0.0,10
2021-04-12,28.5,25.5,32.0,25.5,34.0,22.5,32.1,29.6,30.6,31.0,34.7,33.8,33.6,31.4,78.0,58.0,2.5,8.6,0.0,4.95,0.0,0.0,0
2021-04-13,28.5,25.0,28.5,25.8,33.8,22.2,31.7,29.6,31.0,31.0,33.3,32.2,33.2,31.4,73.0,78.0,1.7,5.6,3.2,2.3,0.0,0.0,13
2021-04-14,28.2,25.4,28.0,25.5,34.0,23.0,30.9,28.6,30.2,31.0,33.3,32.4,33.6,31.4,79.0,82.0,2.1,7.0,11.2,4.27,0.0,0.0,9
2021-04-15,28.2,25.2,26.2,24.4,34.0,22.0,31.1,28.8,30.0,31.0,32.5,32.4,33.2,31.4,77.0,85.0,2.8,6.6,10.9,2.62,0.0,0.0,9
2021-04-16,27.6,25.0,32.6,26.2,33.0,20.5,30.7,28.6,29.6,31.0,35.9,34.0,32.8,31.4,80.0,58.0,2.5,9.4,37.7,5.24,0.0,0.0,10
2021-04-17,27.0,23.2,33.0,26.0,34.0,23.2,29.9,27.6,28.8,31.0,35.9,33.6,32.0,31.4,71.0,55.0,2.1,8.9,0.0,4.0,0.0,0.0,8
2021-04-18,28.2,25.8,32.2,26.2,34.8,23.0,31.3,29.2,29.8,31.0,35.7,34.4,33.0,31.4,82.0,60.0,2.3,9.1,0.5,4.03,0.0,0.0,13
2021-04-19,28.5,25.6,34.5,26.0,34.6,23.0,31.5,29.4,30.4,31.0,36.9,34.6,33.6,31.4,78.0,48.0,1.8,11.4,0.0,5.09,0.0,0.0,13
2021-04-20,28.6,26.2,34.6,25.8,35.0,23.2,31.5,29.6,30.6,31.0,36.9,34.6,33.4,31.4,82.0,47.0,2.1,9.6,0.0,4.89,0.0,0.0,13
2021-04-21,28.5,26.0,34.0,26.6,34.8,23.4,31.7,29.8,30.8,31.0,37.3,35.0,33.6,31.4,80.0,54.0,2.4,10.3,0.0,4.05,0.0,0.0,10
2021-04-22,28.5,25.5,35.0,25.8,35.2,23.2,31.7,30.0,30.8,31.0,37.3,35.0,33.8,31.4,78.0,46.0,2.3,11.3,0.0,5.44,0.0,0.0,10
2021-04-23,28.8,26.0,34.2,25.8,35.0,23.4,32.1,30.0,30.8,31.0,36.5,34.4,33.8,31.4,79.0,53.0,3.3,9.6,0.0,5.82,0.0,0.0,8
2021-04-24,29.5,26.8,34.5,26.0,35.1,23.0,32.3,30.4,31.4,31.0,36.9,35.0,33.8,31.4,79.0,48.0,2.3,10.1,0.0,4.79,0.0,0.0,9
2021-04-25,29.0,26.2,34.0,25.5,35.0,24.0,32.1,30.2,31.0,31.0,37.5,35.6,33.8,31.4,79.0,49.0,2.0,10.3,0.0,4.43,0.0,0.0,5
2021-04-26,28.5,26.2,34.5,25.0,35.0,24.0,31.9,30.0,31.2,31.0,37.5,35.6,33.8,31.4,82.0,43.0,2.4,10.5,0.0,4.35,0.0,0.0,13
2021-04-27,29.5,26.4,34.5,26.0,35.2,22.6,32.7,30.6,31.6,31.0,37.7,35.6,34.4,31.4,77.0,48.0,2.7,10.1,0.0,6.1,0.0,0.0,13
2021-04-28,29.5,26.0,33.5,26.0,34.8,23.0,32.7,30.6,31.8,31.0,36.7,35.8,34.4,31.4,74.0,55.0,2.8,9.3,0.0,5.71,0.0,0.0,13
2021-04-29,29.0,26.2,34.0,26.0,34.8,24.2,32.1,30.4,31.8,31.0,36.8,34.8,34.6,31.4,79.0,51.0,2.6,8.3,0.0,5.63,1.0,0.0,9
2021-04-30,28.5,26.6,29.5,26.2,33.5,23.0,32.1,30.0,31.0,31.0,34.9,34.2,34.0,31.4,85.0,75.0,2.3,9.6,0.0,3.71,0.0,0.0,5
2021-05-01,29.0,26.5,30.0,25.5,34.5,23.0,31.5,30.4,31.6,31.0,35.7,34.8,34.2,31.4,82.0,69.0,2.5,7.7,0.0,4.81,0.0,0.0,9
2021-05-02,28.5,26.0,33.0,27.5,35.0,23.0,32.7,30.8,32.0,31.0,37.7,35.8,34.8,31.4,80.0,65.0,2.8,9.5,0.0,5.74,0.0,0.0,13
2021-05-03,29.5,26.0,31.5,26.5,34.5,22.5,32.0,30.6,32.0,31.0,34.7,34.0,34.2,31.4,74.0,66.0,2.3,6.5,0.0,5.53,0.0,0.0,13
2021-05-04,28.0,25.5,32.4,26.0,33.8,22.5,31.7,30.0,31.2,31.0,36.7,35.0,33.8,31.4,82.0,58.0,2.3,9.2,9.7,3.1,0.0,0.0,13
2021-05-05,28.0,25.8,30.4,26.8,31.6,25.4,30.9,29.0,30.2,31.0,33.9,32.8,32.4,31.4,83.0,74.0,1.5,3.2,0.0,2.19,0.0,0.0,9
2021-05-06,28.6,26.4,32.8,26.6,34.5,23.4,31.5,29.2,30.4,31.0,35.1,33.4,33.0,31.4,83.0,60.0,2.2,9.4,5.2,2.84,0.0,0.0,13
2021-05-07,29.4,26.5,27.0,25.0,32.5,23.4,31.3,29.4,30.0,31.0,33.3,31.6,31.8,31.4,79.0,84.0,1.7,5.3,7.7,3.22,0.0,0.0,5
2021-05-08,27.0,25.8,26.6,25.5,32.4,23.0,29.7,28.6,29.6,31.0,32.1,31.8,32.0,31.4,90.0,92.0,1.5,5.2,4.2,2.19,0.0,0.0,13
2021-05-09,29.0,26.2,27.4,25.2,33.5,23.5,31.1,29.0,29.6,31.0,33.3,32.6,32.4,31.4,79.0,83.0,1.9,6.2,0.0,2.13,0.0,0.0,1
2021-05-10,28.0,26.4,30.0,26.5,34.0,23.5,31.5,29.0,30.0,31.0,33.9,32.6,32.4,31.4,87.0,75.0,1.9,6.4,0.0,3.34,0.0,0.0,1
2021-05-11,29.8,26.8,32.0,26.5,34.8,26.2,31.7,29.8,30.0,31.0,36.5,35.0,34.0,31.4,78.0,64.0,2.6,9.9,39.0,2.94,0.0,0.0,4
2021-05-12,29.0,26.8,31.5,26.8,33.4,25.5,31.3,29.6,29.8,31.0,35.5,33.8,32.8,31.4,83.0,67.0,1.8,7.5,0.0,4.48,1.0,0.0,13
2021-05-13,29.0,26.6,31.4,26.8,33.0,25.0,31.3,29.6,30.2,31.0,34.7,33.4,32.8,31.4,82.0,68.0,4.4,5.3,24.3,3.29,0.0,0.0,10
2021-05-14,28.5,24.0,31.5,25.4,33.2,22.6,29.1,28.0,29.4,31.0,32.5,31.6,31.2,31.4,67.0,59.0,8.1,4.1,0.0,4.07,0.0,0.0,13
2021-05-15,28.0,25.0,31.4,25.8,32.5,24.0,29.7,28.0,29.0,31.0,32.7,31.0,31.0,31.4,77.0,62.0,1.5,0.7,0.0,3.96,0.0,0.0,1
2021-05-16,28.5,25.0,34.5,26.5,35.0,24.5,30.9,28.8,29.6,31.0,35.4,34.4,33.4,31.4,73.0,51.0,2.3,10.2,0.0,3.95,0.0,0.0,8
2021-05-17,30.0,26.3,35.5,26.6,36.0,24.8,31.3,28.4,30.2,31.0,35.9,35.0,33.8,31.4,71.0,47.0,2.1,11.3,0.0,4.9,0.0,0.0,10
2021-05-18,30.0,26.0,34.0,26.5,36.0,24.5,31.9,30.4,31.0,31.0,35.7,35.0,33.6,31.4,71.0,54.0,2.0,9.2,0.0,4.3,0.0,0.0,13
2021-05-19,30.0,27.0,29.5,26.5,35.0,25.0,32.5,30.6,31.4,31.0,34.7,34.2,33.8,31.4,78.0,78.0,1.7,7.7,0.7,4.61,0.0,0.0,10
2021-05-20,28.5,25.6,32.2,27.0,33.6,25.4,31.7,29.8,30.6,31.0,34.9,33.6,33.0,31.4,78.0,65.0,1.5,7.8,0.0,3.67,0.0,0.0,8
2021-05-21,28.5,26.8,29.0,24.5,32.8,25.5,31.5,29.8,30.8,31.0,33.3,32.4,32.6,31.4,86.0,68.0,2.8,2.1,0.0,2.53,0.0,0.0,13
2021-05-22,27.6,25.8,30.5,26.0,33.5,22.5,30.9,29.4,30.4,31.0,33.1,32.4,32.6,31.4,86.0,68.0,1.9,4.2,0.0,3.09,0.0,0.0,1
2021-05-23,28.0,25.5,31.0,26.0,32.5,23.0,30.9,29.2,30.2,31.0,33.5,32.2,32.0,31.4,82.0,66.0,2.9,3.0,0.0,3.04,0.0,0.0,5
2021-05-24,29.0,26.0,32.0,25.0,33.5,25.5,30.9,29.2,30.0,31.0,33.5,32.8,32.4,31.4,78.0,55.0,7.7,8.2,0.0,5.82,0.0,0.0,5
2021-05-25,29.0,25.0,29.0,24.5,32.5,25.5,30.5,29.4,30.0,31.0,31.9,30.8,31.6,31.4,71.0,68.0,13.8,3.1,0.0,4.33,0.0,0.0,13
2021-05-26,30.0,25.0,28.5,24.0,31.0,24.0,29.9,28.4,29.6,31.0,30.3,29.4,30.2,31.4,65.0,67.0,13.1,2.7,0.2,3.83,0.0,0.0,13
2021-05-27,28.5,24.0,32.0,25.0,33.5,24.0,28.7,27.4,28.8,31.0,32.7,31.2,31.0,31.4,67.0,55.0,9.3,8.8,0.0,4.43,0.0,0.0,13
2021-05-28,30.5,25.0,33.0,26.0,35.1,22.0,29.9,28.0,29.0,31.0,33.9,33.0,32.2,31.4,62.0,55.0,4.7,12.0,0.0,4.68,0.0,0.0,13
2021-05-29,29.0,25.5,33.5,26.5,35.0,24.5,30.3,28.8,29.8,31.0,34.9,34.0,33.0,31.4,75.0,56.0,4.5,11.0,0.0,6.28,0.0,0.0,9
2021-05-30,30.5,25.0,33.5,25.5,34.5,26.5,30.5,29.0,30.0,31.0,34.7,33.8,32.8,31.4,62.0,51.0,5.0,11.5,0.0,5.46,0.0,0.0,13
2021-05-31,30.0,25.0,33.5,26.4,35.5,26.5,30.9,28.0,30.2,31.0,34.9,33.8,33.0,31.4,65.0,55.0,4.0,10.1,0.0,5.51,0.0,0.0,5
2021-06-01,29.5,25.0,34.0,26.0,34.4,25.5,31.1,28.2,30.2,31.0,35.1,33.8,33.0,31.4,67.0,51.0,4.6,12.0,0.0,6.31,0.0,0.0,10
2021-06-02,29.4,26.0,27.0,24.0,35.5,23.2,31.3,29.4,30.4,31.0,34.9,34.6,33.8,31.4,75.0,77.0,2.3,8.5,2.3,4.39,0.0,0.0,10
2021-06-03,29.0,25.8,33.5,26.0,35.1,23.0,31.5,29.4,30.6,31.0,35.7,34.2,34.0,31.4,76.0,53.0,3.0,10.2,32.2,5.71,0.0,0.0,9
2021-06-04,27.6,25.8,31.8,26.4,32.5,22.5,30.5,28.8,29.8,31.0,33.9,32.2,31.8,31.4,86.0,64.0,2.1,2.9,0.6,4.5,0.0,0.0,15
2021-06-05,27.0,25.0,32.0,26.5,33.0,22.0,30.1,28.8,29.8,31.0,34.3,33.0,32.2,31.4,84.0,64.0,3.1,4.3,0.0,4.7,0.0,0.0,9
2021-06-06,27.0,25.0,32.5,26.0,33.5,24.0,30.3,28.6,29.4,31.0,34.1,33.0,32.4,31.4,84.0,57.0,2.8,9.0,2.3,5.46,0.0,0.0,5
2021-06-07,29.0,25.5,34.5,26.5,35.0,25.0,30.9,28.0,29.8,31.0,36.1,34.2,33.2,31.4,75.0,51.0,1.9,10.9,0.0,5.98,0.0,0.0,5
2021-06-08,29.0,26.0,31.0,26.8,34.8,25.6,31.5,29.8,30.4,31.0,35.1,34.2,33.6,31.4,78.0,71.0,2.1,11.6,0.0,6.52,0.0,0.0,13
2021-06-09,29.0,24.6,32.5,26.0,33.5,25.5,31.1,29.6,30.6,31.0,33.9,33.0,32.8,31.4,68.0,57.0,4.6,9.7,0.0,5.44,0.0,0.0,5
2021-06-10,29.5,25.2,30.0,24.0,33.6,25.5,31.3,29.6,30.4,31.0,33.5,33.0,32.8,31.4,69.0,59.0,5.0,8.6,0.0,5.75,0.0,0.0,9
2021-06-11,29.8,23.8,33.0,25.5,34.0,19.5,30.1,28.6,29.8,31.0,33.3,32.4,32.4,31.4,60.0,53.0,5.7,11.5,0.0,6.74,0.0,0.0,13
2021-06-12,28.5,23.0,32.5,25.0,34.0,24.5,30.1,28.0,29.4,31.0,33.5,32.4,33.0,31.4,60.0,52.0,7.3,10.7,0.0,6.18,0.0,0.0,8
2021-06-13,29.5,25.0,30.5,25.5,33.5,25.0,30.5,28.2,30.0,31.0,33.3,32.2,32.4,31.4,67.0,66.0,8.9,9.5,0.0,6.38,0.0,0.0,13
2021-06-14,29.5,24.5,30.5,24.5,32.0,25.0,29.7,28.8,29.8,31.0,32.1,30.2,31.8,31.4,65.0,59.0,9.0,7.6,0.0,6.45,0.0,0.0,13
2021-06-15,30.5,24.5,30.5,24.4,33.5,21.0,29.7,28.4,29.8,31.0,32.7,32.2,32.2,31.4,59.0,58.0,6.2,9.7,0.0,6.51,0.0,0.0,13
2021-06-16,29.5,24.2,31.5,24.5,33.6,22.5,29.5,28.2,29.6,31.0,32.7,32.0,32.2,31.4,62.0,54.0,8.2,11.1,0.0,6.42,0.0,0.0,9
2021-06-17,30.0,24.4,32.0,24.6,33.1,21.5,30.1,28.8,30.2,31.0,32.9,31.8,32.2,31.4,61.0,52.0,12.9,9.8,0.0,7.01,0.0,0.0,10
2021-06-18,29.5,24.0,33.0,25.0,34.1,25.6,30.5,28.8,30.0,31.0,33.9,32.8,32.0,31.4,61.0,61.0,5.1,10.6,0.0,7.14,0.0,0.0,5
2021-06-19,29.0,25.0,33.5,25.0,34.5,26.0,30.3,28.8,30.2,31.0,34.7,33.4,33.2,31.4,71.0,71.0,4.6,11.1,0.0,6.24,0.0,0.0,5
2021-06-20,29.0,24.5,34.8,26.5,35.5,23.2,29.7,29.2,30.6,31.0,36.5,34.4,33.8,31.4,68.0,68.0,2.6,10.9,0.0,6.3,0.0,0.0,13
2021-06-21,29.5,25.8,35.0,26.5,36.0,26.5,31.5,30.0,31.4,31.0,36.5,34.8,34.4,31.4,73.0,73.0,2.7,11.2,0.0,5.57,0.0,0.0,10
2021-06-22,29.0,24.8,34.8,26.6,35.2,25.6,31.5,30.0,31.6,31.0,36.5,34.6,34.0,31.4,70.0,70.0,2.6,8.5,0.0,5.15,0.0,0.0,10
2021-06-23,30.0,25.0,34.8,26.0,35.5,25.0,31.9,30.2,31.8,31.0,36.5,35.2,34.4,31.4,65.0,66.0,3.1,11.5,0.0,6.05,0.0,0.0,5
2021-06-24,29.0,24.5,32.5,25.0,33.2,25.6,31.7,29.8,31.8,31.0,35.4,34.2,34.4,31.4,68.0,68.0,5.4,10.9,0.0,5.0,0.0,0.0,10
2021-06-25,29.5,24.0,33.4,24.2,34.6,25.2,31.1,29.8,31.6,31.0,35.5,34.0,34.0,31.4,61.0,61.0,6.6,11.0,0.0,6.29,0.0,0.0,10
2021-06-26,29.5,23.5,32.6,24.5,33.5,26.0,30.3,29.4,31.2,31.0,35.3,33.6,33.8,31.4,58.0,58.0,7.0,9.9,0.0,6.68,0.0,0.0,9
2021-06-27,30.0,24.5,32.4,24.5,34.0,22.5,30.9,29.4,31.4,31.0,36.1,33.8,34.0,31.4,63.0,63.0,4.8,9.5,0.0,6.67,0.0,0.0,13
2021-06-28,29.5,25.0,34.0,25.5,34.5,25.5,30.5,29.6,31.6,31.0,36.5,34.6,34.4,31.4,67.0,67.0,3.5,11.5,0.0,5.58,0.0,0.0,5
2021-06-29,29.5,25.5,31.5,26.8,35.0,26.4,32.1,30.2,31.4,31.0,35.9,34.2,34.4,31.4,71.0,71.0,1.9,9.6,0.0,6.35,0.0,0.0,9
2021-06-30,28.6,25.2,33.4,27.2,35.5,23.4,31.7,30.2,30.8,31.0,37.9,35.6,35.2,31.4,75.0,75.0,2.8,10.4,0.0,5.71,0.0,0.0,10
2021-07-01,29.5,25.2,31.0,26.2,35.8,22.0,32.5,31.0,32.4,31.0,37.7,36.2,35.8,31.4,69.0,67.0,2.6,11.1,1.5,6.29,0.0,0.0,5
2021-07-02,29.5,24.5,33.5,24.5,35.0,24.5,32.3,30.2,31.8,31.0,35.5,34.4,34.6,31.4,65.0,45.0,3.6,9.5,0.0,6.49,0.0,0.0,5
2021-07-03,28.6,24.0,34.0,25.4,35.5,22.5,31.5,29.8,31.6,31.0,37.3,35.0,34.6,31.4,67.0,48.0,3.6,9.3,0.0,5.0,0.0,0.0,10
2021-07-04,27.5,26.0,31.0,25.4,35.0,21.2,31.1,30.4,32.0,31.0,36.5,34.8,34.4,31.4,87.0,56.0,2.3,7.3,0.0,5.47,0.0,0.0,5
2021-07-05,28.5,25.5,35.0,26.5,36.0,21.5,31.5,30.0,31.4,31.0,38.1,35.8,35.0,31.4,78.0,50.0,3.2,10.8,0.0,5.63,0.0,0.0,13
2021-07-06,27.5,25.0,33.5,26.0,34.6,24.6,31.7,34.0,32.2,31.0,35.9,34.6,34.6,31.4,80.0,55.0,2.2,6.2,0.0,4.3,0.0,0.0,13
2021-07-07,28.0,25.0,34.0,26.2,34.8,25.5,31.9,30.6,32.4,31.0,38.5,35.8,35.0,31.4,77.0,52.0,2.2,4.8,0.0,5.04,0.0,0.0,10
2021-07-08,29.5,26.2,33.0,26.0,36.2,23.5,32.5,30.8,32.2,31.0,38.3,36.6,35.8,31.4,75.0,55.0,2.7,10.5,0.0,5.17,0.0,0.0,1
2021-07-09,29.0,24.5,31.0,25.0,33.6,23.8,32.1,30.4,32.2,31.0,37.3,35.2,35.0,31.4,68.0,60.0,6.8,0.5,2.2,5.53,0.0,0.0,10
2021-07-10,26.8,23.0,28.9,23.4,30.0,24.0,28.9,29.6,31.8,31.0,30.5,30.4,32.2,31.4,71.0,64.0,16.0,7.6,0.0,5.86,0.0,0.0,13
2021-07-11,28.2,23.5,30.4,24.0,32.0,23.5,29.3,28.2,30.2,31.0,32.3,31.0,31.8,31.4,66.0,57.0,7.9,3.2,0.0,4.23,0.0,0.0,13
2021-07-12,29.0,24.0,31.4,25.2,33.0,23.0,29.7,28.6,30.4,31.0,34.1,32.2,32.4,31.4,64.0,59.0,8.0,6.0,0.0,6.74,0.0,0.0,13
2021-07-13,29.5,24.5,32.0,24.8,33.0,22.8,29.1,28.2,30.8,31.0,34.1,32.4,33.0,31.4,65.0,55.0,6.9,9.5,0.0,6.13,0.0,0.0,10
2021-07-14,29.5,23.5,32.5,25.0,33.5,23.5,30.7,29.4,31.2,31.0,35.3,32.2,33.2,31.4,58.0,55.0,5.6,7.4,0.0,4.3,0.0,0.0,10
2021-07-15,27.5,25.4,24.5,22.5,34.8,22.5,30.5,29.6,31.4,31.0,26.1,33.4,32.2,31.4,63.0,83.0,1.6,2.4,21.2,4.36,0.0,0.0,10
2021-07-16,28.5,25.4,32.5,26.2,34.0,23.0,30.3,28.8,29.8,31.0,34.3,32.8,32.6,31.4,76.0,58.0,4.2,8.6,0.0,4.59,0.0,0.0,13
2021-07-17,28.5,25.0,28.5,25.0,35.0,22.5,30.5,24.0,30.0,31.0,35.5,34.4,33.8,31.4,73.0,73.0,2.9,8.2,0.0,3.31,0.0,0.0,13
2021-07-18,28.5,25.5,33.5,26.0,34.5,26.0,30.9,29.2,30.2,31.0,35.7,34.4,33.4,31.4,78.0,55.0,4.4,10.1,0.0,6.42,0.0,0.0,15
2021-07-19,29.5,24.5,33.0,25.0,35.0,23.5,30.5,29.4,30.6,31.0,34.5,33.4,32.2,31.4,65.0,50.0,7.7,11.6,0.0,7.23,0.0,0.0,9
2021-07-20,30.5,24.5,32.5,24.5,34.5,25.0,30.5,29.2,30.6,31.0,34.3,33.4,33.2,31.4,59.0,50.0,9.0,9.5,0.0,7.43,0.0,0.0,10
2021-07-21,30.0,25.0,31.5,25.0,34.2,25.4,30.3,29.0,30.2,31.0,34.5,33.2,33.0,31.4,65.0,56.0,13.2,10.0,0.0,7.77,0.0,0.0,10
2021-07-22,29.5,24.0,31.0,24.0,33.0,24.8,30.1,29.0,30.4,31.0,33.9,32.8,32.8,31.4,61.0,54.0,13.0,10.0,0.0,6.0,0.0,0.0,13
2021-07-23,29.4,24.0,31.4,24.8,33.2,27.0,30.3,29.2,30.4,31.0,34.7,33.2,33.0,31.4,62.0,56.0,10.8,8.9,0.0,6.97,0.0,0.0,10
2021-07-24,31.0,24.5,31.0,24.4,35.2,27.2,31.1,29.4,31.0,31.0,33.5,34.0,33.8,31.4,57.0,56.0,6.7,9.7,0.0,7.69,0.0,0.0,9
2021-07-25,29.8,25.8,32.4,25.4,35.0,27.2,31.7,30.0,31.6,31.0,37.1,35.2,34.2,31.4,71.0,55.0,6.5,9.2,0.0,7.07,0.0,0.0,5
2021-07-26,29.6,24.5,28.5,22.5,33.8,22.2,31.9,30.4,31.8,31.0,34.3,33.8,34.2,31.4,65.0,57.0,5.4,5.5,0.0,5.95,0.0,0.0,13
2021-07-27,29.8,24.8,34.0,25.4,35.0,27.4,31.5,29.8,31.6,31.0,37.7,35.4,34.6,31.4,65.0,48.0,7.4,11.2,0.0,6.96,0.0,0.0,13
2021-07-28,30.5,24.2,32.0,25.0,34.5,24.2,31.7,30.0,31.8,31.0,36.5,33.8,33.6,31.4,57.0,55.0,7.1,6.6,0.0,6.42,0.0,0.0,10
2021-07-29,30.5,24.5,34.5,25.6,35.6,22.5,32.3,30.4,31.8,31.0,38.5,35.8,35.2,31.4,59.0,46.0,6.1,10.9,0.0,6.87,0.0,0.0,10
2021-07-30,30.5,24.0,35.0,24.5,35.6,23.8,31.5,30.2,32.0,31.0,39.3,36.2,35.6,31.4,56.0,40.0,5.4,11.9,0.0,7.23,0.0,0.0,10
2021-07-31,30.5,24.0,35.0,25.0,36.0,25.0,31.9,30.2,32.0,31.0,38.7,36.2,35.6,31.4,56.0,42.0,5.0,11.5,0.0,7.34,0.0,0.0,13
2021-08-01,29.0,24.6,33.6,24.6,35.8,25.6,32.3,30.6,32.4,31.0,39.1,36.4,35.8,31.4,68.0,45.0,4.3,9.5,0.0,7.1,0.0,0.0,13
2021-08-02,28.8,24.5,32.8,24.0,34.4,24.8,32.3,30.6,32.6,31.0,37.7,35.6,35.8,31.4,69.0,45.0,10.0,10.3,0.0,7.21,0.0,0.0,9
2021-08-03,30.5,23.0,32.5,24.5,34.0,22.5,31.9,30.8,32.2,31.0,37.3,34.8,35.0,31.4,53.0,50.0,3.0,7.6,0.0,7.34,0.0,0.0,10
2021-08-04,30.0,24.5,34.5,25.5,35.5,22.5,32.3,30.2,32.2,31.0,40.5,36.8,36.2,31.4,63.0,46.0,6.2,10.1,0.0,8.82,0.0,0.0,13
2021-08-05,31.0,24.0,33.5,24.8,35.2,22.8,32.5,30.8,32.6,31.0,40.3,36.8,36.2,31.4,54.0,46.0,9.3,11.2,0.0,8.19,0.0,0.0,13
2021-08-06,30.0,24.8,34.0,25.4,36.0,23.5,33.1,31.2,32.8,31.0,41.5,37.8,36.8,31.4,64.0,48.0,4.6,8.3,0.0,6.8,0.0,0.0,10
2021-08-07,28.5,25.0,32.0,25.5,36.0,23.5,32.5,31.0,33.0,31.0,40.3,37.8,37.0,31.4,73.0,58.0,2.6,6.0,0.0,6.6,0.0,0.0,9
2021-08-08,29.0,24.5,30.0,24.5,35.0,23.2,33.5,31.4,33.2,31.0,34.1,32.8,33.8,31.4,68.0,63.0,3.4,4.5,0.0,6.8,0.0,0.0,5
2021-08-09,28.5,24.5,30.5,25.5,36.0,23.0,32.1,30.2,31.8,31.0,39.5,36.0,36.2,31.4,71.0,66.0,3.1,9.0,2.0,6.69,0.0,0.0,9
2021-08-10,28.5,25.0,32.5,24.0,33.5,24.5,31.7,30.0,31.8,31.0,35.1,34.2,34.4,31.4,73.0,46.0,6.1,7.8,0.0,5.33,0.0,0.0,10
2021-08-11,30.0,24.5,32.5,25.0,34.5,24.0,31.7,30.0,31.6,31.0,36.3,34.4,34.6,31.4,63.0,52.0,3.3,2.6,0.0,5.71,0.0,0.0,13
2021-08-12,29.8,25.0,29.6,23.5,35.2,24.6,32.7,30.6,32.2,31.0,36.5,35.8,35.8,31.4,66.0,58.0,5.2,6.7,0.0,4.7,0.0,0.0,13
2021-08-13,27.2,24.0,32.5,25.0,33.0,23.0,31.7,30.2,31.8,31.0,37.3,34.2,34.0,31.4,75.0,52.0,2.5,1.7,0.0,5.06,0.0,0.0,9
2021-08-14,29.8,24.5,34.0,25.2,36.0,25.5,32.5,30.2,31.6,31.0,42.1,37.8,36.4,31.4,64.0,47.0,7.2,9.8,0.0,5.17,0.0,0.0,13
2021-08-15,28.2,23.8,32.6,23.8,35.0,23.0,31.9,31.0,32.4,31.0,39.3,36.0,35.8,31.4,66.0,45.0,3.2,2.4,0.0,3.62,0.0,0.0,13
2021-08-16,30.0,24.0,33.5,25.0,35.0,23.8,33.1,31.0,32.4,31.0,39.5,36.6,35.8,31.4,59.0,47.0,3.7,6.4,0.0,6.21,0.0,0.0,10
2021-08-17,30.0,23.5,34.0,25.0,35.0,24.0,33.5,31.2,32.4,31.0,42.3,37.6,36.6,31.4,56.0,46.0,5.3,9.9,0.0,5.02,0.0,0.0,13
2021-08-18,29.8,23.0,33.0,24.6,35.0,24.5,33.7,31.2,32.6,31.0,40.1,37.0,36.0,31.4,54.0,48.0,6.2,9.0,0.0,4.97,0.0,0.0,13
2021-08-19,30.5,24.5,34.2,24.2,35.0,24.5,33.3,31.0,32.4,31.0,41.5,37.2,36.2,31.4,59.0,41.0,6.3,10.5,0.0,4.56,0.0,0.0,10
2021-08-20,29.0,24.5,34.0,26.5,36.0,23.5,33.3,31.0,32.4,31.0,42.7,39.2,37.2,31.4,68.0,54.0,3.4,9.5,42.5,6.16,0.0,0.0,5
2021-08-21,24.5,23.5,32.4,26.0,32.8,23.5,28.1,27.4,29.2,31.0,35.3,32.8,32.2,31.4,91.0,58.0,1.7,2.2,0.0,5.02,0.0,0.0,9
2021-08-22,25.5,24.5,30.5,25.5,31.5,22.5,28.9,28.0,29.6,31.0,33.7,31.8,31.4,31.4,92.0,66.0,2.3,2.5,23.4,3.74,0.0,0.0,0
2021-08-23,26.0,24.5,32.0,25.2,33.8,22.2,29.5,27.6,28.2,31.0,35.9,33.4,32.6,31.4,88.0,47.0,2.1,6.2,37.4,4.63,0.0,0.0,10
2021-08-24,26.5,25.0,32.0,26.0,33.8,22.2,30.1,27.6,28.2,31.0,33.1,33.0,32.6,31.4,87.0,60.0,1.9,9.4,0.0,4.7,0.0,0.0,0
2021-08-25,28.0,24.5,33.0,25.4,35.0,22.6,30.7,28.6,29.4,31.0,35.7,34.4,33.6,31.4,74.0,52.0,3.0,9.7,0.0,6.22,0.0,0.0,10
2021-08-26,28.5,24.8,31.0,24.4,33.0,23.4,31.3,29.0,29.8,31.0,33.9,33.8,33.4,31.4,72.0,56.0,5.3,11.1,0.0,5.48,0.0,0.0,1
2021-08-27,29.0,24.8,31.8,25.0,33.6,24.8,30.7,28.8,29.8,31.0,34.5,34.4,33.6,31.4,70.0,55.0,5.3,6.9,0.0,6.49,0.0,0.0,9
2021-08-28,29.0,23.8,31.8,24.2,34.0,25.5,29.5,28.6,29.8,31.0,34.7,34.0,33.2,31.4,63.0,51.0,11.4,7.0,0.0,4.99,0.0,0.0,9
2021-08-29,28.6,23.5,31.0,24.5,32.5,25.0,29.7,28.8,30.2,31.0,34.3,32.8,32.4,31.4,64.0,57.0,10.7,5.3,0.0,5.68,0.0,0.0,9
2021-08-30,29.0,23.6,30.0,24.0,33.0,24.5,28.3,28.4,29.6,31.0,32.7,32.2,32.2,31.4,62.0,59.0,6.4,4.9,0.2,6.27,0.0,0.0,9
2021-08-31,29.8,24.4,35.0,25.5,35.5,24.4,31.7,28.0,28.8,31.0,37.9,36.0,34.4,31.4,62.0,44.0,4.4,11.2,0.0,5.77,0.0,0.0,10
2021-09-01,29.5,24.8,33.0,25.0,35.5,24.6,32.1,30.0,31.0,31.0,35.9,35.4,34.6,31.4,66.0,50.0,4.1,10.5,0.0,6.18,0.0,0.0,15
2021-09-02,27.2,29.5,30.5,24.2,32.0,25.5,31.1,29.8,31.0,31.0,33.7,32.8,32.6,31.4,83.0,57.0,4.2,0.0,0.0,5.51,0.0,0.0,15
2021-09-03,28.6,24.5,31.0,24.8,33.8,21.8,31.5,29.4,30.0,31.0,34.1,33.2,32.8,31.4,71.0,58.0,4.6,5.4,0.0,5.82,0.0,0.0,10
2021-09-04,28.2,24.2,33.0,25.0,33.4,21.5,32.2,29.0,30.0,31.0,35.1,33.6,32.8,31.4,70.0,50.0,4.9,8.9,0.2,5.49,0.0,0.0,8
2021-09-05,28.0,24.0,33.0,25.0,35.1,24.5,31.1,29.0,30.0,31.0,35.5,34.2,33.2,31.4,70.0,50.0,7.9,9.3,0.0,6.75,0.0,0.0,9
2021-09-06,30.0,23.5,32.6,25.0,33.8,24.8,31.8,29.8,30.6,31.0,33.9,34.0,33.6,31.4,56.0,52.0,10.3,7.5,0.0,7.61,0.0,0.0,13
2021-09-07,30.0,24.2,33.5,24.0,33.8,21.5,31.3,29.6,30.4,31.0,37.5,35.2,33.6,31.4,60.0,42.0,7.3,8.5,0.0,5.86,0.0,0.0,13
2021-09-08,30.5,23.5,33.2,24.5,35.2,22.0,32.3,29.6,30.4,31.0,37.7,35.6,34.0,31.4,53.0,47.0,6.7,10.1,0.0,7.48,0.0,0.0,13
2021-09-09,30.0,24.0,35.0,25.0,36.0,22.5,31.9,29.8,30.4,31.0,39.3,36.0,34.4,31.4,59.0,42.0,4.5,10.4,0.0,7.53,0.0,0.0,10
2021-09-10,29.5,25.0,35.5,25.5,36.0,27.0,33.1,30.4,31.2,31.0,38.9,36.0,34.8,31.4,67.0,42.0,3.0,9.5,0.0,6.08,0.0,0.0,1
2021-09-11,30.0,25.0,33.0,25.0,36.0,21.0,33.5,30.6,31.4,31.0,39.1,36.2,35.8,31.4,65.0,50.0,7.3,11.6,0.0,7.36,0.0,0.0,13
2021-09-12,30.0,24.0,34.0,24.0,35.8,22.4,33.1,30.4,31.0,31.0,38.9,36.0,35.2,31.4,59.0,41.0,7.8,10.0,0.0,6.94,0.0,0.0,5
2021-09-13,31.5,24.5,34.0,25.0,35.5,23.0,33.0,30.6,31.2,31.0,38.9,36.0,35.0,31.4,54.0,46.0,7.3,11.0,0.0,6.89,0.0,0.0,10
2021-09-14,31.5,25.0,35.5,26.0,36.0,23.0,34.1,31.0,31.8,31.0,39.7,36.6,35.4,31.4,56.0,44.0,5.8,11.1,0.0,6.42,0.0,0.0,13
2021-09-15,30.5,25.0,34.5,26.0,36.5,23.5,34.3,31.2,32.4,31.0,38.5,36.4,36.0,31.4,62.0,48.0,2.3,9.4,0.0,6.04,0.0,0.0,10
2021-09-16,30.0,25.0,32.5,25.0,35.5,24.4,34.5,31.6,32.4,31.0,37.3,34.8,35.0,31.4,65.0,52.0,3.8,7.1,0.0,6.02,0.0,0.0,13
2021-09-17,30.6,26.0,28.8,25.0,36.5,24.0,34.1,31.4,32.4,31.0,37.3,36.0,35.8,31.4,68.0,72.0,3.1,7.0,3.1,4.63,0.0,0.0,5
2021-09-18,28.0,26.0,27.5,25.0,35.5,23.5,30.5,29.4,31.0,31.0,35.5,35.2,34.8,31.4,85.0,80.0,2.4,6.0,0.5,3.94,0.0,0.0,13
2021-09-19,29.5,26.5,33.5,26.5,36.5,26.0,32.5,28.8,30.8,31.0,38.7,35.8,34.8,31.4,78.0,56.0,2.8,8.6,0.0,4.86,0.0,0.0,10
2021-09-20,30.0,26.0,28.0,25.0,34.5,25.0,32.7,30.4,31.6,31.0,33.9,33.2,34.0,31.4,71.0,77.0,2.2,6.4,0.0,4.54,0.0,0.0,5
2021-09-21,29.5,25.0,32.2,25.0,35.1,22.0,32.3,29.8,31.0,31.0,35.3,34.2,34.6,31.4,67.0,54.0,4.5,9.0,0.0,4.32,0.0,0.0,9
2021-09-22,30.5,25.0,32.4,26.0,34.6,23.2,32.9,30.0,31.4,31.0,39.9,37.0,35.6,31.4,62.0,58.0,3.9,11.0,0.0,5.12,0.0,0.0,13
2021-09-23,30.5,25.5,28.8,25.5,36.5,22.5,33.7,31.0,32.2,31.0,35.5,36.4,36.2,31.4,66.0,76.0,2.8,7.7,2.5,5.15,0.0,0.0,9
2021-09-24,30.5,25.5,31.0,26.2,35.0,22.5,32.9,30.2,31.4,31.0,35.5,34.4,34.6,31.4,66.0,67.0,3.3,9.3,14.0,4.92,0.0,0.0,10
2021-09-25,28.0,26.0,31.5,25.0,34.0,25.5,31.5,28.8,29.6,31.0,33.9,33.4,33.2,31.4,85.0,56.0,4.9,7.7,0.0,5.28,0.0,0.0,13
2021-09-26,30.0,26.0,32.0,25.0,34.5,25.2,31.7,28.2,30.2,31.0,33.9,32.8,33.0,31.4,71.0,55.0,10.8,8.0,0.0,5.66,0.0,0.0,13
2021-09-27,30.5,24.5,32.0,24.0,34.0,25.5,29.9,28.4,29.8,31.0,33.7,32.4,32.6,31.4,59.0,49.0,11.2,9.1,0.0,5.95,0.0,0.0,9
2021-09-28,26.0,24.0,28.2,24.0,34.5,24.5,29.5,28.8,30.0,31.0,30.9,29.8,30.4,31.4,84.0,69.0,11.0,1.4,0.0,4.45,0.0,0.0,10
2021-09-29,31.0,24.5,34.5,25.5,36.1,23.8,31.1,28.4,29.6,31.0,37.1,34.4,33.4,31.4,57.0,46.0,5.4,9.3,0.0,6.94,0.0,0.0,13
2021-09-30,27.5,24.5,31.2,25.0,32.0,23.6,30.5,29.2,30.6,31.0,33.3,31.6,31.8,31.4,77.0,59.0,3.1,1.3,6.7,4.65,0.0,0.0,5
2021-10-01,25.0,24.5,26.0,25.0,30.0,23.5,28.5,27.8,29.4,31.0,29.7,29.0,30.2,31.4,96.0,92.0,1.2,0.0,2.7,0.6,0.0,0.0,13
2021-10-02,27.5,25.0,32.5,25.0,33.0,23.0,30.1,27.4,28.2,31.0,34.5,32.0,32.4,31.4,80.0,52.0,2.7,6.9,1.1,3.36,0.0,0.0,9
2021-10-03,26.5,25.0,33.5,26.0,34.6,23.4,29.9,27.8,28.8,31.0,37.7,35.4,33.8,31.4,87.0,53.0,1.5,6.8,0.0,3.42,0.0,0.0,13
2021-10-04,27.0,26.0,25.0,24.0,32.5,23.0,30.3,28.4,29.6,31.0,32.5,32.2,32.0,31.4,92.0,92.0,1.5,1.4,12.3,2.77,0.0,0.0,13
2021-10-05,28.0,25.5,24.5,23.8,32.8,23.0,30.9,28.0,28.8,31.0,30.5,30.8,31.6,31.4,82.0,93.0,1.8,4.3,5.3,2.5,0.0,0.0,10
2021-10-06,28.0,26.0,32.5,26.0,33.5,25.0,30.9,28.0,28.6,31.0,35.7,34.0,32.8,31.4,85.0,57.0,2.6,10.2,0.0,6.24,0.0,0.0,9
2021-10-07,29.5,25.0,33.0,25.5,34.6,22.5,30.5,28.8,29.2,31.0,36.7,35.0,33.6,31.4,67.0,53.0,2.6,10.5,0.0,6.33,0.0,0.0,10
2021-10-08,29.6,25.0,34.0,25.8,35.0,22.5,32.1,29.0,29.8,31.0,37.5,35.2,34.0,31.4,67.0,50.0,4.5,9.9,0.0,6.02,0.0,0.0,13
2021-10-09,30.0,25.0,31.5,25.0,33.0,24.5,31.1,29.0,30.0,31.0,34.5,32.0,31.8,31.4,65.0,56.0,6.9,3.4,0.0,4.97,0.0,0.0,13
2021-10-10,30.5,25.0,32.0,25.0,35.0,22.6,30.5,28.8,29.8,31.0,34.9,33.4,32.8,31.4,62.0,55.0,8.1,7.3,0.8,4.5,0.0,0.0,13
2021-10-11,24.0,23.0,29.2,24.0,31.8,23.5,28.7,28.2,30.0,31.0,31.9,31.0,31.4,31.4,91.0,65.0,8.8,3.1,1.5,2.3,0.0,0.0,13
2021-10-12,30.5,25.0,30.0,24.0,32.0,25.5,29.7,28.0,28.8,31.0,31.7,31.0,30.6,31.4,62.0,59.0,8.9,4.3,0.0,4.03,0.0,0.0,10
2021-10-13,31.0,24.5,33.0,24.5,34.6,22.8,30.3,28.8,29.4,31.0,37.5,35.0,34.0,31.4,57.0,48.0,6.8,11.2,0.0,5.62,0.0,0.0,13
2021-10-14,31.0,24.5,33.4,25.0,35.2,22.2,30.7,29.0,29.8,31.0,38.7,35.8,34.4,31.4,57.0,47.0,6.9,11.3,0.0,5.57,0.0,0.0,13
2021-10-15,30.2,25.0,33.4,25.0,35.0,22.4,32.1,29.6,30.6,31.0,37.5,34.8,34.4,31.4,64.0,48.0,4.6,6.5,0.0,5.12,0.0,0.0,5
2021-10-16,30.0,22.0,30.0,23.5,35.2,21.0,31.9,29.8,30.6,31.0,34.9,33.8,34.0,31.4,47.0,56.0,3.5,8.0,0.0,3.67,0.0,0.0,8
2021-10-17,31.5,23.4,32.0,22.5,35.4,21.4,32.5,29.2,30.0,31.0,36.7,34.4,34.2,31.4,47.0,41.0,6.9,8.1,0.0,6.63,0.0,0.0,9
2021-10-18,31.0,23.5,33.0,24.0,34.6,24.5,31.7,29.2,30.4,31.0,39.3,36.0,35.6,31.4,51.0,45.0,6.7,11.0,0.0,6.51,0.0,0.0,9
2021-10-19,30.5,24.5,30.4,26.0,35.8,22.0,33.5,30.0,31.2,31.0,36.7,36.0,35.4,31.4,59.0,69.0,2.4,6.7,0.0,4.09,0.0,0.0,5
2021-10-20,29.6,25.4,27.0,25.0,34.0,22.6,33.3,30.0,31.4,31.0,32.9,32.0,33.4,31.4,70.0,84.0,2.1,5.0,8.7,3.2,0.0,0.0,9
2021-10-21,28.6,25.5,31.0,25.8,34.5,23.2,31.5,29.0,29.6,31.0,37.1,35.8,34.6,31.4,78.0,63.0,2.7,9.4,0.0,4.12,0.0,0.0,9
2021-10-22,29.0,25.5,33.0,26.6,35.0,25.0,32.3,29.6,30.6,31.0,37.5,36.0,35.4,31.4,71.0,59.0,3.1,9.7,33.0,3.09,0.0,0.0,13
2021-10-23,29.0,25.5,24.5,23.5,33.8,26.4,30.9,28.8,29.4,31.0,27.3,29.8,32.6,31.4,75.0,91.0,1.7,7.1,51.5,2.02,0.0,0.0,9
2021-10-24,28.0,25.0,31.5,25.0,33.5,24.5,30.5,27.8,28.4,31.0,35.1,33.6,32.8,31.4,77.0,56.0,3.7,8.8,4.4,4.09,0.0,0.0,13
2021-10-25,29.0,25.4,28.5,26.0,32.5,24.0,31.5,29.2,29.6,31.0,33.5,32.2,33.0,31.4,74.0,80.0,1.7,5.8,0.7,2.8,0.0,0.0,13
2021-10-26,28.2,26.0,24.5,23.2,33.5,23.0,30.5,28.6,29.4,31.0,31.3,32.0,32.8,31.4,83.0,88.0,2.6,8.8,7.5,2.91,0.0,0.0,13
2021-10-27,28.1,25.0,28.5,23.2,32.6,23.5,30.9,28.4,29.0,31.0,33.9,32.2,31.8,31.4,76.0,61.0,2.6,6.5,0.0,4.92,0.0,0.0,13
2021-10-28,28.5,25.2,30.0,25.4,31.4,24.0,31.3,28.4,28.8,31.0,32.9,31.8,31.6,31.4,75.0,65.0,2.9,3.7,1.7,2.93,0.0,0.0,13
2021-10-29,28.0,25.6,29.5,26.0,31.4,23.0,31.3,28.6,29.0,31.0,33.7,32.8,32.0,31.4,82.0,74.0,2.0,6.1,15.2,2.17,0.0,0.0,9
2021-10-30,27.0,25.5,28.0,25.5,29.5,22.5,30.1,27.8,28.8,31.0,32.1,30.8,30.6,31.4,89.0,82.0,2.6,2.8,55.5,2.45,0.0,0.0,13
2021-10-31,26.5,25.0,29.5,26.0,31.2,23.0,28.3,26.4,27.8,31.0,33.5,31.8,31.0,31.4,87.0,74.0,2.3,5.7,14.2,3.24,0.0,0.0,10
2021-11-01,29.0,26.0,26.8,25.0,33.0,24.6,31.5,28.6,28.4,31.0,32.3,31.8,31.6,31.4,78.0,86.0,1.8,5.1,8.2,4.16,0.0,0.0,0
2021-11-02,28.0,25.0,27.8,26.5,30.6,23.5,31.3,28.0,28.4,31.0,30.7,29.6,30.4,31.4,77.0,90.0,1.5,4.0,24.3,4.19,0.0,0.0,13
2021-11-03,26.0,25.5,30.0,26.0,32.5,22.5,28.7,26.8,27.6,31.0,33.7,32.6,31.6,31.4,97.0,71.0,1.9,4.1,17.5,4.48,0.0,0.0,13
2021-11-04,28.0,25.0,29.5,26.4,31.5,23.4,30.9,27.8,28.0,31.0,33.9,31.6,31.2,31.4,77.0,77.0,1.5,7.3,17.2,4.97,0.0,0.0,13
2021-11-05,26.5,25.0,31.0,25.0,31.5,23.4,29.1,27.6,28.0,31.0,32.7,31.6,31.4,31.4,87.0,60.0,2.8,4.8,0.0,3.02,0.0,0.0,10
2021-11-06,30.0,25.4,27.5,25.0,33.5,25.8,31.3,28.2,28.8,31.0,32.7,32.6,32.4,31.4,68.0,80.0,3.0,8.9,4.8,3.18,0.0,0.0,10
2021-11-07,27.0,25.0,30.0,25.5,30.8,23.0,29.7,27.4,28.4,31.0,32.9,31.2,30.6,31.4,84.0,69.0,4.9,2.4,0.2,3.21,0.0,0.0,9
2021-11-08,25.5,24.0,29.5,24.8,29.5,22.3,27.9,26.8,28.0,31.0,30.5,29.4,29.6,31.4,87.0,66.0,4.6,0.3,4.2,2.88,0.0,0.0,13
2021-11-09,24.0,23.5,29.5,25.0,30.8,23.2,27.1,26.2,27.4,31.0,33.5,31.4,30.0,31.4,96.0,67.0,4.0,3.2,1.3,2.28,0.0,0.0,13
2021-11-10,26.5,24.0,28.0,25.0,29.5,22.4,28.7,27.0,27.8,31.0,31.1,29.8,27.8,31.4,80.0,77.0,4.3,2.7,0.0,2.77,0.0,0.0,13
2021-11-11,28.2,24.5,30.8,25.0,33.2,23.0,29.9,29.0,27.8,31.0,33.5,32.2,31.8,31.4,73.0,61.0,3.4,7.9,0.0,3.98,0.0,0.0,10
2021-11-12,28.5,25.5,28.8,25.8,32.5,26.0,30.9,27.8,28.4,31.0,31.9,31.0,31.0,31.4,78.0,78.0,2.5,4.8,0.0,3.4,0.0,0.0,0
2021-11-13,29.0,24.0,29.5,24.5,32.2,24.2,30.7,27.8,28.2,31.0,33.1,32.0,31.8,31.4,61.0,65.0,3.9,7.3,0.0,3.28,0.0,0.0,5
2021-11-14,28.6,25.0,30.0,25.0,33.0,23.1,30.1,27.8,28.4,31.0,33.3,30.8,31.2,31.4,73.0,65.0,3.2,3.8,0.0,2.27,0.0,0.0,15
2021-11-15,28.0,25.0,30.4,25.5,33.2,22.5,30.5,28.2,29.0,31.0,34.9,33.4,32.6,31.4,77.0,67.0,3.4,8.6,0.0,4.14,0.0,0.0,10
2021-11-16,26.5,25.0,31.0,25.5,31.8,25.2,30.3,28.2,29.0,31.0,35.3,33.6,32.4,31.4,87.0,63.0,4.0,6.7,0.0,4.03,0.0,0.0,13
2021-11-17,27.5,25.0,23.5,17.5,32.5,21.5,29.7,28.2,29.0,31.0,28.9,29.6,30.0,31.4,80.0,52.0,3.6,0.0,9.4,1.54,0.0,0.0,9
2021-11-18,28.5,25.0,29.5,25.0,32.4,24.4,30.3,27.8,28.0,31.0,33.5,32.0,32.2,31.4,73.0,71.0,3.8,7.9,0.0,3.8,0.0,0.0,13
2021-11-19,28.2,25.4,31.0,25.5,32.6,22.2,30.3,27.8,28.0,31.0,35.5,33.8,32.2,31.4,79.0,63.0,1.5,8.9,0.0,4.72,0.0,0.0,5
2021-11-20,29.5,25.0,32.0,25.0,33.8,21.0,31.7,28.8,29.0,31.0,37.7,35.6,33.6,31.4,67.0,55.0,2.2,10.3,0.0,4.81,0.0,0.0,9
2021-11-21,27.0,25.0,33.5,21.5,34.0,20.5,30.1,27.8,28.8,31.0,37.9,35.6,33.6,31.4,84.0,31.0,2.5,9.3,0.0,3.33,0.0,0.0,5
2021-11-22,28.5,24.5,29.5,25.0,31.4,23.0,30.5,29.0,29.2,31.0,33.9,32.4,33.8,31.4,71.0,67.0,2.6,2.2,2.1,1.65,0.0,0.0,10
2021-11-24,25.0,24.5,28.5,25.0,29.6,24.0,27.3,25.8,27.4,31.0,35.3,30.6,29.8,31.4,96.0,73.0,2.8,1.8,15.2,0.78,0.0,0.0,9
2021-11-25,25.4,24.5,26.0,24.5,26.6,22.2,27.5,26.6,27.8,31.0,28.5,26.8,27.6,31.4,93.0,88.0,1.2,0.0,27.1,1.13,0.0,0.0,9
2021-11-26,25.5,24.5,30.0,25.6,31.0,23.6,27.9,26.2,26.8,31.0,33.9,31.8,30.2,31.4,92.0,69.0,2.7,6.5,0.0,2.13,0.0,0.0,13
2021-11-27,28.0,25.5,30.5,26.4,31.0,23.0,30.5,27.8,28.0,31.0,35.1,34.0,32.2,31.4,82.0,70.0,2.4,8.7,11.6,4.03,0.0,0.0,13
2021-11-28,26.0,25.0,28.5,26.0,32.3,22.5,28.7,27.2,27.8,31.0,31.7,30.4,30.2,31.4,92.0,75.0,1.6,2.2,0.5,2.55,0.0,0.0,9
2021-11-29,26.0,25.2,28.5,26.2,30.5,23.0,27.5,26.4,27.4,31.0,33.3,32.0,30.8,31.4,93.0,77.0,1.2,7.0,0.0,2.91,0.0,0.0,5
2021-11-30,28.0,26.0,30.5,25.0,32.0,26.2,30.1,27.8,28.0,31.0,34.1,33.2,31.4,31.4,85.0,62.0,2.2,10.3,0.0,3.98,0.0,0.0,5
2021-12-01,28.4,26.5,30.8,26.5,32.5,22.0,30.3,27.4,28.4,31.0,36.1,34.2,32.2,31.4,82.0,75.0,1.5,9.8,0.0,3.56,0.0,0.0,9
2021-12-02,28.5,25.0,30.6,25.4,32.2,24.0,30.3,27.4,28.2,31.0,36.3,34.4,32.2,31.4,73.0,64.0,2.5,10.3,0.0,3.2,0.0,0.0,13
2021-12-03,23.6,25.2,32.0,25.5,33.0,21.5,30.3,27.8,28.6,31.0,38.3,36.0,33.6,31.4,75.0,58.0,1.9,10.2,0.0,2.21,0.0,0.0,9
2021-12-04,28.0,25.5,31.5,25.5,33.2,22.9,30.5,28.8,29.6,31.0,38.5,36.4,34.0,31.4,82.0,60.0,2.0,9.0,0.0,2.3,0.0,0.0,5
2021-12-05,28.4,26.0,32.0,26.0,33.5,22.5,30.1,28.8,29.8,31.0,38.9,36.8,34.4,31.4,82.0,60.0,1.9,9.8,0.0,3.88,0.0,0.0,8
2021-12-06,27.0,25.0,30.5,26.0,33.0,25.0,30.7,29.0,29.6,31.0,36.9,35.0,33.8,31.4,84.0,68.0,1.6,8.7,0.0,4.07,0.0,0.0,5
2021-12-07,26.8,25.0,30.8,25.0,32.0,25.0,30.3,28.6,29.8,31.0,37.5,35.0,33.4,31.4,86.0,61.0,2.3,9.5,0.0,3.94,0.0,0.0,5
2021-12-08,27.0,25.0,27.0,26.0,30.4,22.5,30.7,28.4,29.2,31.0,32.7,31.6,31.4,31.4,84.0,92.0,1.4,4.3,9.7,3.85,0.0,0.0,8
2021-12-09,28.5,25.8,30.5,23.2,32.6,24.8,30.9,28.2,26.6,31.0,34.7,34.0,32.6,31.4,79.0,51.0,2.2,9.2,0.4,3.4,0.0,0.0,1
2021-12-10,27.5,25.0,30.0,25.0,31.6,23.0,29.7,27.6,28.6,31.0,33.9,33.2,31.8,31.4,80.0,65.0,3.0,9.8,0.3,3.22,0.0,0.0,9
2021-12-11,28.0,26.5,27.0,25.0,32.8,22.0,30.1,28.0,28.6,31.0,32.1,31.6,31.4,31.4,82.0,84.0,2.3,6.4,3.0,1.88,0.0,0.0,8
2021-12-12,27.6,25.0,27.0,25.5,31.0,22.2,29.1,27.4,28.0,31.0,31.3,30.4,30.0,31.4,86.0,89.0,2.7,5.1,61.7,1.38,0.0,0.0,8
2021-12-13,24.0,23.5,26.5,25.0,28.5,22.0,26.5,25.8,27.0,31.0,28.0,28.0,28.2,31.4,98.0,86.0,1.5,0.0,17.6,0.96,0.0,0.0,5
2021-12-14,24.0,23.8,27.8,25.2,28.4,22.6,26.1,25.2,26.4,31.0,30.1,28.6,28.0,31.4,98.0,80.0,1.7,0.3,1.3,1.97,0.0,0.0,0
2021-12-15,25.0,24.0,25.6,25.0,28.8,23.4,27.3,25.8,27.0,31.0,29.3,28.2,28.8,31.4,92.0,95.0,1.8,1.8,4.2,1.43,0.0,0.0,8
2021-12-16,26.0,24.0,25.6,25.5,31.5,24.5,28.3,25.8,26.6,31.0,31.9,30.4,30.0,31.4,84.0,78.0,2.5,3.2,24.8,1.44,0.0,0.0,8
2021-12-17,25.0,23.5,29.5,25.0,30.7,23.6,37.1,25.8,26.8,31.0,32.9,31.0,30.0,31.4,88.0,67.0,2.7,2.4,0.3,2.52,0.0,0.0,8
2021-12-18,26.0,25.0,25.6,24.0,30.0,23.5,27.7,26.4,27.4,31.0,29.1,28.8,29.6,31.4,92.0,87.0,2.7,7.5,34.5,3.04,0.0,0.0,8
2021-12-19,26.0,24.0,28.0,25.0,31.1,24.8,27.7,26.0,26.8,31.0,32.7,32.2,29.6,31.4,88.0,77.0,2.7,4.8,0.0,3.22,0.0,0.0,8
2021-12-21,25.5,24.5,26.5,25.0,28.8,23.5,27.5,26.0,26.8,31.0,29.5,28.4,28.6,31.4,92.0,87.0,2.9,1.9,1.5,1.74,0.0,0.0,4
2021-12-22,27.0,24.8,29.0,25.0,30.0,21.5,28.1,26.0,26.0,31.0,32.1,30.2,29.8,31.4,83.0,71.0,1.6,7.1,0.0,1.54,0.0,0.0,8
2021-12-23,25.5,23.2,29.0,23.2,30.4,23.8,27.9,25.8,26.8,31.0,32.7,30.6,29.8,31.4,81.0,59.0,2.6,8.4,0.0,3.29,0.0,0.0,8
2021-12-24,26.2,23.0,29.0,23.2,30.0,24.5,27.1,25.0,26.0,31.0,32.7,30.6,29.8,31.4,75.0,59.0,2.2,9.7,0.0,3.06,0.0,0.0,5
2021-12-25,25.5,23.0,29.2,23.0,30.5,23.5,25.9,24.4,25.6,31.0,32.3,31.0,29.6,31.4,79.0,57.0,2.3,11.3,0.0,4.43,0.0,0.0,4
2021-12-26,26.5,23.8,29.0,24.8,30.6,26.0,27.3,24.2,26.2,31.0,33.3,31.2,30.2,31.4,78.0,70.0,2.1,10.4,0.0,4.41,0.0,0.0,9
2021-12-27,26.5,23.6,29.6,24.0,31.8,23.5,28.3,25.8,26.4,31.0,35.7,32.8,31.4,31.4,77.0,61.0,2.1,9.9,0.0,3.65,0.0,0.0,1
2021-12-28,26.0,24.2,30.0,24.0,31.4,24.2,28.1,26.2,27.0,31.0,36.5,33.0,31.4,31.4,85.0,59.0,2.8,10.2,4.5,2.78,0.0,0.0,5
2021-12-29,26.0,24.0,29.2,25.0,31.0,22.6,28.7,26.8,27.8,31.0,32.9,31.8,31.0,31.4,84.0,70.0,2.9,8.6,0.0,3.04,0.0,0.0,8
2021-12-30,26.6,25.0,29.6,25.2,31.0,22.6,28.9,27.0,27.6,31.0,33.1,30.4,30.0,31.4,86.0,69.0,2.6,6.4,9.4,2.46,0.0,0.0,8
2021-12-31,26.5,24.5,28.8,25.0,31.5,25.6,28.3,26.6,27.0,31.0,32.5,31.0,30.4,31.4,84.0,77.0,2.4,5.9,0.2,4.21,0.0,0.0,8
2022-01-01,27.0,25.0,29.5,25.2,31.5,24.8,28.3,26.8,27.8,31.0,33.1,30.4,30.6,31.4,84.0,67.0,2.9,7.1,30.5,1.68,0.0,0.0,10
2022-01-03,23.0,22.6,24.0,23.0,24.8,22.2,25.3,24.8,26.6,31.0,27.3,25.8,26.6,31.4,96.0,91.0,1.4,0.0,40.9,1.81,0.0,0.0,5
2022-01-04,24.0,23.5,27.0,24.4,27.8,23.6,25.7,24.6,25.6,31.0,28.7,27.0,27.0,31.4,96.0,80.0,3.2,1.5,9.5,1.08,0.0,0.0,13
2022-01-05,25.0,24.0,28.0,25.2,28.5,23.2,25.7,25.0,26.0,31.0,32.5,29.6,28.4,31.4,92.0,79.0,2.1,3.1,7.3,2.93,0.0,0.0,15
2022-01-06,26.5,25.0,28.5,25.4,30.2,23.6,27.5,25.8,26.8,31.0,32.3,30.4,29.2,31.4,87.0,76.0,2.9,8.1,0.5,2.53,0.0,0.0,10
2022-01-07,27.0,25.5,28.5,25.0,31.5,24.0,28.1,26.0,26.8,31.0,33.5,31.4,30.0,31.4,89.0,73.0,2.3,8.5,2.9,2.84,0.0,0.0,9
2022-01-08,25.2,24.8,27.0,25.2,29.0,25.8,27.5,26.2,27.2,31.0,29.9,28.6,28.6,31.4,96.0,96.0,2.5,0.5,8.5,2.6,0.0,0.0,13
2022-01-09,26.0,24.8,29.0,25.0,30.0,23.0,27.9,26.0,26.8,31.0,32.1,30.4,29.6,31.4,90.0,71.0,2.4,4.7,2.7,2.3,0.0,0.0,13
2022-01-10,24.5,23.0,27.0,25.0,28.4,24.6,27.3,26.0,27.2,31.0,30.9,29.0,28.8,31.4,87.0,84.0,2.1,0.0,0.0,2.77,1.0,0.0,13
2022-01-11,26.2,25.0,29.5,25.5,31.2,23.0,27.9,26.0,26.8,31.0,33.3,31.0,29.8,31.4,90.0,71.0,1.8,7.2,0.0,2.64,0.0,0.0,13
2022-01-12,28.0,25.0,30.5,25.6,31.8,25.6,29.3,26.8,27.4,31.0,35.5,32.6,30.8,31.4,77.0,66.0,1.9,10.4,0.0,3.96,0.0,0.0,13
2022-01-13,27.5,25.5,30.5,26.2,32.5,25.5,28.9,26.6,27.4,31.0,34.5,32.2,31.8,31.4,85.0,69.0,1.5,7.9,0.0,3.32,0.0,0.0,13
2022-01-14,27.2,25.0,29.8,26.0,32.5,23.5,29.1,26.6,27.6,31.0,35.1,32.2,32.0,31.4,83.0,73.0,1.5,9.1,0.0,3.97,0.0,0.0,13
2022-01-15,28.0,25.5,30.5,25.5,32.5,24.5,29.5,27.2,28.0,31.0,36.3,33.2,31.8,31.4,82.0,66.0,1.9,10.8,0.0,2.93,0.0,0.0,5
2022-01-16,29.0,26.3,30.0,26.3,31.5,25.6,28.7,27.2,28.2,31.0,35.5,32.2,30.8,31.4,81.0,74.0,3.5,10.4,0.7,3.46,0.0,0.0,13
2022-01-17,27.0,25.0,30.0,26.0,31.5,24.8,29.3,27.6,28.6,31.0,36.5,33.6,32.0,31.4,84.0,71.0,3.2,9.7,1.8,3.7,0.0,0.0,13
2022-01-18,23.5,22.0,27.5,24.8,29.2,21.6,27.5,26.8,28.6,31.0,32.5,31.2,30.6,31.4,86.0,79.0,1.9,3.8,1.8,3.43,0.0,0.0,13
2022-01-19,25.4,23.8,28.5,23.4,30.8,21.5,28.1,26.8,27.8,31.0,35.3,33.0,31.4,31.4,87.0,63.0,2.6,8.0,0.0,4.54,0.0,0.0,13
2022-01-20,25.4,23.4,29.8,22.4,30.5,25.5,28.1,26.2,27.4,31.0,36.7,32.8,31.6,31.4,84.0,50.0,1.9,9.2,0.0,4.26,0.0,0.0,13
2022-01-21,23.5,22.0,30.4,23.2,31.0,19.6,26.9,24.8,26.6,31.0,37.5,34.2,31.8,31.4,86.0,52.0,1.9,10.2,0.0,4.07,0.0,0.0,13
2022-01-22,21.5,20.5,31.0,22.0,32.2,19.5,26.5,24.6,26.6,31.0,38.1,34.2,31.8,31.4,86.0,42.0,1.4,10.5,0.0,4.95,0.0,0.0,15
2022-01-23,23.5,22.0,31.5,22.6,32.0,19.6,27.1,25.2,27.0,31.0,38.1,34.8,32.0,31.4,86.0,43.0,1.5,10.1,0.0,3.85,0.0,0.0,13
2022-01-24,24.4,22.5,31.5,23.0,32.5,19.5,28.1,25.8,27.4,31.0,38.3,34.8,32.4,31.4,85.0,45.0,1.5,9.5,0.0,4.03,0.0,0.0,9
2022-01-25,23.5,21.8,30.1,24.4,32.4,21.2,27.7,25.8,27.4,31.0,36.7,34.6,32.4,31.4,85.0,60.0,1.8,10.0,0.0,3.11,0.0,0.0,13
2022-01-26,25.5,23.2,30.0,23.0,21.0,19.5,29.1,26.0,27.8,31.0,37.1,34.6,32.2,31.4,82.0,53.0,1.7,10.3,0.0,3.65,0.0,0.0,13
2022-01-27,23.6,22.6,28.5,23.2,30.0,21.5,27.1,25.6,21.6,31.0,35.3,32.6,31.2,31.4,91.0,61.0,2.9,8.6,2.5,2.08,0.0,0.0,13
2022-01-28,24.6,23.2,29.0,24.5,31.6,23.0,28.5,26.4,27.8,31.0,33.9,33.6,32.0,31.4,88.0,68.0,2.9,9.7,6.7,3.44,0.0,0.0,9
2022-01-29,25.5,24.5,31.0,26.5,32.5,25.0,28.7,27.0,28.2,31.0,35.7,32.0,31.8,31.4,92.0,69.0,2.5,7.5,17.3,2.58,0.0,0.0,8
2022-01-30,26.0,24.4,30.0,26.0,32.0,24.6,28.5,26.2,28.3,31.0,34.1,32.6,31.4,31.4,87.0,71.0,2.2,7.8,19.4,2.39,0.0,0.0,13
2022-01-31,26.8,24.6,30.0,25.0,31.6,21.1,29.7,27.4,28.4,31.0,33.3,32.4,31.4,31.4,83.0,65.0,2.1,9.2,0.0,3.23,0.0,0.0,4
2022-02-01,27.0,24.0,30.4,23.5,31.5,18.8,28.7,26.4,27.6,31.0,34.5,32.8,31.4,31.4,72.0,54.0,2.1,11.1,0.0,3.37,0.0,0.0,4
2022-02-02,24.8,22.8,30.2,23.8,31.0,19.5,26.7,25.2,26.6,31.0,36.1,33.2,31.0,31.4,83.0,56.0,1.8,10.9,0.0,3.87,0.0,0.0,9
2022-02-03,25.5,23.5,31.5,25.0,32.4,22.2,28.1,25.6,26.6,31.0,37.9,35.0,32.4,31.4,84.0,56.0,1.8,10.8,0.0,4.55,0.0,0.0,13
2022-02-04,25.8,24.0,32.2,24.8,33.0,22.5,28.7,26.4,27.6,31.0,38.7,35.8,33.2,31.4,85.0,52.0,1.5,10.7,0.0,3.32,0.0,0.0,13
2022-02-05,26.5,24.5,31.0,25.0,32.4,23.0,29.5,27.0,28.0,31.0,37.5,35.2,33.2,31.4,84.0,60.0,2.0,10.6,0.0,3.42,0.0,0.0,5
2022-02-06,25.5,23.5,31.5,23.0,32.4,23.0,27.9,26.8,28.2,31.0,37.9,35.6,33.2,31.4,84.0,45.0,2.6,10.5,0.0,3.62,0.0,0.0,13
2022-02-07,24.5,22.8,27.0,25.0,29.0,21.4,28.5,27.6,28.8,31.0,30.5,29.8,30.2,31.4,85.0,84.0,1.5,0.5,0.0,1.99,0.0,0.0,13
2022-02-08,25.5,23.0,29.0,22.6,31.0,22.5,28.3,26.0,27.4,31.0,35.7,33.6,32.0,31.4,79.0,55.0,2.6,7.3,0.0,2.26,0.0,0.0,13
2022-02-09,25.0,23.0,29.5,23.0,30.0,23.0,28.3,26.8,28.2,31.0,35.9,32.4,31.8,31.4,84.0,55.0,3.3,6.7,8.2,4.16,0.0,0.0,8
2022-02-10,22.5,22.0,29.5,24.8,30.8,22.5,26.5,26.2,28.2,31.0,34.7,32.8,31.8,31.4,95.0,66.0,2.6,6.8,10.2,2.97,0.0,0.0,10
2022-02-11,25.0,24.5,25.5,24.0,26.0,18.0,27.9,26.8,28.2,31.0,29.3,27.8,28.6,31.4,96.0,87.0,0.8,0.0,11.0,2.32,0.0,0.0,13
2022-02-12,24.5,24.0,27.5,25.2,29.9,17.0,27.1,26.0,27.2,31.0,31.9,31.2,29.8,31.4,95.0,81.0,1.8,1.7,54.0,2.46,0.0,0.0,13
2022-02-13,23.8,23.5,26.0,23.5,26.2,16.6,26.3,25.4,26.8,31.0,29.5,27.6,27.4,31.4,98.0,81.0,2.3,0.0,3.0,2.52,0.0,0.0,8
2022-02-14,25.5,24.4,28.5,23.8,30.0,14.5,27.7,25.8,26.6,31.0,32.7,30.8,29.8,31.4,90.0,65.0,2.8,7.7,0.0,3.65,0.0,0.0,9
2022-02-15,25.5,23.0,29.0,23.5,30.0,14.2,27.9,25.4,26.4,31.0,33.1,31.0,29.8,31.4,79.0,62.0,2.4,10.6,0.0,3.85,0.0,0.0,13
2022-02-16,25.5,23.0,29.0,24.0,30.8,13.8,27.7,25.4,26.4,31.0,31.9,31.2,30.2,31.4,79.0,64.0,2.3,9.7,0.0,3.37,0.0,0.0,13
2022-02-17,25.5,23.0,30.5,24.0,31.0,14.8,28.1,25.4,26.4,31.0,36.3,33.4,31.0,31.4,79.0,56.0,2.1,10.2,0.0,3.05,0.0,0.0,13
2022-02-18,23.5,22.5,28.8,25.5,31.0,17.0,26.5,25.6,27.0,31.0,33.1,31.4,31.4,31.4,91.0,76.0,1.8,3.8,0.0,2.06,0.0,0.0,13
2022-02-19,24.5,23.0,24.5,23.5,26.2,16.0,26.7,26.4,28.0,31.0,27.5,26.4,27.2,31.4,87.0,91.0,1.4,0.0,57.0,1.62,0.0,0.0,5
2022-02-20,26.0,24.5,32.0,25.0,32.6,17.8,28.7,25.8,26.4,31.0,37.1,33.8,31.0,31.4,88.0,55.0,2.2,9.7,0.0,4.43,1.0,0.0,13
2022-02-21,25.0,24.5,32.0,25.0,32.8,12.5,28.5,27.0,28.0,31.0,37.5,34.0,31.8,31.4,96.0,55.0,1.8,9.5,0.0,5.38,0.0,0.0,13
2022-02-22,26.0,25.0,31.4,25.0,31.8,17.5,29.5,27.6,28.4,31.0,36.5,34.0,32.0,31.4,92.0,57.0,1.7,9.2,0.8,4.3,0.0,0.0,13
2022-02-24,25.0,24.2,28.5,23.8,30.6,16.5,28.1,26.4,27.6,31.0,33.7,31.6,30.0,31.4,92.0,65.0,2.7,5.2,3.3,2.64,0.0,0.0,13
2022-02-25,26.6,24.4,30.4,24.8,31.0,17.0,29.1,26.8,27.8,31.0,35.1,32.4,31.0,31.4,85.0,62.0,2.4,8.4,2.1,3.04,0.0,0.0,8
2022-02-26,27.0,25.0,28.5,25.5,31.0,16.5,29.1,27.2,27.8,31.0,33.7,32.2,31.0,31.4,84.0,78.0,2.1,4.0,2.8,2.35,0.0,0.0,5
2022-02-27,27.5,25.4,30.5,24.8,31.4,16.5,29.7,27.4,28.4,31.0,36.7,33.8,32.0,31.4,83.0,61.0,33.0,11.1,0.0,4.5,0.0,0.0,13
2022-02-28,26.6,24.5,31.0,25.0,32.1,16.5,29.7,27.2,28.2,31.0,36.7,34.0,32.0,31.4,84.0,60.0,2.8,10.8,0.0,3.38,0.0,0.0,13
2022-03-01,27.0,25.0,31.0,25.0,32.0,16.4,29.7,27.4,28.4,31.0,36.1,33.4,31.6,31.4,84.0,60.0,2.8,9.8,0.0,4.05,0.0,0.0,13
2022-03-02,25.5,23.8,24.8,23.6,27.8,23.5,28.5,27.0,28.4,31.0,29.1,38.4,29.2,31.4,85.0,90.0,1.8,0.8,13.0,2.21,0.0,0.0,13
2022-03-03,24.4,23.6,27.5,24.4,29.2,23.5,26.7,26.0,27.6,31.0,30.5,28.8,28.8,31.4,93.0,76.0,3.4,0.0,5.5,1.64,0.0,0.0,13
2022-03-04,25.5,24.0,25.5,23.2,28.2,22.6,27.7,26.6,27.8,31.0,30.1,29.0,28.8,31.4,87.0,73.0,2.9,0.0,7.3,2.51,0.0,0.0,13
2022-03-05,27.0,24.5,30.5,25.5,32.0,21.8,29.3,26.6,27.4,31.0,35.7,33.6,31.4,31.4,81.0,69.0,3.7,8.5,0.0,3.56,0.0,0.0,13
2022-03-06,26.5,24.5,32.0,24.8,32.8,24.8,28.9,26.6,27.6,31.0,36.9,34.0,32.0,31.4,84.0,53.0,2.9,10.7,1.3,4.41,0.0,0.0,13
2022-03-07,26.0,24.5,31.0,25.5,31.8,24.8,29.3,27.8,28.8,31.0,35.5,32.6,31.4,31.4,88.0,63.0,2.2,7.5,0.0,3.74,0.0,0.0,5
2022-03-08,28.5,25.8,31.5,25.5,32.5,24.5,30.9,28.2,28.8,31.0,36.1,33.8,32.4,31.4,79.0,60.0,2.6,9.4,0.0,4.21,0.0,0.0,5
2022-03-09,27.0,25.0,31.6,24.5,32.5,24.5,29.7,27.2,28.4,31.0,36.3,34.2,32.4,31.4,84.0,54.0,2.3,10.2,0.0,4.34,0.0,0.0,13
2022-03-10,26.0,24.0,32.0,25.8,33.2,24.2,29.7,27.4,28.4,31.0,36.1,34.0,32.2,31.4,84.0,59.0,2.1,9.5,0.0,3.77,0.0,0.0,13
2022-03-11,27.5,25.5,32.0,25.0,33.0,24.0,30.3,27.8,28.8,31.0,36.1,32.2,32.6,31.4,85.0,55.0,2.5,10.0,0.0,3.03,1.0,0.0,4
2022-03-12,27.5,25.5,29.0,25.5,31.5,24.3,30.3,28.4,29.4,31.0,33.5,32.0,31.6,31.4,85.0,75.0,2.4,5.3,2.1,2.6,0.0,0.0,13
2022-03-13,28.5,25.6,31.5,25.0,32.8,24.6,30.4,28.2,29.0,31.0,35.7,33.8,32.4,31.4,78.0,56.0,3.2,9.0,0.0,3.4,0.0,0.0,8
2022-03-14,27.8,25.5,31.0,25.0,33.5,22.5,30.3,28.0,29.0,31.0,35.3,33.8,32.6,31.4,83.0,60.0,2.6,8.1,0.0,3.72,0.0,0.0,13
2022-03-15,27.2,24.5,32.0,25.5,32.5,24.6,30.3,27.8,28.8,31.0,35.8,33.8,32.6,31.4,80.0,58.0,1.9,6.5,0.0,4.53,0.0,0.0,13
2022-03-16,26.5,25.0,30.6,25.2,31.6,25.5,29.7,28.2,29.6,31.0,33.3,31.8,31.6,31.4,87.0,63.0,2.2,0.8,0.0,3.26,0.0,0.0,4
2022-03-17,26.6,25.8,33.8,26.2,34.4,25.4,29.7,28.2,29.4,31.0,36.5,33.6,31.2,31.4,93.0,53.0,2.3,4.2,2.5,3.92,0.0,0.0,5
2022-03-18,27.5,25.2,34.2,26.4,34.6,23.2,30.9,28.6,29.6,31.0,37.5,35.0,33.6,31.4,81.0,52.0,2.3,7.6,0.0,4.52,0.0,0.0,5
2022-03-19,27.4,25.0,32.6,25.2,34.6,25.4,30.1,28.4,29.6,31.0,34.7,33.8,32.8,31.4,81.0,53.0,6.0,9.5,0.0,6.18,0.0,0.0,5
2022-03-20,28.5,25.0,34.0,25.5,35.0,25.5,30.3,28.0,29.2,31.0,35.3,33.8,32.8,31.4,73.0,47.0,2.7,9.8,0.0,4.49,0.0,0.0,8
2022-03-21,28.2,25.0,35.0,25.0,35.6,25.5,30.3,28.0,29.4,31.0,37.5,35.0,33.6,31.4,76.0,42.0,2.4,9.9,0.0,4.96,0.0,0.0,13
2022-03-22,28.4,26.0,34.5,25.8,35.5,25.5,31.3,29.0,30.0,31.0,37.3,35.4,34.0,31.4,82.0,47.0,1.9,9.1,0.0,4.78,0.0,0.0,8
2022-03-24,28.4,26.0,33.5,26.0,34.5,22.6,30.7,29.0,30.6,31.0,36.9,35.0,33.8,31.4,82.0,55.0,2.1,7.7,35.5,3.33,0.0,0.0,10
2022-03-25,28.4,25.0,33.5,25.8,34.5,25.6,30.3,28.0,28.8,31.0,37.5,34.8,33.0,31.4,75.0,51.0,2.3,10.0,0.0,5.33,0.0,0.0,10
2022-03-26,28.5,25.6,33.5,26.8,34.5,25.2,30.1,28.0,29.4,31.0,36.1,34.2,32.8,31.4,78.0,57.0,2.3,11.1,0.0,5.36,0.0,0.0,13
2022-03-27,28.5,25.0,33.0,26.8,34.2,23.4,31.3,28.6,29.6,31.0,36.1,34.2,33.0,31.4,73.0,60.0,2.5,11.2,0.0,4.93,0.0,0.0,1
2022-03-28,28.6,26.0,33.5,26.5,34.8,26.0,32.1,29.2,29.8,31.0,36.5,35.2,33.8,31.4,80.0,56.0,2.8,10.5,0.0,4.0,0.0,0.0,5
2022-03-29,29.5,25.8,35.0,25.0,35.6,26.0,32.1,28.4,30.2,31.0,38.1,36.0,34.2,31.4,73.0,42.0,2.6,10.6,0.0,5.46,0.0,0.0,13
2022-03-30,29.0,25.8,35.4,26.0,35.8,25.5,32.9,30.2,30.6,31.0,38.7,36.8,35.0,31.4,76.0,45.0,2.6,11.0,0.0,5.57,0.0,0.0,13
2022-03-31,27.6,25.0,35.0,25.0,35.5,25.5,32.5,29.8,30.8,31.0,38.5,36.4,34.8,31.4,80.0,42.0,2.2,11.1,0.0,4.61,0.0,0.0,15
2022-04-01,28.6,25.5,34.8,25.2,35.2,26.3,32.7,30.2,31.2,31.0,37.7,36.0,34.8,31.4,78.0,43.0,2.2,9.4,0.0,5.51,0.0,0.0,9
2022-04-02,29.0,26.0,33.0,26.0,34.8,23.8,32.3,30.0,31.0,31.0,37.1,36.0,35.0,31.4,78.0,55.0,2.7,9.5,0.0,3.51,0.0,0.0,5
2022-04-03,28.0,25.8,32.8,26.0,34.2,22.6,31.9,29.6,31.2,31.0,34.5,34.4,33.6,31.4,83.0,56.0,1.9,7.1,0.7,4.72,0.0,0.0,5
2022-04-04,28.5,25.5,31.5,25.6,33.6,25.0,31.5,28.6,30.2,31.0,34.9,34.0,33.8,31.4,48.0,60.0,2.4,6.5,0.0,6.15,0.0,0.0,9
2022-04-05,29.5,25.8,28.6,25.2,33.5,23.5,32.3,29.6,30.8,31.0,33.5,32.0,33.6,31.4,73.0,69.0,2.7,6.4,3.0,3.18,0.0,0.0,5
2022-04-06,27.5,25.0,29.5,25.0,34.4,26.8,31.1,28.2,29.8,31.0,33.7,33.0,33.4,31.4,80.0,67.0,1.9,6.1,0.0,3.48,0.0,0.0,13
2022-04-07,28.5,25.0,33.0,26.0,35.0,26.0,31.5,28.8,30.0,31.0,36.9,35.6,34.4,31.4,73.0,55.0,2.8,10.0,0.6,3.95,0.0,0.0,13
2022-04-08,26.5,24.5,25.0,23.5,33.8,27.2,30.3,28.8,30.8,31.0,32.3,32.8,33.8,31.4,84.0,88.0,2.7,5.0,6.3,3.69,0.0,0.0,13
2022-04-09,27.8,25.0,32.4,25.8,34.8,27.0,30.7,28.0,29.4,31.0,35.3,34.2,32.2,31.4,79.0,57.0,3.2,6.2,7.0,5.64,0.0,0.0,13
2022-04-10,28.0,24.8,32.0,25.5,32.6,26.8,30.5,28.2,29.0,31.0,33.9,32.4,31.8,31.4,76.0,58.0,3.0,5.1,0.0,5.94,0.0,0.0,13
2022-04-11,27.0,25.2,32.5,26.0,33.0,26.8,29.9,28.2,29.4,31.0,35.1,32.8,32.0,31.4,86.0,57.0,2.3,8.0,64.8,5.39,0.0,0.0,9
2022-04-12,29.0,26.8,25.0,23.8,33.8,27.0,30.9,28.2,28.8,31.0,32.3,32.4,32.2,31.4,83.0,90.0,2.2,6.8,0.2,5.58,0.0,0.0,9
2022-04-13,28.5,25.5,32.5,26.5,34.0,26.5,30.9,28.4,29.2,31.0,35.9,34.0,32.6,31.4,78.0,56.0,2.0,8.0,0.3,4.8,0.0,0.0,5
2022-04-14,28.0,25.4,31.5,26.6,34.0,27.6,29.9,28.6,29.4,31.0,35.7,34.4,33.0,31.4,80.0,66.0,2.1,7.7,7.8,3.66,0.0,0.0,5
2022-04-15,29.0,26.4,33.5,28.0,34.8,27.4,31.7,28.0,29.4,31.0,36.9,35.4,33.4,31.4,81.0,64.0,1.9,9.5,1.1,3.52,0.0,0.0,5
2022-04-16,29.0,26.4,34.0,28.5,34.6,27.2,32.1,29.4,30.4,31.0,37.3,35.4,33.6,31.4,81.0,65.0,2.0,18.8,0.0,4.49,1.0,0.0,13
2022-04-17,29.0,27.0,33.5,26.6,35.2,29.5,31.9,29.8,30.8,31.0,36.1,35.6,34.2,31.4,85.0,56.0,1.8,8.8,32.8,3.51,0.0,0.0,9
2022-04-18,28.5,26.0,32.6,26.8,34.6,25.0,31.3,29.0,29.8,31.0,36.1,34.6,33.4,31.4,80.0,68.0,1.8,7.8,3.4,4.83,0.0,0.0,5
2022-04-19,29.0,26.5,34.5,27.2,35.5,25.0,32.3,29.6,30.4,31.0,37.7,35.6,33.8,31.4,82.0,54.0,1.6,10.5,16.6,4.95,0.0,0.0,13
2022-04-20,30.0,27.5,33.5,27.8,35.0,26.0,32.7,30.2,31.0,31.0,37.7,36.0,34.4,31.4,83.0,63.0,1.6,10.8,0.0,5.46,0.0,0.0,13
2022-04-21,30.0,27.0,33.5,27.6,34.8,26.5,32.7,30.4,31.2,31.0,37.5,35.8,34.4,31.4,78.0,61.0,2.3,10.9,0.0,4.99,0.0,0.0,5
2022-04-22,29.5,26.0,28.4,26.4,34.2,23.0,32.9,30.6,31.4,31.0,33.1,32.4,33.4,31.4,74.0,85.0,2.0,6.3,14.8,4.9,0.0,0.0,13
2022-04-23,28.5,25.5,31.5,25.8,33.5,22.5,31.3,29.2,30.4,31.0,35.5,33.6,32.8,31.4,78.0,61.0,2.5,4.7,5.2,3.71,0.0,0.0,13
2022-04-24,28.5,25.5,32.0,26.2,34.0,26.0,31.5,29.0,30.0,31.0,35.5,34.2,33.0,31.4,78.0,60.0,1.5,7.8,0.0,4.36,0.0,0.0,13
2022-04-25,29.5,26.6,31.6,26.4,34.8,25.2,32.3,29.8,30.4,31.0,36.5,34.6,33.4,31.4,78.0,65.0,1.5,9.5,0.0,5.19,0.0,0.0,5
2022-04-26,29.6,26.8,33.5,27.0,35.2,24.0,32.5,30.2,31.2,31.0,37.1,35.4,33.8,31.4,81.0,58.0,1.8,10.8,0.0,4.74,0.0,0.0,5
2022-04-27,28.5,26.0,33.0,26.0,35.5,27.0,32.5,30.2,31.0,31.0,36.5,35.0,34.4,31.4,80.0,55.0,1.8,10.3,0.0,5.44,0.0,0.0,13
2022-04-28,29.5,26.0,35.0,27.4,35.8,24.5,32.5,30.0,30.8,31.0,37.5,35.6,34.4,31.4,74.0,54.0,2.3,8.8,0.0,4.88,0.0,0.0,13
2022-04-29,29.0,25.5,28.6,25.0,35.2,24.8,31.9,30.0,31.0,31.0,34.7,34.2,34.4,31.4,75.0,73.0,1.8,7.8,0.0,4.03,0.0,0.0,13
2022-04-30,29.0,25.0,35.0,27.4,35.6,27.2,31.7,29.8,30.6,31.0,37.1,35.2,34.6,31.4,71.0,52.0,2.9,8.6,0.0,5.6,0.0,0.0,9
2022-05-01,30.0,26.5,34.0,26.0,35.4,26.0,31.9,30.2,31.2,31.0,36.5,35.0,34.6,31.4,75.0,51.0,2.1,10.7,0.0,5.01,0.0,0.0,8
2022-05-02,30.5,26.0,36.0,27.6,31.6,24.6,32.1,30.4,31.4,31.0,37.1,35.4,34.8,31.4,68.0,50.0,2.4,10.2,0.0,6.0,0.0,0.0,5
2022-05-03,30.5,26.5,34.5,27.8,36.0,25.8,32.7,30.8,31.8,31.0,37.1,35.4,34.6,31.4,72.0,58.0,1.5,8.8,0.0,4.83,0.0,0.0,9
2022-05-04,30.5,26.8,31.0,27.4,36.6,24.0,33.3,31.4,32.0,31.0,38.1,36.2,31.4,31.4,73.0,75.0,2.7,10.4,0.0,5.33,0.0,0.0,13
2022-05-05,30.5,26.0,33.8,27.0,35.0,23.6,32.5,30.8,31.8,31.0,35.7,34.4,34.8,31.4,71.0,57.0,2.9,9.0,0.0,4.99,0.0,0.0,9
2022-05-06,29.6,26.4,34.0,27.0,35.6,24.2,31.9,30.4,31.8,31.0,35.3,34.0,34.4,31.4,71.0,56.0,3.9,10.1,0.0,5.08,0.0,0.0,13
2022-05-07,29.0,26.4,33.5,26.4,35.2,24.0,31.7,30.0,31.6,31.0,35.1,34.0,35.0,31.4,81.0,55.0,3.2,5.1,0.0,4.37,0.0,0.0,13
2022-05-08,28.4,26.2,33.5,26.6,35.0,25.8,30.9,29.8,31.2,31.0,33.9,33.0,33.4,31.4,83.0,56.0,5.4,3.3,0.0,4.75,0.0,0.0,9
2022-05-09,31.0,25.0,33.6,26.0,35.6,25.0,30.7,29.8,31.4,31.0,33.7,32.8,33.2,31.4,60.0,55.0,6.4,4.8,0.0,5.51,0.0,0.0,13
2022-05-10,30.5,25.0,33.5,26.5,35.0,25.0,30.3,29.4,31.4,31.0,34.3,33.0,33.6,31.4,56.0,56.0,6.5,6.6,0.0,6.54,0.0,0.0,13
2022-05-11,30.5,25.0,33.5,25.0,34.8,24.8,30.5,29.8,31.4,31.0,33.5,32.8,33.4,31.4,62.0,47.0,8.3,8.2,0.0,5.37,0.0,0.0,9
2022-05-12,30.5,23.4,33.8,25.5,35.0,25.6,29.7,28.8,30.4,31.0,33.9,32.8,33.4,31.4,48.0,50.0,6.4,10.6,0.0,6.33,0.0,0.0,13
2022-05-13,30.5,25.5,33.0,26.0,34.8,23.4,31.3,29.6,31.4,31.0,34.3,33.4,33.8,31.4,66.0,55.0,5.8,11.1,0.0,6.31,0.0,0.0,13
2022-05-14,31.0,25.5,31.5,25.0,34.8,25.2,32.1,29.8,31.4,31.0,33.7,32.6,33.6,31.4,63.0,56.0,6.9,5.1,0.0,5.82,0.0,0.0,9
2022-05-15,30.0,24.5,32.8,25.5,33.8,24.4,31.1,28.4,31.2,31.0,34.3,32.6,33.2,31.4,63.0,54.0,3.7,4.2,0.0,5.44,0.0,0.0,13
2022-05-16,29.5,25.0,33.0,25.0,34.5,24.4,31.1,29.4,31.4,31.0,34.7,33.8,34.0,31.4,67.0,50.0,5.0,11.2,0.0,6.16,0.0,0.0,13
2022-05-17,30.5,25.4,33.0,26.0,35.0,24.0,32.1,30.4,31.8,31.0,35.5,34.2,34.6,31.4,64.0,55.0,3.7,11.0,0.0,6.89,0.0,0.0,13
2022-05-18,30.0,25.4,30.8,35.5,34.0,25.5,32.3,30.4,32.0,31.0,34.3,33.4,33.8,31.4,68.0,64.0,3.5,8.7,0.0,6.07,0.0,0.0,5
2022-05-19,30.5,25.5,33.6,26.2,35.6,23.2,31.9,30.0,31.6,31.0,36.3,34.8,34.4,31.4,66.0,54.0,4.8,11.5,0.0,5.46,0.0,0.0,5
2022-05-20,30.4,25.2,34.5,26.4,35.6,24.0,32.1,30.0,30.0,31.0,36.1,34.8,35.0,31.4,64.0,50.0,6.0,12.2,0.0,6.56,0.0,0.0,1
2022-05-21,31.0,25.5,32.3,25.2,35.2,23.5,31.5,30.0,31.8,31.0,35.9,34.6,34.8,31.4,63.0,54.0,7.3,12.0,0.0,7.74,0.0,0.0,13
2022-05-22,31.4,25.0,34.0,25.5,35.0,23.2,30.3,29.8,32.0,31.0,35.9,34.4,34.6,31.4,57.0,49.0,8.0,12.7,0.0,7.61,0.0,0.0,13
2022-05-23,31.4,25.0,33.5,25.5,35.4,24.0,31.7,29.8,31.8,31.0,36.1,34.8,34.8,31.4,57.0,50.0,6.7,10.5,0.0,6.98,0.0,0.0,13
2022-05-24,30.5,25.8,31.0,25.2,35.6,26.0,32.5,30.6,32.4,31.0,35.7,34.8,35.4,31.4,67.0,61.0,3.4,7.2,0.0,6.89,0.0,0.0,1
2022-05-25,29.5,25.4,35.0,26.5,36.2,27.2,32.1,30.4,32.2,31.0,37.7,36.0,35.6,31.4,70.0,50.0,3.4,10.8,0.0,6.85,0.0,0.0,5
2022-05-26,30.0,26.0,33.6,25.5,35.5,24.6,33.3,31.2,33.0,31.0,37.9,36.4,35.8,31.4,71.0,50.0,3.8,10.2,0.0,6.48,0.0,0.0,8
2022-05-27,31.0,25.5,34.0,25.0,35.8,26.5,33.3,31.0,32.8,31.0,37.9,36.4,36.2,31.4,63.0,46.0,4.8,11.9,0.0,7.43,0.0,0.0,1
2022-05-28,30.2,25.0,33.2,25.0,36.0,25.6,32.9,30.6,32.6,31.0,37.1,35.8,36.0,31.4,64.0,49.0,4.8,8.0,0.0,7.25,0.0,0.0,13
2022-05-29,31.0,25.0,32.8,25.0,35.2,22.8,33.3,31.0,32.8,31.0,37.5,35.8,36.0,31.4,60.0,51.0,5.5,10.8,0.0,6.4,0.0,0.0,9
2022-05-30,30.5,25.0,33.2,25.0,35.5,23.5,33.5,31.0,33.0,31.0,37.1,35.8,36.0,31.4,62.0,49.0,5.3,11.6,0.0,6.78,0.0,0.0,9
2022-05-31,30.0,25.0,31.2,24.0,35.5,23.5,32.7,31.0,32.8,31.0,35.9,34.6,35.0,31.4,65.0,55.0,7.0,4.9,0.0,6.16,0.0,0.0,13
2022-06-01,29.8,24.5,33.5,25.5,34.5,23.0,31.3,30.4,32.4,31.0,35.7,34.2,34.4,31.4,64.0,50.0,9.1,7.7,0.0,5.61,0.0,0.0,13
2022-06-02,31.0,24.8,34.5,25.5,35.5,23.0,31.7,29.8,32.0,31.0,37.5,35.6,35.4,31.4,58.0,46.0,6.5,12.0,0.0,5.9,0.0,0.0,13
2022-06-03,29.0,25.0,34.2,26.2,35.0,25.5,31.9,30.2,32.4,31.0,37.5,35.0,35.0,31.4,71.0,51.0,3.7,7.3,0.0,6.58,0.0,0.0,1
2022-06-04,29.5,25.5,34.5,26.5,35.6,25.5,31.9,30.0,32.4,31.0,37.5,36.0,35.6,31.4,71.0,51.0,3.1,9.6,0.0,6.85,0.0,0.0,9
2022-06-05,30.5,26.8,35.5,27.0,36.4,23.4,32.9,30.8,32.8,31.0,39.3,37.0,36.2,31.4,73.0,49.0,3.3,10.5,0.0,5.3,0.0,0.0,8
2022-06-06,29.5,25.0,32.0,25.6,34.0,27.2,32.7,31.2,33.2,31.0,36.5,35.0,35.6,31.4,67.0,58.0,3.0,4.9,0.0,5.15,0.0,0.0,5
2022-06-07,29.4,25.4,31.0,25.0,34.5,27.5,32.7,30.8,32.6,31.0,34.7,33.8,34.4,31.4,71.0,60.0,3.7,2.6,0.0,4.26,0.0,0.0,5
2022-06-08,29.0,25.0,33.5,24.5,35.8,25.6,31.5,30.0,32.0,31.0,37.5,36.0,35.0,31.4,71.0,45.0,3.5,9.2,0.0,5.39,0.0,0.0,5
2022-06-09,30.5,25.0,34.0,26.0,36.0,25.5,31.9,30.8,32.6,31.0,37.9,36.0,35.0,31.4,62.0,51.0,4.7,7.7,0.0,5.53,0.0,0.0,9
2022-06-10,30.0,25.0,35.0,24.5,36.0,27.5,33.1,31.0,33.0,31.0,38.5,36.8,36.4,31.4,65.0,40.0,4.7,9.4,0.0,5.6,0.0,0.0,1
2022-06-11,29.5,24.0,33.0,25.0,34.0,27.0,29.7,31.0,33.2,31.0,36.7,35.0,35.6,31.4,61.0,50.0,3.8,6.3,0.0,4.79,0.0,0.0,9
2022-06-12,29.5,25.4,34.0,25.6,35.5,29.0,32.7,30.6,32.6,31.0,38.1,36.2,36.6,31.4,70.0,49.0,3.9,7.9,0.0,6.12,0.0,0.0,1
2022-06-13,30.5,25.2,34.5,25.5,36.2,29.5,32.9,30.6,32.8,31.0,37.9,36.6,36.2,31.4,63.0,46.0,4.0,10.2,0.0,5.16,0.0,0.0,15
2022-06-14,30.0,24.2,34.5,26.0,35.5,28.2,33.1,31.0,33.2,31.0,38.5,35.8,35.6,31.4,60.0,48.0,3.1,7.1,3.7,5.42,0.0,0.0,13
2022-06-15,29.0,25.5,34.6,26.4,36.0,23.5,31.3,29.6,31.8,31.0,36.7,35.4,34.6,31.4,75.0,50.0,2.4,6.9,5.5,3.56,0.0,0.0,13
2022-06-16,26.5,25.2,31.0,26.0,31.5,25.6,30.3,29.2,31.0,31.0,34.1,32.4,32.6,31.4,89.0,66.0,1.3,0.0,0.0,2.88,0.0,0.0,1
2022-06-17,28.5,26.0,28.8,25.0,32.6,23.6,30.9,29.2,30.6,31.0,33.3,32.4,32.4,31.4,80.0,72.0,1.8,0.7,0.0,2.48,0.0,0.0,10
2022-06-18,28.4,25.8,29.6,26.0,34.2,23.4,31.1,29.0,30.2,31.0,34.3,33.2,33.0,31.4,80.0,74.0,1.9,4.6,0.0,4.07,0.0,0.0,13
2022-06-19,30.2,25.5,35.0,26.0,35.6,24.6,32.7,30.0,30.2,31.0,36.7,35.0,34.0,31.4,68.0,47.0,1.9,8.2,0.0,5.48,0.0,0.0,8
2022-06-20,28.2,25.0,34.5,26.0,35.8,23.0,31.1,29.6,31.0,31.0,37.3,35.0,34.2,31.4,76.0,48.0,3.3,9.5,0.0,5.73,0.0,0.0,5
2022-06-21,30.0,24.8,34.0,25.5,35.4,24.6,32.1,30.0,31.6,31.0,36.5,35.0,34.4,31.4,64.0,49.0,5.5,10.3,0.0,5.37,0.0,0.0,8
2022-06-22,30.2,25.0,33.0,25.0,35.0,22.6,31.5,30.0,31.8,31.0,37.5,35.4,35.0,31.4,64.0,50.0,5.6,9.8,0.0,4.06,0.0,0.0,13
2022-06-23,27.5,23.5,34.5,25.8,34.8,24.0,30.9,29.8,31.6,31.0,37.3,35.0,34.4,31.4,70.0,47.0,3.6,7.7,0.0,6.2,0.0,0.0,10
2022-06-24,30.2,25.0,33.5,25.5,35.0,25.4,32.3,30.2,31.8,31.0,38.1,36.2,35.4,31.4,64.0,50.0,9.0,11.4,0.0,8.53,0.0,0.0,13
2022-06-25,31.0,24.4,34.0,25.0,35.8,24.8,31.7,30.4,32.6,31.0,38.5,36.4,35.6,31.4,56.0,46.0,10.3,11.0,0.0,9.27,0.0,0.0,13
2022-06-26,31.0,25.0,35.0,25.0,36.0,22.8,32.5,30.8,32.6,31.0,38.5,36.6,35.8,31.4,60.0,45.0,7.6,9.9,0.0,7.39,0.0,0.0,13
2022-06-27,31.0,23.6,35.0,25.0,36.6,23.4,32.5,30.6,32.8,31.0,39.3,37.0,36.0,31.4,51.0,45.0,6.3,10.8,0.0,6.94,0.0,0.0,13
2022-06-28,30.2,25.0,33.6,25.5,34.6,25.5,32.7,30.8,32.8,31.0,37.5,35.6,35.6,31.4,64.0,50.0,4.4,10.5,0.0,5.04,0.0,0.0,13
2022-06-29,31.0,25.0,35.0,25.5,36.6,23.2,33.5,31.0,33.2,31.0,39.9,37.6,36.6,31.4,60.0,45.0,7.9,8.7,0.0,5.92,0.0,0.0,13
2022-06-30,31.0,25.0,33.5,25.5,35.0,22.2,31.9,31.2,33.2,31.0,38.1,37.2,36.4,31.4,60.0,50.0,7.6,11.6,0.0,5.81,0.0,0.0,13
2022-07-01,31.0,24.5,35.6,25.8,36.8,25.0,33.3,31.2,33.2,31.0,40.3,37.8,36.8,31.4,52.0,43.0,5.3,12.0,0.0,8.96,0.0,0.0,13
2022-07-02,31.8,25.0,35.0,26.4,36.4,24.6,33.7,32.2,33.8,31.0,41.9,38.8,37.6,31.4,55.0,45.0,4.0,8.8,0.0,7.2,0.0,0.0,13
2022-07-03,30.6,25.5,33.0,25.5,35.0,26.5,32.9,32.2,34.6,31.0,41.9,38.2,37.4,31.4,66.0,53.0,12.9,8.3,0.0,7.77,0.0,0.0,13
2022-07-04,29.5,22.6,35.0,25.0,35.6,27.0,32.7,31.8,34.0,31.0,39.9,37.6,37.0,31.4,52.0,42.0,11.8,8.0,0.0,6.72,0.0,0.0,13
2022-07-05,29.2,23.5,33.4,23.8,34.4,24.7,32.3,31.6,32.8,31.0,38.3,36.2,36.2,31.4,61.0,42.0,10.5,7.7,0.0,6.78,0.0,0.0,13
2022-07-06,31.0,24.8,34.5,25.0,35.3,26.5,31.9,31.4,33.4,31.0,37.7,34.8,35.8,31.4,58.0,43.0,7.3,4.2,0.0,7.1,0.0,0.0,13
2022-07-07,29.3,23.0,31.7,24.0,33.5,23.5,31.9,31.2,33.2,31.0,36.7,35.0,35.4,31.4,56.0,50.0,7.2,3.0,0.0,7.51,0.0,0.0,13
2022-07-08,30.5,25.2,35.0,24.8,36.6,21.8,32.7,31.0,33.0,31.0,40.3,37.8,36.8,31.4,63.0,41.0,9.4,12.7,0.0,7.28,0.0,0.0,5
2022-07-09,30.7,24.0,33.5,25.0,35.6,26.0,32.7,31.4,33.6,31.0,39.3,36.6,36.2,31.4,55.0,47.0,10.8,8.3,0.0,7.16,0.0,0.0,13
2022-07-10,29.5,23.6,33.0,24.2,33.8,27.0,31.9,31.0,33.6,31.0,37.1,34.6,34.8,31.4,58.0,46.0,12.1,2.5,0.0,8.93,0.0,0.0,13
2022-07-11,28.6,22.5,30.4,23.5,34.2,26.0,31.3,31.6,32.88,31.0,35.3,33.8,34.4,31.4,57.0,54.0,11.1,1.6,0.0,5.68,0.0,0.0,13
2022-07-12,30.5,23.6,34.5,24.0,35.4,25.2,32.1,30.4,32.6,31.0,38.9,35.8,35.6,31.4,53.0,38.0,13.0,9.8,0.0,8.89,0.0,0.0,13
2022-07-13,30.5,23.5,33.5,23.8,34.8,26.3,31.9,30.4,32.4,31.0,38.9,36.2,35.6,31.4,53.0,41.0,15.5,9.9,0.0,9.74,0.0,0.0,13
2022-07-14,30.5,24.0,33.0,24.0,35.0,24.5,31.9,30.6,31.8,31.0,38.9,36.2,35.8,31.4,56.0,45.0,12.5,11.1,0.0,8.42,0.0,0.0,13
2022-07-15,30.5,23.8,32.5,24.5,35.0,24.5,32.1,30.8,33.0,31.0,37.7,35.4,35.6,31.4,50.0,50.0,8.3,10.2,0.0,8.83,0.0,0.0,9
2022-07-16,30.8,24.5,33.4,25.0,35.8,27.8,32.5,30.8,32.8,31.0,39.5,36.8,36.0,31.4,58.0,48.0,6.1,9.4,0.0,7.05,0.0,0.0,13
2022-07-17,30.0,25.0,36.0,26.2,37.0,25.5,32.9,31.2,33.0,31.0,42.7,38.6,36.8,31.4,65.0,44.0,2.7,7.2,0.0,8.17,0.0,0.0,1
2022-07-18,31.0,25.8,33.0,26.5,36.0,27.0,33.9,32.2,34.0,31.0,40.3,37.8,37.2,31.4,65.0,59.0,1.3,1.3,0.0,6.48,0.0,0.0,5
2022-07-19,29.0,25.0,33.8,26.6,36.8,23.0,33.1,31.8,33.8,31.0,42.1,38.8,37.2,31.4,71.0,59.0,3.6,10.3,0.0,6.02,0.0,0.0,10
2022-07-20,29.0,25.5,35.5,25.0,36.4,25.0,33.3,31.8,33.8,31.0,42.5,39.2,37.6,31.4,75.0,40.0,3.2,10.0,0.0,6.08,0.0,0.0,9
2022-07-21,29.0,25.8,24.0,23.5,36.2,26.5,33.5,32.2,34.2,31.0,34.9,36.2,36.8,31.4,76.0,96.0,2.5,6.3,1.8,3.97,0.0,0.0,10
2022-07-22,28.0,25.0,32.8,26.0,36.0,25.0,31.7,30.0,32.2,31.0,38.5,37.0,35.6,31.4,77.0,56.0,2.2,7.3,0.0,3.7,0.0,0.0,5
2022-07-23,30.0,22.0,30.0,24.7,34.5,26.0,32.1,30.4,32.2,31.0,36.3,35.4,35.6,31.4,47.0,64.0,8.9,6.6,0.0,6.97,0.0,0.0,4
2022-07-24,28.5,23.8,31.0,25.2,31.8,25.2,31.5,30.6,32.6,31.0,35.3,33.0,33.6,31.4,65.0,61.0,3.0,1.2,0.0,4.16,0.0,0.0,13
2022-07-25,29.6,25.4,31.8,25.8,36.0,23.0,32.1,30.0,31.8,31.0,39.3,37.0,36.0,31.4,70.0,60.0,3.8,7.5,2.3,4.08,0.0,0.0,13
2022-07-26,27.0,25.0,29.0,26.6,34.5,23.0,30.9,29.8,31.8,31.0,36.1,36.0,35.6,31.4,84.0,82.0,2.8,7.5,23.7,3.88,0.0,0.0,9
2022-07-27,26.0,24.5,29.5,25.5,32.2,23.2,29.7,28.4,29.8,31.0,33.8,32.2,32.2,31.4,88.0,71.0,2.5,2.8,7.8,2.25,0.0,0.0,13
2022-07-28,26.0,24.5,29.8,26.0,32.5,22.0,29.3,27.8,29.2,31.0,32.5,32.4,32.4,31.4,88.0,73.0,2.8,3.0,2.0,4.48,0.0,0.0,9
2022-07-29,25.2,24.4,32.0,26.2,32.6,24.2,29.1,28.0,29.6,31.0,35.1,32.6,31.6,31.4,93.0,61.0,1.7,3.3,0.0,2.12,0.0,0.0,13
2022-07-30,27.5,25.0,33.5,26.3,34.2,24.0,30.3,28.4,29.6,31.0,36.7,34.6,33.0,31.4,80.0,55.0,1.8,5.6,5.2,3.0,0.0,0.0,4
2022-07-31,28.6,26.0,27.0,24.2,34.6,23.5,31.3,28.8,29.8,31.0,32.1,31.8,32.6,31.4,80.0,78.0,2.2,8.1,34.8,3.08,0.0,0.0,10
2022-08-01,28.6,26.0,27.0,24.2,32.5,24.2,31.3,28.8,29.8,31.0,32.1,31.8,32.6,31.4,80.0,78.0,6.8,9.5,0.0,3.75,0.0,0.0,10
2022-08-02,28.0,25.0,30.0,24.4,32.2,24.8,29.7,28.2,29.6,31.0,33.1,31.8,31.6,31.4,77.0,61.0,10.0,7.6,0.0,5.64,0.0,0.0,10
2022-08-03,28.5,24.0,30.0,24.5,31.4,24.8,29.3,27.8,29.4,31.0,32.9,31.2,31.4,31.4,67.0,63.0,9.9,5.7,0.0,5.15,0.0,0.0,9
2022-08-04,28.0,23.2,30.5,24.2,31.6,25.8,28.7,27.8,29.2,31.0,33.1,31.4,31.2,31.4,65.0,57.0,14.5,3.6,0.0,5.16,0.0,0.0,9
2022-08-05,29.5,24.0,30.6,24.0,32.0,23.5,29.3,27.8,29.4,31.0,31.9,31.4,31.6,31.4,61.0,56.0,11.5,8.3,0.0,5.3,0.0,0.0,4
2022-08-06,28.5,24.0,30.5,23.5,32.0,23.5,29.7,28.0,29.0,31.0,31.7,30.4,31.4,31.4,67.0,53.0,8.6,5.0,0.0,5.34,0.0,0.0,9
2022-08-07,28.2,23.2,31.2,23.8,32.6,24.8,28.9,27.8,29.2,31.0,34.1,32.4,31.6,31.4,64.0,51.0,9.6,7.6,0.0,6.65,0.0,0.0,9
2022-08-08,29.5,23.4,31.6,23.8,33.0,25.2,29.5,28.0,29.6,31.0,34.5,32.8,32.4,31.4,57.0,50.0,12.4,10.7,0.0,7.92,0.0,0.0,13
2022-08-09,29.6,23.0,30.6,23.2,33.5,19.5,29.7,28.4,29.8,31.0,33.9,32.4,32.6,31.4,55.0,51.0,7.8,8.0,0.0,6.2,0.0,0.0,13
2022-08-10,29.0,23.0,33.0,24.5,34.1,25.0,28.5,27.4,29.0,31.0,35.9,32.4,32.6,31.4,58.0,48.0,6.9,11.1,0.0,6.42,0.0,0.0,9
2022-08-11,30.0,23.0,34.7,24.5,35.5,25.5,29.0,28.0,29.8,31.0,36.7,34.4,33.2,31.4,53.0,40.0,5.8,11.5,0.0,7.78,0.0,0.0,9
2022-08-12,28.5,24.3,34.0,25.4,34.8,26.0,29.9,28.0,30.4,31.0,37.1,34.2,33.2,31.4,69.0,48.0,4.99,8.0,0.0,5.61,0.0,0.0,13
2022-08-13,29.5,25.2,34.0,26.0,35.5,28.8,31.5,29.6,30.4,31.0,37.9,35.2,34.2,31.4,69.0,51.0,3.3,11.1,0.0,5.8,0.0,0.0,9
2022-08-14,29.0,26.5,30.5,25.0,35.6,28.6,31.9,30.0,31.4,31.0,37.5,36.0,35.0,31.4,82.0,65.0,1.9,10.4,0.0,5.68,0.0,0.0,5
2022-08-15,29.2,26.6,31.6,26.5,35.6,28.5,32.3,30.4,31.8,31.0,36.7,34.8,34.6,31.4,81.0,66.0,2.0,8.5,0.0,5.77,0.0,0.0,5
2022-08-16,29.0,25.5,33.0,26.4,36.8,28.6,32.1,30.0,31.6,31.0,38.7,36.8,35.8,31.4,75.0,58.0,2.5,9.2,0.0,6.27,0.0,0.0,5
2022-08-17,28.5,25.5,34.0,26.0,35.6,25.2,32.5,30.8,31.2,31.0,38.3,36.4,36.0,31.4,78.0,51.0,2.2,8.5,22.8,5.62,0.0,0.0,10
2022-08-18,28.5,25.0,30.4,25.4,35.2,26.4,31.7,29.8,30.8,31.0,36.3,35.6,34.6,31.4,73.0,65.0,2.0,8.4,0.0,5.14,0.0,0.0,10
2022-08-19,28.5,24.5,34.0,26.0,35.0,24.8,31.7,29.6,30.8,31.0,37.9,36.2,34.8,31.4,71.0,51.0,3.1,9.8,0.0,5.25,0.0,0.0,15
2022-08-20,28.5,25.0,35.5,26.0,36.0,24.8,31.7,30.0,35.0,31.0,38.1,36.4,35.2,31.4,73.0,44.0,2.4,10.5,0.0,5.42,0.0,0.0,13
2022-08-21,29.2,25.0,33.5,25.0,35.0,23.8,32.5,30.6,32.6,31.0,37.9,36.4,35.6,31.4,70.0,47.0,4.8,10.2,0.0,7.61,0.0,0.0,13
2022-08-22,29.8,24.5,31.6,24.5,33.4,25.0,31.5,30.0,31.4,31.0,36.1,35.0,34.4,31.4,64.0,54.0,11.3,11.3,0.0,8.98,0.0,0.0,9
2022-08-23,30.0,24.4,31.6,24.5,33.5,25.7,31.5,29.8,31.4,31.0,36.5,35.0,34.6,31.4,61.0,54.0,10.5,11.5,0.0,7.72,0.0,0.0,13
2022-08-24,29.0,23.6,31.5,24.5,34.0,22.8,31.1,29.8,31.6,31.0,36.3,34.8,34.0,31.4,62.0,54.0,5.2,7.4,0.0,6.16,0.0,0.0,13
2022-08-25,29.5,24.6,33.0,25.0,35.4,25.6,31.7,30.0,31.4,31.0,37.7,36.2,35.0,31.4,65.0,50.0,3.6,9.0,0.0,5.82,0.0,0.0,13
2022-08-26,28.2,25.0,30.4,26.0,32.8,24.2,31.9,30.6,31.8,31.0,35.1,33.8,33.0,31.4,76.0,69.0,4.1,2.4,0.0,4.09,0.0,0.0,5
2022-08-27,28.8,24.0,32.0,24.5,34.0,22.5,30.9,29.6,31.2,31.0,37.7,36.0,34.6,31.4,65.0,52.0,6.3,10.5,0.0,6.31,0.0,0.0,5
2022-08-28,28.5,24.0,33.8,25.0,35.0,23.2,31.7,29.8,31.4,31.0,39.9,37.0,35.6,31.4,67.0,46.0,4.2,11.5,0.0,6.67,0.0,0.0,9
2022-08-29,29.5,25.0,31.2,25.8,36.1,22.5,33.5,31.0,32.4,31.0,39.7,38.2,36.4,31.4,67.0,63.0,3.4,11.0,40.4,7.38,0.0,0.0,13
2022-08-30,26.5,25.0,31.5,26.0,33.2,25.5,30.9,29.0,30.2,31.0,36.9,35.2,34.0,31.4,87.0,62.0,3.1,11.6,5.0,6.82,0.0,0.0,13
2022-08-31,26.2,25.0,27.5,25.0,29.2,23.0,30.1,28.8,30.2,31.0,32.1,31.0,31.6,31.4,90.0,80.0,2.9,0.5,2.7,3.33,0.0,0.0,9
2022-09-01,27.0,25.0,29.5,24.2,31.25,24.4,29.7,28.0,29.4,31.0,33.3,32.0,31.8,31.4,84.0,62.0,3.3,6.5,0.0,2.48,0.0,0.0,10
2022-09-02,27.5,24.5,32.5,25.5,33.5,22.4,30.1,28.0,29.2,31.0,34.9,33.4,32.8,31.4,77.0,55.0,1.6,9.6,0.0,3.48,0.0,0.0,13
2022-09-03,28.5,25.0,31.0,25.5,32.8,25.2,31.1,28.6,29.6,31.0,34.7,33.3,32.5,31.4,73.0,63.0,2.6,7.5,0.0,4.7,0.0,0.0,10
2022-09-04,29.5,26.0,31.8,26.0,34.0,26.0,31.5,29.0,30.0,31.0,35.9,36.0,34.0,31.4,74.0,61.0,2.1,7.5,0.0,3.92,0.0,0.0,5
2022-09-05,27.0,25.0,25.0,24.0,33.0,25.5,30.7,28.8,30.0,31.0,31.5,31.6,32.6,31.4,84.0,92.0,2.2,4.3,4.9,3.2,0.0,0.0,9
2022-09-06,25.5,24.5,29.5,25.5,31.0,24.0,28.7,27.8,28.0,31.0,31.5,30.2,30.8,31.4,92.0,71.0,4.6,0.0,0.0,4.48,0.0,0.0,10
2022-09-07,29.0,23.8,29.5,24.4,31.8,23.8,29.5,27.8,28.8,31.0,31.5,30.6,30.8,31.4,63.0,63.0,8.3,6.1,0.0,4.41,0.0,0.0,9
2022-09-08,29.4,23.6,30.0,23.8,32.6,24.4,29.5,27.8,28.6,31.0,32.1,31.0,30.8,31.4,59.0,57.0,5.8,5.0,0.0,5.55,0.0,0.0,13
2022-09-09,29.6,23.0,32.5,24.0,34.0,22.8,30.3,27.6,28.6,31.0,34.1,33.6,32.0,31.4,55.0,46.0,7.4,10.6,0.0,5.64,0.0,0.0,10
2022-09-10,30.2,24.5,32.6,25.0,34.0,21.4,30.7,28.2,29.4,31.0,34.3,33.8,32.4,31.4,61.0,52.0,6.9,10.2,0.0,6.2,0.0,0.0,9
2022-09-11,30.5,23.8,33.4,24.5,34.6,20.8,31.1,28.6,29.6,31.0,35.3,34.4,33.0,31.4,54.0,46.0,5.7,10.6,0.0,6.24,0.0,0.0,9
2022-09-12,29.0,23.5,33.4,24.5,34.8,21.8,30.9,28.6,29.8,31.0,35.3,34.4,33.6,31.4,62.0,46.0,5.5,10.5,0.0,6.01,0.0,0.0,13
2022-09-13,30.0,25.5,35.0,25.0,35.5,23.5,31.7,29.0,30.0,31.0,36.3,34.4,33.4,31.4,69.0,42.0,2.8,10.3,0.0,5.27,0.0,0.0,10
2022-09-14,28.8,25.5,34.0,25.0,35.0,23.0,32.1,29.8,30.5,31.0,38.3,36.2,34.6,31.4,76.0,46.0,2.0,9.5,0.0,4.63,0.0,0.0,9
2022-09-15,29.0,25.0,33.5,25.0,35.0,26.0,32.3,30.2,31.6,31.0,36.3,35.0,34.8,31.4,71.0,47.0,2.2,10.2,0.0,4.76,0.0,0.0,5
2022-09-16,29.0,25.0,34.5,25.0,36.0,28.0,32.7,30.0,31.2,31.0,39.3,37.2,35.8,31.4,71.0,43.0,2.0,10.3,0.0,6.16,0.0,0.0,9
2022-09-17,29.4,24.2,35.0,25.0,36.2,23.8,32.9,30.4,31.8,31.0,39.7,37.8,36.4,31.4,53.0,42.0,2.4,10.7,0.0,5.56,0.0,0.0,9
2022-09-18,30.0,25.2,35.0,25.0,36.4,23.0,33.3,30.2,32.2,31.0,39.1,37.4,36.6,31.4,66.0,42.0,3.7,8.6,0.0,6.01,0.0,0.0,9
2022-09-19,30.0,25.5,32.8,25.0,35.6,22.5,33.1,29.8,32.4,31.0,37.7,36.6,36.0,31.4,69.0,51.0,4.1,9.6,0.0,6.04,0.0,0.0,13
2022-09-20,29.8,25.0,35.0,25.0,36.0,22.0,33.1,30.8,32.4,31.0,39.5,37.6,36.6,31.4,66.0,42.0,5.2,10.2,0.0,5.93,0.0,0.0,9
2022-09-21,31.0,25.0,35.5,24.5,36.5,22.4,33.2,31.0,32.6,31.0,40.3,38.2,37.2,31.4,60.0,38.0,5.3,10.9,0.0,6.85,0.0,0.0,9
2022-09-22,31.0,24.0,34.5,24.2,36.4,24.8,33.3,30.8,32.8,31.0,40.3,38.0,37.2,31.4,54.0,39.0,5.7,11.1,0.0,5.71,0.0,0.0,9
2022-09-23,30.6,24.2,35.0,25.0,35.8,22.5,33.3,31.0,32.8,31.0,40.5,37.8,37.0,31.4,57.0,42.0,6.7,11.1,0.0,5.98,0.0,0.0,10
2022-09-24,31.5,23.0,35.0,24.0,36.5,24.0,32.5,30.8,32.8,31.0,41.1,38.2,37.2,31.4,45.0,37.0,5.5,10.7,0.0,6.67,0.0,0.0,9
2022-09-25,30.0,25.0,35.0,25.5,36.8,23.4,33.9,31.2,32.2,31.0,41.9,39.0,37.6,31.4,65.0,45.0,3.7,10.6,2.4,6.31,0.0,0.0,9
2022-09-26,29.2,25.0,34.0,25.0,36.0,22.5,33.1,31.2,33.2,31.0,40.1,38.8,37.8,31.4,7.0,46.0,2.7,7.7,18.8,4.79,0.0,0.0,10
2022-09-27,30.0,24.5,34.5,25.5,35.2,24.5,32.5,30.0,30.8,31.0,37.5,36.0,35.0,31.4,63.0,46.0,3.1,10.0,0.0,6.07,0.0,0.0,5
2022-09-28,28.4,25.0,32.5,24.2,35.0,24.5,31.7,30.0,31.0,31.0,36.1,35.8,35.2,31.4,75.0,47.0,3.9,8.4,0.0,5.6,0.0,0.0,10
2022-09-29,30.6,25.0,32.5,24.5,34.8,24.0,31.5,29.8,30.8,31.0,36.7,35.0,34.6,31.4,62.0,45.0,7.0,10.3,0.0,6.0,0.0,0.0,10
2022-09-30,30.5,23.5,31.5,24.5,33.5,24.8,31.3,29.8,31.0,31.0,34.7,34.0,33.4,31.4,53.0,54.0,8.3,8.0,0.0,5.28,0.0,0.0,13
2022-10-01,30.5,24.5,31.5,24.0,34.0,24.6,30.1,29.4,30.6,31.0,33.5,32.8,33.4,31.4,59.0,56.0,10.7,5.4,0.0,6.37,0.0,0.0,13
2022-10-02,30.5,24.0,32.5,24.5,34.5,25.0,31.1,29.2,30.0,31.0,36.9,35.6,30.2,31.4,56.0,50.0,14.7,10.4,0.0,6.38,0.0,0.0,9
2022-10-03,30.5,24.0,32.5,24.0,34.6,25.0,31.9,30.0,31.4,31.0,38.1,36.4,36.0,31.4,56.0,46.0,8.3,10.3,0.0,5.06,0.0,0.0,9
2022-10-04,30.5,25.0,34.5,24.5,36.5,23.0,32.7,30.2,31.8,31.0,39.7,37.6,36.8,31.4,62.0,41.0,4.6,9.0,0.0,5.15,0.0,0.0,10
2022-10-05,31.0,24.0,32.5,25.0,36.4,23.0,33.1,30.6,32.6,31.0,38.7,37.0,36.8,31.4,54.0,52.0,3.5,6.8,0.0,3.42,0.0,0.0,9
2022-10-06,28.5,24.2,31.8,23.5,34.2,22.6,32.1,30.6,32.8,31.0,36.1,34.6,35.6,31.4,68.0,48.0,5.1,3.8,0.0,4.2,0.0,0.0,13
2022-10-07,28.2,25.5,33.0,24.0,34.0,24.8,32.1,30.0,32.0,31.0,36.5,34.6,34.0,31.4,80.0,49.0,2.5,3.1,0.0,3.39,0.0,0.0,5
2022-10-08,30.0,25.0,31.0,25.0,34.0,24.8,32.1,30.6,32.4,31.0,38.3,37.0,36.8,31.4,65.0,60.0,2.4,8.3,19.4,3.18,0.0,0.0,5
2022-10-09,27.0,25.0,30.5,26.0,32.8,22.8,31.3,29.4,30.2,31.0,34.5,33.4,33.2,31.4,84.0,68.0,2.0,6.0,11.4,1.61,0.0,0.0,9
2022-10-10,27.5,25.0,28.0,25.5,33.2,23.0,30.3,28.8,29.5,31.0,33.9,33.0,32.8,31.4,81.0,82.0,2.3,4.3,2.5,1.32,0.0,0.0,5
2022-10-11,28.0,25.5,31.5,25.0,33.6,24.0,31.3,29.0,29.6,31.0,35.5,33.8,32.6,31.4,82.0,56.0,2.0,4.8,0.0,3.2,0.0,0.0,9
2022-10-12,28.0,25.5,28.2,24.8,34.0,26.0,30.9,29.0,29.8,31.0,33.9,33.6,33.4,31.4,82.0,75.0,2.4,7.1,0.0,3.96,0.0,0.0,13
2022-10-13,28.5,25.0,25.0,24.5,34.0,25.2,31.9,29.6,30.0,31.0,34.9,34.0,33.6,31.4,73.0,96.0,1.7,7.2,0.0,2.59,0.0,0.0,1
2022-10-14,29.5,24.5,25.0,24.0,35.5,25.5,31.9,29.4,31.0,31.0,33.0,30.2,32.2,31.4,65.0,92.0,2.3,6.7,5.2,3.13,0.0,0.0,5
2022-10-15,27.5,25.0,25.5,25.0,32.0,23.0,30.5,28.4,29.0,31.0,32.5,31.0,31.6,31.4,80.0,95.0,1.5,4.0,5.2,2.59,0.0,0.0,13
2022-10-16,29.4,25.8,27.2,23.0,34.0,23.4,31.7,28.8,29.2,31.0,34.1,33.6,33.0,31.4,74.0,68.0,1.7,5.4,6.3,3.38,0.0,0.0,1
2022-10-17,27.6,25.2,31.2,25.4,33.0,26.1,30.5,28.8,29.8,31.0,33.7,33.0,32.0,31.4,81.0,61.0,3.1,6.1,0.9,4.09,0.0,0.0,5
2022-10-18,28.8,24.5,28.3,24.5,31.2,23.8,30.3,29.0,29.8,31.0,31.7,31.5,31.6,31.4,69.0,72.0,7.4,5.3,0.0,4.2,0.0,0.0,13
2022-10-19,29.6,25.0,31.3,25.0,33.2,25.5,30.3,28.8,29.4,31.0,34.1,32.8,33.0,31.4,67.0,57.0,5.6,8.3,1.0,4.03,0.0,0.0,9
2022-10-20,27.0,25.0,30.7,25.5,33.0,23.7,29.5,28.0,29.2,31.0,33.5,32.0,31.6,31.4,84.0,64.0,5.3,6.1,7.8,1.74,0.0,0.0,9
2022-10-21,24.8,24.0,25.5,24.5,32.0,24.0,28.1,27.4,28.8,31.0,29.1,28.2,29.2,31.4,93.0,92.0,2.6,0.0,1.0,0.62,0.0,0.0,9
2022-10-22,27.0,24.5,31.0,25.0,32.0,22.5,28.9,27.2,28.2,31.0,32.7,30.8,30.4,31.4,81.0,60.0,2.4,3.6,4.5,1.03,0.0,0.0,13
2022-10-23,28.0,25.0,30.5,25.5,32.8,23.2,29.7,27.2,28.2,31.0,33.7,32.4,31.6,31.4,77.0,66.0,4.1,7.6,0.0,3.82,0.0,0.0,13
2022-10-24,28.0,25.0,32.0,25.5,33.8,22.5,30.1,27.6,28.6,31.0,35.3,33.6,32.4,31.4,77.0,58.0,2.6,8.4,0.0,3.2,0.0,0.0,9
2022-10-25,28.6,25.0,29.0,25.6,34.0,23.6,31.1,28.4,29.4,31.0,33.7,32.4,32.4,31.4,73.0,75.0,1.9,7.2,0.8,2.62,0.0,0.0,10
2022-10-26,27.6,25.4,30.0,25.0,31.2,22.5,30.7,28.6,29.6,31.0,33.3,31.8,31.6,31.4,83.0,60.0,1.1,5.2,0.0,2.86,0.0,0.0,8
2022-10-27,28.6,25.0,31.5,24.0,32.0,22.0,31.1,28.4,29.2,31.0,34.5,33.0,32.2,31.4,73.0,51.0,1.5,9.3,0.0,3.0,0.0,0.0,5
2022-10-28,28.0,24.0,31.0,24.5,32.5,23.0,30.7,28.0,29.0,31.0,35.1,33.8,32.4,31.4,70.0,57.0,1.9,10.7,0.0,3.22,0.0,0.0,4
2022-10-29,28.0,23.8,30.0,25.0,33.0,22.4,30.3,27.8,28.8,31.0,33.7,32.8,31.8,31.4,69.0,65.0,1.9,8.9,0.0,3.08,0.0,0.0,10
2022-10-30,27.0,24.5,26.2,24.5,31.5,22.8,29.9,28.6,29.6,31.0,31.7,29.8,31.4,31.4,81.0,87.0,2.9,4.3,1.5,2.18,0.0,0.0,8
2022-11-01,27.0,25.0,27.8,25.0,31.6,23.0,29.7,27.0,27.8,31.0,32.3,30.8,30.8,31.4,84.0,79.0,1.6,4.3,37.8,1.08,0.0,0.0,13
2022-11-02,28.5,25.0,29.0,25.0,32.6,23.5,30.7,27.6,27.8,31.0,33.1,32.2,31.8,31.4,73.0,71.0,2.2,6.7,1.6,1.76,0.0,0.0,13
2022-11-03,28.5,25.2,24.5,23.4,32.5,23.0,30.9,28.2,29.4,31.0,30.5,30.2,31.4,31.4,75.0,90.0,1.3,6.1,6.8,1.65,0.0,0.0,5
2022-11-04,26.5,24.6,31.8,25.8,33.0,24.5,29.7,27.4,27.8,31.0,35.7,33.8,32.4,31.4,84.0,60.0,1.9,4.5,22.2,2.97,0.0,0.0,5
2022-11-05,27.0,25.0,27.5,25.0,31.5,24.2,29.9,27.6,28.2,31.0,32.1,31.4,31.8,31.4,84.0,80.0,1.7,7.2,20.4,3.15,0.0,0.0,10
2022-11-06,27.5,25.5,31.0,25.0,32.2,23.4,30.3,27.6,28.0,31.0,33.9,32.4,31.6,31.4,85.0,60.0,2.2,8.7,3.0,2.01,0.0,0.0,13
2022-11-07,27.0,25.0,30.0,25.3,31.0,23.5,30.3,29.8,28.4,31.0,31.3,30.2,30.8,31.4,84.0,57.0,2.0,4.7,49.8,1.3,0.0,0.0,13
2022-11-08,26.5,25.0,25.0,22.6,28.4,22.6,28.7,27.0,27.8,31.0,29.7,29.0,29.2,31.4,87.0,79.0,1.3,0.0,53.2,1.69,0.0,0.0,13
2022-11-09,23.5,23.2,26.2,24.2,27.0,22.5,26.1,25.4,27.2,31.0,29.3,27.6,27.8,31.4,96.0,84.0,1.2,0.0,2.8,0.22,0.0,0.0,10
2022-11-10,24.5,24.0,25.0,23.0,31.0,23.2,27.1,25.8,26.8,31.0,30.7,30.2,29.8,31.4,95.0,84.0,2.6,2.8,0.5,0.32,0.0,0.0,9
2022-11-11,26.8,24.2,28.5,26.0,31.4,25.6,28.5,28.5,27.6,31.0,32.5,30.6,30.2,31.4,80.0,80.0,3.9,6.6,0.3,1.3,0.0,0.0,10
2022-11-12,28.0,24.6,30.5,26.0,32.0,23.3,29.9,29.9,27.8,31.0,34.7,33.0,31.8,31.4,74.0,68.0,2.9,8.6,3.5,2.5,0.0,0.0,13
2022-11-13,25.5,24.5,30.5,26.0,31.0,22.4,28.5,28.5,28.2,31.0,33.9,32.0,31.2,31.4,92.0,68.0,1.7,4.5,16.0,2.98,0.0,0.0,9
2022-11-14,26.0,24.5,26.5,25.0,31.5,24.1,28.7,28.7,27.8,31.0,31.3,30.6,30.8,31.4,88.0,87.0,1.4,4.6,0.2,1.76,0.0,0.0,9
2022-11-15,26.5,25.0,29.5,25.2,31.0,23.5,29.5,29.5,28.4,31.0,33.9,32.4,31.4,31.4,87.0,69.0,1.9,6.4,0.0,1.98,0.0,0.0,9
2022-11-16,28.0,25.5,30.0,25.0,31.4,21.5,30.3,30.3,28.4,31.0,32.7,32.0,31.0,31.4,82.0,65.0,2.6,6.5,0.0,2.46,0.0,0.0,9
2022-11-17,26.0,23.0,29.5,23.2,30.2,20.6,27.7,27.7,27.8,31.0,33.5,32.4,31.8,31.4,76.0,56.0,2.7,9.1,0.0,3.46,0.0,0.0,9
2022-11-18,25.0,22.5,28.5,24.2,30.8,23.5,27.7,27.7,27.4,31.0,31.1,30.2,29.8,31.4,80.0,68.0,3.3,1.3,0.0,1.67,0.0,0.0,9
2022-11-19,25.5,24.0,27.0,23.6,27.8,23.3,27.3,27.3,27.8,31.0,30.3,29.8,30.2,31.4,87.0,74.0,2.9,0.0,0.5,1.23,0.0,0.0,13
2022-11-20,25.5,24.5,29.0,25.0,30.5,20.8,27.3,27.3,27.4,31.0,32.3,31.2,30.8,31.4,92.0,71.0,2.7,4.7,0.0,2.16,0.0,0.0,9
2022-11-21,26.0,23.2,30.0,23.0,31.5,22.0,28.5,28.5,27.4,31.0,33.7,32.8,31.6,31.4,78.0,53.0,2.3,10.3,0.0,2.52,0.0,0.0,9
2022-11-22,28.0,24.8,31.5,24.0,32.6,21.6,29.9,29.9,28.0,31.0,35.7,34.0,32.6,31.4,76.0,51.0,1.6,10.6,0.0,2.38,0.0,0.0,13
2022-11-23,27.2,25.0,32.0,23.8,33.4,21.4,29.9,29.9,29.0,31.0,36.1,34.4,33.2,31.4,83.0,48.0,2.3,9.5,0.0,3.52,0.0,0.0,9
2022-11-24,27.5,24.5,30.5,25.0,32.5,25.5,30.1,30.1,28.4,31.0,35.9,34.6,33.2,31.4,77.0,62.0,1.5,8.7,0.0,3.86,0.0,0.0,9
2022-11-25,28.5,25.5,31.0,25.5,32.8,24.2,31.1,31.1,29.2,31.0,37.3,35.4,33.8,31.4,78.0,63.0,1.8,9.8,0.0,3.36,0.0,0.0,5
2022-11-26,28.5,25.0,31.3,25.0,32.8,25.0,31.3,31.3,29.4,31.0,37.9,35.6,33.5,31.4,75.0,56.0,1.9,9.7,0.0,3.16,0.0,0.0,5
2022-11-27,28.5,25.2,30.5,26.0,32.5,24.4,31.5,31.5,29.8,31.0,36.7,34.6,33.6,31.4,75.0,68.0,1.8,9.9,0.0,3.94,0.0,0.0,4
2022-11-28,27.5,24.4,31.0,24.5,32.5,25.5,30.1,30.1,29.2,31.0,36.9,34.8,33.4,31.4,76.0,57.0,1.7,10.6,0.0,3.76,0.0,0.0,5
2022-11-29,27.2,24.5,29.6,23.0,31.4,20.4,30.3,30.3,29.4,31.0,36.3,34.4,33.0,31.4,80.0,55.0,2.0,10.5,0.0,3.56,0.0,0.0,4
2022-11-30,26.0,22.8,29.0,25.0,31.5,22.4,29.9,29.9,28.6,31.0,36.1,34.0,32.6,31.4,75.0,71.0,1.9,8.5,0.0,1.32,0.0,0.0,15
2022-12-01,27.0,25.1,29.0,25.5,32.5,23.2,30.5,28.4,29.4,31.0,34.7,33.2,32.6,31.4,86.0,75.0,1.7,6.0,10.1,2.92,0.0,0.0,8
2022-12-02,27.5,25.2,28.0,23.5,33.0,23.5,29.9,28.0,29.0,31.0,32.7,31.6,31.4,31.4,81.0,68.0,1.3,5.5,13.4,3.31,0.0,0.0,13
2022-12-03,28.0,25.8,28.5,25.0,29.5,23.5,30.5,28.0,28.4,31.0,31.7,30.4,30.4,31.4,83.0,73.0,1.2,4.0,4.8,3.19,0.0,0.0,15
2022-12-04,27.5,25.0,26.5,24.5,31.0,22.6,29.7,27.4,28.2,31.0,32.5,31.8,31.2,31.4,80.0,84.0,2.0,7.2,0.7,2.4,0.0,0.0,4
2022-12-05,27.0,24.5,27.0,25.0,30.0,22.4,29.7,27.4,28.0,31.0,31.7,30.0,29.8,29.6,81.0,84.0,1.8,3.7,1.8,2.11,0.0,0.0,13
2022-12-06,25.5,24.5,25.0,22.5,28.5,23.4,27.5,26.8,28.4,28.0,29.9,26.8,29.0,29.0,92.0,80.0,3.7,0.0,3.0,0.72,0.0,0.0,8
2022-12-07,24.5,23.5,26.0,24.0,26.5,20.2,26.5,26.2,27.8,28.4,27.9,27.0,28.0,29.2,91.0,84.0,6.8,0.0,4.7,1.68,0.0,0.0,8
2022-12-08,21.6,20.0,17.5,16.8,23.4,16.6,23.5,24.0,26.4,26.4,21.7,22.6,25.6,25.5,86.0,92.0,7.8,0.0,32.8,0.02,0.0,0.0,15
2022-12-09,23.0,19.5,24.5,21.3,26.0,19.8,22.5,21.8,24.0,24.9,24.7,23.5,24.6,26.1,71.0,74.0,3.1,0.0,3.4,0.38,0.0,0.0,8
2022-12-10,24.5,22.8,28.6,25.0,30.0,21.6,24.7,23.0,24.6,25.1,29.5,27.2,26.4,26.5,85.0,73.0,1.0,0.9,0.0,0.86,0.0,0.0,0
2022-12-11,25.2,23.0,29.6,24.2,32.2,20.6,26.5,24.8,26.2,25.5,30.9,29.0,27.8,27.3,82.0,62.0,1.9,4.5,0.0,1.26,0.0,0.0,0
2022-12-12,23.8,22.2,30.2,25.0,32.4,21.2,25.7,25.0,26.8,26.1,31.9,28.6,27.8,27.7,86.0,64.0,0.6,0.5,0.0,1.85,0.0,0.0,15
2022-12-13,26.3,24.6,29.0,25.0,33.0,22.0,26.7,25.2,26.8,28.0,34.3,31.0,28.8,28.7,84.0,71.0,1.2,10.0,0.0,2.05,0.0,0.0,13
2022-12-14,27.0,24.6,29.5,23.5,34.0,21.8,27.7,26.6,27.8,28.3,32.7,30.0,29.0,28.3,81.0,71.0,1.6,5.2,0.0,2.9,0.0,0.0,13
2022-12-15,24.5,23.0,28.5,24.2,30.4,21.0,27.1,26.0,27.8,28.3,33.3,30.2,29.0,27.5,87.0,68.0,2.2,6.6,0.0,2.86,0.0,0.0,5
2022-12-16,26.5,24.0,29.0,24.0,30.6,22.8,27.3,26.0,27.6,28.3,33.1,30.2,29.0,28.5,80.0,64.0,2.6,8.2,0.0,3.08,0.0,0.0,13
2022-12-17,25.0,23.6,26.4,24.6,27.5,22.5,27.1,26.2,27.8,28.5,29.5,28.0,28.4,27.6,88.0,86.0,1.9,0.0,4.6,1.14,0.0,0.0,13
2022-12-19,24.0,23.0,24.5,23.0,27.0,22.2,25.5,25.0,26.8,28.1,26.3,25.6,26.6,27.5,91.0,87.0,1.2,0.0,65.2,0.46,0.0,0.0,0
2022-12-20,26.8,25.4,26.0,25.0,29.8,22.3,26.7,25.0,26.4,26.7,28.5,27.4,27.8,27.0,89.0,92.0,1.5,2.6,2.0,0.22,0.0,0.0,4
2022-12-21,24.5,24.0,23.5,23.2,28.0,21.8,26.5,25.6,26.6,26.7,26.7,26.4,27.0,26.1,95.0,96.0,2.1,0.0,41.0,0.34,0.0,0.0,13
2022-12-22,25.0,24.0,25.0,24.5,27.0,21.6,26.1,24.8,26.2,27.5,28.5,27.0,27.0,27.5,92.0,96.0,2.6,0.5,10.3,0.44,0.0,0.0,15
2022-12-23,25.0,23.8,29.0,25.3,30.2,23.0,25.9,25.0,26.4,27.5,31.7,28.8,27.4,28.1,90.0,74.0,4.2,7.4,0.8,1.16,0.0,0.0,8
2022-12-25,22.0,21.6,26.0,24.5,27.5,21.2,24.9,24.8,26.4,26.1,28.7,27.0,27.0,26.3,96.0,88.0,0.9,0.0,0.7,0.62,0.0,0.0,10
2022-12-26,25.8,24.2,29.0,25.0,31.8,21.0,26.5,25.4,26.6,26.1,33.3,29.8,28.0,26.5,87.0,77.0,1.6,6.6,0.0,1.18,0.0,0.0,13
2022-12-27,26.5,24.6,28.2,25.2,32.0,22.4,26.7,25.8,27.2,26.5,32.5,29.8,28.6,27.1,84.0,77.0,1.3,8.3,0.7,1.94,0.0,0.0,13
2022-12-28,27.2,25.6,29.8,25.6,30.6,21.8,27.7,26.0,27.6,26.7,32.7,29.4,28.4,26.9,87.0,70.0,1.7,5.1,1.3,0.72,0.0,0.0,5
2022-12-29,27.5,25.2,30.0,24.6,30.4,20.4,27.7,26.0,27.6,26.7,34.1,30.4,28.6,27.3,81.0,59.0,1.7,10.6,0.0,2.4,0.0,0.0,15
2022-12-30,28.5,23.0,29.5,23.6,30.8,20.5,26.1,25.4,27.4,27.7,33.5,30.0,28.8,28.3,60.0,58.0,1.7,9.0,0.0,2.3,0.0,0.0,5
2022-12-31,25.0,23.4,28.4,24.0,30.0,19.1,26.5,25.8,27.6,27.9,31.5,29.0,28.4,28.3,87.0,68.0,1.1,7.4,0.0,2.64,0.0,0.0,15
2023-01-01,25.0,23.0,29.5,24.0,30.6,20.0,26.1,24.8,26.8,27.3,33.5,29.8,28.4,27.7,84.0,61.0,1.7,10.4,0.0,2.4,0.0,0.0,13
2023-01-02,25.6,23.6,28.0,23.2,30.4,19.5,26.1,25.8,27.2,27.5,32.5,29.8,28.4,28.1,84.0,65.0,2.4,9.4,0.0,3.34,0.0,0.0,13
2023-01-03,26.0,23.0,29.0,23.4,30.4,20.5,26.1,25.6,27.2,27.5,33.3,29.8,28.6,28.3,76.0,60.0,2.5,10.2,0.0,4.24,0.0,0.0,4
2023-01-04,25.2,23.5,29.0,23.8,30.0,21.4,26.7,26.0,27.4,27.7,31.7,28.6,28.4,26.7,87.0,63.0,2.2,6.9,0.0,3.14,0.0,0.0,15
2023-01-05,25.0,24.0,29.0,25.2,31.6,22.6,26.9,26.0,27.6,28.1,33.7,30.0,28.8,28.0,92.0,72.0,2.2,6.0,9.3,3.86,0.0,0.0,13
2023-01-06,25.0,24.5,27.0,24.5,28.5,22.6,27.5,26.8,27.8,28.5,31.7,29.0,28.4,28.5,96.0,84.0,2.6,2.9,21.2,0.96,0.0,0.0,8
2023-01-07,24.5,24.0,25.5,24.5,28.5,22.4,26.7,26.2,27.8,28.4,29.1,28.0,28.0,28.1,95.0,92.0,2.1,2.1,17.3,0.58,0.0,0.0,13
2023-01-08,23.5,22.0,27.2,23.8,29.0,20.0,28.5,26.0,27.4,27.7,29.7,28.0,27.8,27.7,86.0,74.0,2.4,4.2,12.3,0.91,0.0,0.0,10
2023-01-09,24.5,23.0,26.0,22.5,28.8,19.2,25.7,25.0,26.8,27.5,30.3,28.2,27.8,27.1,87.0,73.0,2.3,4.9,0.0,0.94,0.0,0.0,15
2023-01-10,23.4,22.4,28.0,23.5,29.4,17.2,25.5,24.6,26.6,27.1,30.7,28.0,27.6,27.1,91.0,68.0,2.2,7.5,0.0,1.26,0.0,0.0,15
2023-01-11,24.5,22.4,28.5,23.0,30.0,18.0,24.5,23.8,26.2,27.1,31.3,28.0,27.6,27.5,82.0,60.0,1.5,10.2,0.0,1.11,0.0,0.0,13
2023-01-12,24.0,22.2,28.0,22.5,29.8,18.0,24.7,24.0,26.0,26.7,30.9,28.4,27.2,26.9,85.0,61.0,1.8,9.6,0.0,1.77,0.0,0.0,13
2023-01-13,24.5,22.2,28.0,23.4,29.8,20.0,24.7,24.2,26.2,26.7,33.3,28.6,27.4,27.1,80.0,59.0,1.9,9.8,0.0,1.02,0.0,0.0,13
2023-01-14,25.2,23.4,28.5,24.0,30.5,20.0,26.3,25.0,26.6,27.1,33.9,29.4,27.6,27.3,85.0,67.0,2.1,7.9,0.0,2.16,0.0,0.0,15
2023-01-15,26.0,24.0,28.0,24.6,30.4,21.6,25.7,25.2,27.0,27.1,31.7,27.6,27.7,28.3,84.0,73.0,1.6,6.8,0.0,1.62,0.0,0.0,15
2023-01-16,24.8,23.5,25.0,24.4,28.6,22.4,26.9,26.0,27.4,27.5,28.7,27.0,27.8,27.7,90.0,95.0,1.6,2.1,14.6,0.82,0.0,0.0,15
2023-01-17,25.5,24.4,29.0,24.6,29.6,21.2,26.7,25.6,27.0,27.5,32.5,29.0,27.8,27.5,90.0,68.0,1.8,6.2,0.0,1.34,0.0,0.0,13
2023-01-18,25.2,24.0,28.5,24.5,30.5,18.5,26.1,24.8,26.2,27.5,32.7,29.4,28.2,26.7,90.0,71.0,2.3,9.8,0.0,2.54,0.0,0.0,13
2023-01-19,25.0,23.0,28.0,21.5,29.6,18.4,25.7,24.8,26.8,27.3,33.7,29.8,28.2,27.5,84.0,54.0,2.3,10.1,1.6,2.48,0.0,0.0,15
2023-01-20,24.8,23.0,29.5,23.0,30.5,21.5,25.9,24.8,26.8,27.3,34.3,29.8,28.0,29.5,85.0,55.0,2.3,10.4,2.0,2.72,0.0,0.0,13
2023-01-21,25.0,23.5,25.0,23.0,27.8,20.5,27.5,26.0,27.6,27.7,28.7,27.2,27.6,27.6,88.0,84.0,2.2,0.0,50.0,2.65,0.0,0.0,8
2023-01-22,22.5,21.5,25.0,23.6,27.0,21.5,24.1,24.6,26.2,25.7,27.8,26.4,27.0,26.4,91.0,88.0,0.7,0.0,1.6,0.41,0.0,0.0,4
2023-01-23,24.5,24.0,29.6,25.5,30.0,22.0,26.1,25.4,26.2,26.9,32.5,28.8,27.8,27.5,95.0,71.0,2.1,3.7,2.9,1.08,0.0,0.0,15
2023-01-24,27.5,25.0,28.5,24.0,30.4,20.5,27.9,26.0,27.0,26.3,31.9,29.2,28.2,27.7,80.0,69.0,2.2,7.5,0.0,1.95,0.0,0.0,5
2023-01-25,25.0,23.5,29.4,25.0,30.5,21.5,25.7,25.2,26.2,26.1,32.1,30.0,28.2,27.7,88.0,68.0,2.1,8.9,0.0,1.59,0.0,0.0,13
2023-01-26,24.8,23.4,27.0,24.0,27.5,21.8,26.1,25.0,27.4,26.5,30.9,28.6,28.0,27.7,88.0,77.0,2.2,1.6,0.0,1.44,0.0,0.0,8
2023-01-27,24.0,23.0,26.0,23.0,26.6,20.5,26.3,25.8,27.2,27.5,27.7,26.6,27.2,27.3,91.0,76.0,1.2,0.0,0.7,0.22,0.0,0.0,15
2023-01-28,25.5,23.5,28.0,23.2,30.0,19.2,25.7,25.0,26.6,26.3,32.9,28.2,27.8,27.3,84.0,65.0,2.6,9.4,0.0,1.62,0.0,0.0,15
2023-01-29,24.0,22.5,29.0,23.0,29.5,20.0,25.5,24.8,26.4,26.9,33.1,28.8,27.4,27.1,88.0,58.0,2.0,5.7,0.0,2.48,0.0,0.0,8
2023-01-30,24.0,22.5,29.5,24.6,30.5,23.2,26.3,25.4,26.8,27.3,34.1,29.6,28.0,27.7,88.0,65.0,3.4,7.5,1.2,2.6,0.0,0.0,8
2023-01-31,24.4,23.2,24.6,23.8,26.2,22.0,27.1,26.4,27.8,27.7,27.3,26.8,27.6,27.5,90.0,93.0,4.4,0.0,3.8,0.92,0.0,0.0,8
2023-02-01,26.0,24.0,27.5,23.5,28.2,22.2,27.1,25.6,27.0,27.3,30.7,28.2,27.6,27.3,84.0,70.0,7.5,3.9,37.4,0.97,0.0,0.0,15
2023-02-02,23.6,23.0,26.2,25.2,26.6,22.8,25.5,24.8,26.2,26.2,28.3,26.4,26.8,26.5,95.0,92.0,1.8,0.0,63.2,0.9,0.0,0.0,13
2023-02-03,26.0,25.0,30.0,25.0,30.6,22.5,26.7,25.2,26.4,26.7,34.1,29.6,27.8,27.3,92.0,65.0,2.5,6.3,0.5,0.74,0.0,0.0,1
2023-02-04,26.0,25.0,27.0,25.2,30.0,22.8,27.1,26.2,27.2,26.3,31.1,28.8,28.2,27.7,92.0,96.0,2.4,1.9,27.6,1.02,0.0,0.0,13
2023-02-05,26.5,24.8,27.8,24.5,30.6,23.0,27.3,26.2,27.4,27.7,32.5,30.0,28.4,27.9,86.0,76.0,2.5,3.1,0.2,1.16,0.0,0.0,5
2023-02-06,24.5,24.0,25.8,25.0,27.6,22.6,27.1,26.4,27.6,27.7,28.9,27.4,27.8,27.7,95.0,93.0,1.8,0.0,40.7,0.96,0.0,0.0,8
2023-02-07,25.0,24.6,29.0,24.0,29.8,21.6,26.7,25.6,27.4,27.3,31.3,28.2,27.8,27.3,96.0,64.0,1.4,2.2,10.4,0.41,0.0,0.0,5
2023-02-08,25.5,24.6,30.0,24.5,31.7,20.5,26.3,25.6,27.2,27.3,34.5,30.6,28.4,27.7,92.0,63.0,1.8,9.5,0.0,1.9,0.0,0.0,13
2023-02-09,27.0,25.0,30.5,25.0,31.5,21.0,27.5,25.4,27.4,27.7,34.3,30.2,28.4,27.9,84.0,62.0,1.7,10.8,0.0,1.96,0.0,0.0,15
2023-02-10,26.5,25.0,28.0,24.0,30.6,19.6,26.9,25.8,27.6,27.7,32.7,29.6,28.4,27.9,87.0,70.0,2.1,7.8,0.0,1.66,0.0,0.0,8
2023-02-11,22.4,22.0,29.2,24.0,30.0,20.0,25.3,25.2,27.2,27.5,32.7,29.0,28.0,27.9,96.0,63.0,1.3,6.2,0.0,1.48,0.0,0.0,10
2023-02-12,25.6,23.6,29.5,24.4,30.4,18.6,26.7,25.6,27.6,27.7,33.5,29.8,28.4,28.1,84.0,63.0,2.0,10.3,0.0,1.94,0.0,0.0,15
2023-02-13,25.5,23.0,29.2,23.5,30.4,19.0,26.1,25.4,27.6,27.7,34.3,30.0,28.4,28.1,79.0,61.0,1.7,10.7,0.0,2.58,0.0,0.0,13
2023-02-14,26.5,24.0,29.5,24.0,31.0,17.5,26.1,25.2,27.2,27.7,34.7,30.2,28.4,27.9,80.0,61.0,2.2,10.7,0.0,2.48,0.0,0.0,13
2023-02-15,24.5,22.8,27.6,22.2,30.0,17.6,25.7,24.8,27.0,27.5,33.7,29.8,28.2,27.7,85.0,60.0,2.0,10.5,0.0,2.94,0.0,0.0,15
2023-02-16,24.8,23.8,29.2,22.8,30.2,18.8,25.9,25.0,26.8,27.3,34.3,29.6,28.0,27.5,91.0,55.0,2.1,10.5,0.0,2.96,0.0,0.0,13
2023-02-17,25.0,23.4,30.0,24.8,31.0,21.6,25.9,25.2,26.8,27.3,34.1,29.6,28.2,27.7,87.0,64.0,2.8,10.1,0.3,2.94,0.0,0.0,8
2023-02-18,25.8,24.5,28.5,24.4,30.6,22.4,27.3,26.4,27.6,27.7,31.7,28.2,28.4,27.9,90.0,69.0,3.1,7.8,19.6,1.4,0.0,0.0,15
2023-02-19,24.5,24.0,28.0,24.5,28.6,22.6,26.7,26.2,27.6,27.7,30.1,28.0,28.2,28.1,95.0,71.0,2.6,1.1,5.9,0.84,0.0,0.0,13
2023-02-20,24.5,24.0,25.5,24.2,29.0,20.5,26.7,26.0,27.6,26.9,28.5,27.0,27.6,27.5,95.0,88.0,1.4,0.0,36.0,0.96,0.0,0.0,15
2023-02-21,25.8,24.0,29.8,24.5,31.4,19.0,26.1,25.2,27.0,27.3,33.7,29.8,28.0,27.5,85.0,64.0,2.4,9.0,0.0,1.42,0.0,0.0,0
2023-02-22,25.0,23.8,29.6,23.2,31.0,19.4,26.1,25.4,27.4,27.3,33.7,30.0,28.2,27.9,90.0,56.0,1.9,10.9,0.0,2.32,0.0,0.0,15
2023-02-23,26.0,23.2,30.0,24.0,31.4,21.5,26.1,25.8,27.6,27.7,33.7,31.0,28.2,28.1,75.0,59.0,2.0,10.1,0.0,2.34,0.0,0.0,13
2023-02-24,25.8,24.2,30.5,24.5,31.8,22.5,27.3,26.2,27.8,28.1,33.3,29.8,28.8,28.5,87.0,59.0,2.2,8.8,0.0,3.32,0.0,0.0,13
2023-02-25,26.8,24.4,30.0,25.0,31.6,18.0,27.5,25.4,27.8,28.1,34.7,30.6,29.0,28.5,81.0,65.0,2.8,10.3,0.0,3.06,0.0,0.0,8
2023-02-26,24.8,22.4,29.8,23.2,31.0,20.4,26.3,25.6,27.6,28.1,33.3,29.8,28.4,28.6,80.0,55.0,2.7,10.9,0.0,2.92,0.0,0.0,8
2023-02-27,25.0,23.2,27.5,23.6,29.5,22.0,26.7,26.0,27.6,28.1,29.3,27.6,28.0,28.1,85.0,70.0,2.5,4.2,15.8,1.12,0.0,0.0,15
2023-02-28,23.4,23.0,25.5,24.5,28.0,22.4,25.9,26.0,27.4,27.7,27.5,26.4,27.2,27.5,96.0,92.0,1.5,0.0,83.2,0.29,0.0,0.0,5
2023-03-01,27.8,25.8,29.0,24.5,31.0,20.8,26.7,25.2,26.4,27.1,31.7,28.6,27.6,27.5,85.0,68.0,3.1,8.1,0.9,1.84,0.0,0.0,5
2023-03-02,26.0,24.2,29.6,24.2,30.5,21.8,26.5,25.8,27.6,27.5,31.7,28.6,27.8,27.5,85.0,62.0,2.0,5.4,0.0,1.92,0.0,0.0,15
2023-03-03,25.2,24.0,29.0,24.5,31.2,22.6,26.7,26.0,27.4,27.5,30.7,29.0,28.2,27.7,90.0,68.0,2.6,6.9,2.8,2.1,0.0,0.0,15
2023-03-04,25.0,24.2,25.2,24.0,27.4,22.0,26.7,25.8,27.4,27.7,27.7,26.6,27.4,27.3,93.0,90.0,1.6,0.0,18.5,0.24,0.0,0.0,0
2023-03-05,23.5,22.5,29.0,25.5,32.0,2.5,25.7,25.2,26.6,26.9,32.5,30.4,28.4,27.5,91.0,75.0,1.4,6.1,0.0,1.95,0.0,0.0,10
2023-03-06,26.5,25.4,30.7,25.0,31.6,23.4,27.7,26.4,27.4,27.7,33.9,31.2,29.2,28.3,90.0,61.0,2.6,9.1,0.0,2.69,0.0,0.0,4
2023-03-07,27.0,25.0,31.0,24.0,32.2,23.0,28.5,27.0,28.0,28.3,35.3,32.4,29.8,29.1,84.0,54.0,2.3,9.4,0.0,2.91,0.0,0.0,5
2023-03-08,27.3,25.3,30.3,25.0,31.6,21.8,28.5,27.2,28.6,28.7,34.3,31.6,30.0,30.1,84.0,63.0,3.2,10.3,0.6,3.04,0.0,0.0,5
2023-03-09,27.6,25.0,29.5,25.2,31.5,23.5,28.5,27.0,28.6,28.9,33.7,31.6,29.8,29.3,80.0,69.0,3.1,9.1,0.0,2.52,0.0,0.0,13
2023-03-10,25.6,24.6,26.6,25.0,28.5,23.6,28.3,27.4,28.6,28.9,30.3,29.0,29.0,28.9,92.0,87.0,1.0,0.0,0.2,1.78,0.0,0.0,4
2023-03-11,26.5,25.0,28.2,24.6,32.0,22.8,28.3,27.0,28.4,28.5,32.7,31.6,30.0,28.3,87.0,73.0,2.5,5.2,0.5,1.46,0.0,0.0,1
2023-03-12,27.0,25.3,32.0,26.0,33.0,22.0,27.7,27.4,28.6,28.9,31.1,29.2,29.0,28.7,87.0,60.0,1.8,2.3,1.3,1.41,0.0,0.0,13
2023-03-13,24.5,23.5,31.0,25.5,32.2,22.2,27.5,26.4,28.4,28.5,34.5,32.0,30.0,29.3,97.0,63.0,2.0,8.2,0.0,2.6,0.0,0.0,0
2023-03-14,27.0,25.0,31.5,25.0,32.2,22.8,28.3,27.0,28.8,28.9,34.1,31.4,29.8,29.5,84.0,56.0,1.5,10.1,8.6,2.59,0.0,0.0,4
2023-03-15,27.0,25.6,31.5,26.5,32.2,22.6,28.7,27.4,28.8,29.1,35.3,32.8,30.0,29.7,89.0,66.0,1.9,7.8,0.6,2.87,0.0,0.0,0
2023-03-16,22.5,26.0,30.6,25.2,33.0,22.0,28.9,27.8,29.6,29.5,34.5,32.2,30.2,29.7,87.0,63.0,1.9,6.0,0.6,2.42,0.0,0.0,13
2023-03-17,28.0,25.8,31.0,26.4,33.2,22.0,29.1,27.6,29.2,29.5,35.5,33.0,31.8,29.9,83.0,68.0,2.3,10.0,0.0,3.76,0.0,0.0,13
2023-03-18,28.5,25.8,31.2,26.2,33.6,22.6,29.7,28.0,29.8,29.7,35.3,33.0,30.8,30.1,79.0,66.0,2.5,10.2,0.0,3.64,0.0,0.0,10
2023-03-19,29.4,25.8,33.5,26.8,34.4,22.4,29.9,28.2,29.8,29.9,36.3,33.4,31.0,30.5,74.0,57.0,3.1,9.4,0.0,4.14,0.0,0.0,13
2023-03-20,26.8,25.0,32.4,26.8,33.0,22.5,28.7,27.6,29.0,29.1,34.7,32.0,30.2,29.7,86.0,63.0,1.4,7.2,0.0,3.32,0.0,0.0,1
2023-03-21,25.6,24.6,32.5,26.8,33.4,22.6,28.7,27.8,29.4,29.5,35.5,33.0,30.8,29.9,92.0,62.0,1.8,8.1,0.0,3.46,0.0,0.0,15
2023-03-22,28.0,25.2,33.7,27.0,34.8,22.6,29.5,28.2,29.8,30.1,37.1,33.8,31.2,30.5,79.0,57.0,2.2,10.4,0.0,4.08,0.0,0.0,13
2023-03-23,28.6,25.6,33.5,27.0,35.0,22.5,30.3,28.8,30.2,29.7,36.7,34.0,31.8,30.9,78.0,58.0,2.4,9.8,0.0,4.98,0.0,0.0,13
2023-03-24,28.0,25.0,34.0,26.0,34.5,22.5,30.1,28.8,3.4,30.5,36.7,33.6,31.6,30.9,77.0,51.0,1.9,9.9,0.0,3.98,0.0,0.0,10
2023-03-25,27.5,26.0,34.0,26.0,34.5,22.5,30.3,29.2,30.4,30.5,36.9,34.0,32.0,31.3,87.0,51.0,1.7,9.4,0.0,3.04,0.0,0.0,5
2023-03-26,28.5,26.0,34.0,26.0,34.2,22.5,30.1,29.0,30.6,30.7,35.7,32.6,31.8,31.3,80.0,51.0,1.4,10.4,0.0,3.14,0.0,0.0,4
2023-03-27,28.6,26.0,33.5,26.0,34.5,23.5,30.1,28.8,30.4,30.7,36.5,33.8,31.8,31.3,80.0,55.0,1.9,10.2,0.0,2.66,0.0,0.0,5
2023-03-28,28.4,26.0,33.0,27.0,34.2,21.6,30.3,29.0,30.6,30.7,36.7,33.8,31.8,32.3,82.0,61.0,2.1,10.9,0.0,3.88,0.0,0.0,10
2023-03-29,27.6,25.6,33.5,25.0,34.2,22.0,29.7,28.8,30.2,30.7,35.5,32.0,31.2,30.7,85.0,47.0,1.8,9.6,0.0,3.7,0.0,0.0,10
2023-03-30,28.0,25.5,33.8,25.5,34.5,22.0,29.7,28.2,30.0,30.5,36.7,33.6,31.4,31.7,82.0,50.0,1.9,10.6,0.0,3.14,0.0,0.0,10
2023-03-31,30.5,26.5,34.5,26.5,35.5,22.5,31.5,29.4,30.4,30.7,37.1,33.8,31.8,31.3,72.0,51.0,1.7,10.7,0.0,3.57,0.0,0.0,15
2023-04-01,29.0,25.8,34.5,27.5,35.0,22.0,30.5,29.4,30.6,30.9,37.5,34.2,32.0,31.3,76.0,57.0,2.1,10.5,0.0,3.54,0.0,0.0,5
2023-04-02,28.0,25.0,34.5,27.5,35.6,22.5,30.4,29.2,30.4,31.2,38.5,34.4,32.0,31.7,77.0,57.0,2.4,10.4,0.0,4.03,0.0,0.0,9
2023-04-03,28.5,25.6,33.5,26.5,35.2,22.3,30.3,29.6,31.0,31.1,36.5,34.0,32.0,29.5,78.0,56.0,2.3,10.1,0.0,3.68,0.0,0.0,13
2023-04-04,28.8,25.5,30.5,25.7,35.3,22.0,29.7,29.6,30.8,31.1,37.5,34.2,32.2,31.5,76.0,67.0,2.4,8.5,0.0,3.18,0.0,0.0,13
2023-04-05,28.8,25.6,33.0,26.6,34.5,23.8,30.7,29.0,31.0,30.9,36.9,34.0,32.0,30.5,76.0,59.0,2.2,10.6,0.0,4.6,0.0,0.0,5
2023-04-06,28.5,26.0,33.4,26.8,35.0,22.0,30.7,29.8,31.0,31.3,37.5,34.0,32.0,31.7,80.0,58.0,2.0,10.5,0.0,4.17,0.0,0.0,8
2023-04-07,29.5,26.0,31.0,25.4,33.0,22.2,30.3,29.2,31.0,30.9,34.3,32.4,31.6,31.5,74.0,62.0,1.9,5.8,0.0,3.14,0.0,0.0,5
2023-04-08,29.4,26.0,34.3,26.5,34.5,22.5,30.11,28.8,30.6,30.7,37.1,33.4,31.8,31.3,75.0,52.0,2.3,10.3,0.0,3.22,0.0,0.0,1
2023-04-09,29.5,26.0,33.5,26.0,34.7,22.0,30.3,29.2,30.6,30.1,37.7,34.0,32.0,31.7,74.0,53.0,2.1,9.6,0.0,3.49,0.0,0.0,15
2023-04-10,29.0,26.0,33.5,26.5,34.5,23.2,30.5,29.4,30.8,30.9,37.9,34.0,32.0,31.5,78.0,56.0,2.4,10.4,0.0,4.24,0.0,0.0,13
2023-04-11,28.0,26.0,33.5,26.0,34.5,23.0,30.5,27.4,30.6,31.1,36.3,33.4,31.0,31.7,85.0,53.0,2.3,9.6,0.0,3.12,0.0,0.0,15
2023-04-12,29.0,26.5,35.5,27.0,34.5,23.8,29.7,29.8,30.8,31.3,38.1,34.2,32.4,31.9,81.0,49.0,2.2,10.4,0.0,3.94,0.0,0.0,1
2023-04-13,29.0,26.5,34.5,27.2,36.0,23.0,31.3,30.2,31.0,31.5,37.7,34.0,32.6,34.1,82.0,54.0,1.7,9.6,0.0,4.58,0.0,0.0,1
2023-04-14,30.0,27.0,36.0,26.5,35.4,24.0,31.3,30.0,31.6,31.5,39.3,35.2,33.6,32.3,78.0,46.0,1.7,9.8,0.0,4.82,0.0,0.0,5
2023-04-15,30.0,27.0,31.4,25.2,36.6,24.0,32.5,31.0,31.6,32.4,37.5,34.6,33.2,32.5,78.0,59.0,1.9,9.9,0.0,3.78,0.0,0.0,5
2023-04-16,29.0,26.2,33.0,26.0,35.6,22.5,31.5,30.6,32.2,31.9,37.7,34.6,33.2,32.7,79.0,55.0,1.8,8.8,0.0,4.02,0.0,0.0,1
2023-04-17,29.8,26.0,36.5,25.6,35.8,23.0,31.3,30.2,31.2,32.1,40.3,36.2,33.6,32.1,73.0,39.0,2.0,11.8,0.0,3.13,0.0,0.0,15
2023-04-18,30.0,26.5,36.0,26.0,37.0,24.4,31.9,30.8,31.8,32.5,40.7,36.0,34.0,33.3,75.0,43.0,1.5,11.3,0.0,4.57,0.0,0.0,4
2023-04-19,30.2,26.4,35.0,26.0,36.4,25.0,32.3,31.0,32.4,32.7,39.7,35.8,34.0,33.3,73.0,47.0,1.7,10.8,0.0,4.18,0.0,0.0,1
2023-04-20,30.0,27.0,35.2,28.2,36.4,23.6,32.2,31.6,32.8,32.1,39.7,35.6,34.0,33.5,78.0,57.0,2.3,9.4,0.0,3.92,0.0,0.0,15
2023-04-21,30.6,26.4,31.8,27.6,36.0,23.0,32.5,31.4,33.0,33.1,39.5,36.0,34.0,33.5,70.0,71.0,2.5,9.9,13.0,3.29,0.0,0.0,4
2023-04-22,28.5,26.0,32.4,26.8,36.6,23.8,37.7,29.6,32.8,32.1,35.9,34.0,32.8,31.7,80.0,58.0,2.3,6.9,8.3,3.81,0.0,0.0,13
2023-04-23,28.5,26.0,34.0,26.6,35.4,24.2,30.5,29.2,30.8,31.1,36.7,33.8,32.2,31.7,80.0,54.0,2.1,9.4,0.0,3.42,0.0,0.0,4
2023-04-24,29.8,26.1,26.0,25.1,35.5,24.0,31.3,30.0,31.4,31.7,30.4,32.2,32.8,32.1,74.0,93.0,6.9,7.4,26.2,2.7,0.0,0.0,8
2023-04-25,29.5,26.5,31.0,27.0,33.8,25.0,30.7,29.6,31.0,31.3,34.7,32.2,31.8,31.5,78.0,72.0,4.3,6.8,0.0,2.96,1.0,0.0,15
2023-04-26,29.2,26.8,30.5,27.5,33.2,24.4,30.9,29.8,31.2,31.5,33.3,31.6,31.8,31.7,82.0,79.0,5.8,4.5,2.3,2.82,0.0,0.0,8
2023-04-27,28.2,26.4,33.4,27.2,34.2,24.4,30.3,29.6,30.8,31.3,35.9,33.0,31.8,31.7,86.0,60.0,6.7,7.9,0.0,2.84,0.0,0.0,1
2023-04-28,27.6,25.2,29.4,26.5,33.0,24.2,30.5,29.6,31.4,31.3,33.7,32.0,31.6,31.7,81.0,79.0,1.6,3.6,0.0,2.56,1.0,0.0,1
2023-04-29,27.5,26.0,25.0,24.5,31.0,23.5,30.3,29.6,30.8,31.1,30.9,30.0,31.0,31.1,87.0,96.0,1.3,1.2,6.1,0.65,0.0,0.0,10
2023-04-30,27.5,26.0,31.6,26.6,34.5,23.7,29.7,28.6,30.0,30.1,35.5,32.6,31.2,30.7,87.0,66.0,1.5,6.4,28.0,1.96,0.0,0.0,10
2023-05-02,27.3,26.0,28.0,26.0,32.4,23.2,29.7,28.6,29.8,29.9,32.9,30.8,30.4,30.3,89.0,89.0,1.7,6.7,2.3,1.01,0.0,0.0,13
2023-05-03,29.0,26.2,30.5,26.3,34.8,23.6,29.5,28.2,29.8,30.1,35.3,32.6,31.0,30.9,79.0,79.0,2.0,3.8,48.0,1.02,0.0,0.0,5
2023-05-04,29.0,26.5,29.2,26.8,33.0,23.5,30.1,28.6,29.4,29.9,33.7,31.4,30.8,30.5,82.0,82.0,1.8,5.6,51.0,1.28,0.0,0.0,13
2023-05-05,25.5,24.5,30.0,25.5,31.4,23.5,28.7,28.2,29.4,29.7,31.1,28.4,29.6,29.7,92.0,92.0,2.4,0.0,0.0,1.4,0.0,0.0,13
2023-05-06,28.2,26.0,32.3,27.0,33.0,23.6,27.9,27.8,29.2,29.5,32.9,30.0,29.8,29.7,83.0,83.0,2.3,5.2,0.0,2.18,0.0,0.0,10
2023-05-07,25.6,24.0,32.6,26.0,33.5,25.5,28.7,28.0,29.6,30.0,33.5,30.4,29.8,29.9,92.0,69.0,1.7,0.0,0.0,1.72,0.0,0.0,13
2023-05-08,27.0,25.0,30.0,26.5,31.7,24.1,29.5,28.4,29.6,29.7,32.1,30.0,30.2,29.9,83.0,64.0,1.5,0.0,0.0,0.89,0.0,0.0,5
2023-05-09,27.5,26.0,30.5,26.4,33.1,25.4,29.5,28.2,29.6,29.7,32.5,30.4,30.2,30.5,87.0,61.0,2.5,1.8,0.9,1.21,0.0,0.0,10
2023-05-10,28.0,26.4,32.4,26.8,34.0,26.3,29.7,28.6,29.6,29.7,35.7,32.0,31.0,30.9,87.0,75.0,2.4,3.7,0.0,1.63,0.0,0.0,8
2023-05-11,30.5,26.5,32.5,27.5,34.6,23.5,31.3,29.2,30.2,29.9,36.5,32.6,31.6,30.7,72.0,70.0,2.9,5.8,0.0,1.55,0.0,0.0,13
2023-05-12,30.0,26.2,34.6,27.2,35.2,24.0,30.7,28.8,30.2,30.3,36.1,32.2,31.0,30.9,73.0,63.0,3.0,9.7,0.0,2.86,0.0,0.0,10
2023-05-13,30.0,26.0,34.4,26.0,34.0,23.2,30.7,29.0,30.2,30.3,33.7,31.6,31.0,30.9,71.0,61.0,4.9,5.6,0.0,2.9,0.0,0.0,15
2023-05-14,29.0,25.6,34.0,27.4,36.0,24.6,29.7,28.6,29.8,29.9,36.9,34.2,31.8,30.9,75.0,54.0,1.8,8.5,0.0,3.14,0.0,0.0,5
2023-05-15,30.8,27.8,34.6,27.4,35.6,25.6,31.5,29.6,30.6,30.7,37.9,35.0,32.6,31.7,79.0,49.0,2.4,9.8,0.0,3.56,0.0,0.0,5
2023-05-16,29.0,27.4,37.0,27.4,37.4,26.0,31.9,30.2,32.4,31.3,39.1,35.6,33.2,32.3,88.0,58.0,1.2,10.6,0.0,4.8,0.0,0.0,13
2023-05-17,30.8,28.2,36.2,28.4,36.6,25.0,32.7,31.0,31.8,31.7,39.3,36.0,33.4,32.5,81.0,55.0,2.1,10.1,15.2,3.78,0.0,0.0,15
2023-05-18,29.5,27.0,34.5,27.8,35.2,24.8,31.9,30.6,31.8,32.9,38.3,35.2,33.4,32.5,81.0,45.0,1.3,9.6,0.0,3.98,0.0,0.0,13
2023-05-19,29.5,26.2,35.2,27.5,36.0,24.6,31.7,30.4,31.6,32.1,38.3,35.6,33.4,32.9,75.0,54.0,1.2,10.2,0.8,4.69,0.0,0.0,13
2023-05-20,30.2,26.5,35.4,27.2,36.3,25.0,32.5,30.6,31.8,32.3,38.5,35.4,33.4,33.3,74.0,51.0,1.3,8.9,0.0,4.81,0.0,0.0,15
2023-05-21,29.5,26.5,35.8,27.0,36.0,23.0,31.8,30.6,32.0,32.3,38.3,35.4,33.2,32.8,78.0,48.0,1.3,9.4,40.7,2.6,0.0,0.0,9
2023-05-22,29.5,26.0,32.0,27.0,34.5,23.0,30.7,29.4,31.0,31.5,36.5,34.0,32.4,31.7,74.0,66.0,1.4,8.3,5.0,2.87,0.0,0.0,15
2023-05-23,28.5,26.0,35.0,26.5,36.0,24.6,30.7,29.6,31.1,31.3,37.1,34.0,32.6,32.1,80.0,50.0,1.4,10.8,0.0,3.02,0.0,0.0,13
2023-05-24,29.2,26.0,35.0,26.4,36.0,24.5,31.5,30.0,31.6,31.7,37.5,34.6,33.0,32.5,76.0,49.0,1.4,10.7,0.0,3.61,0.0,0.0,13
2023-05-25,29.8,27.0,35.0,26.0,35.4,24.2,31.9,30.6,31.8,32.3,37.5,34.8,33.2,32.5,79.0,47.0,2.5,12.8,0.0,4.28,0.0,0.0,13
2023-05-26,30.0,26.0,35.0,27.0,35.5,23.6,31.7,30.2,31.6,32.3,36.7,34.6,32.8,32.5,68.0,52.0,3.1,11.4,0.0,4.44,0.0,0.0,10
2023-05-27,30.5,26.0,36.0,27.5,36.4,25.5,32.7,30.0,31.6,31.9,37.5,34.6,32.5,32.2,68.0,50.0,1.7,11.1,0.0,4.69,0.0,0.0,5
2023-05-28,30.5,26.8,36.5,27.4,36.8,26.0,32.3,30.8,32.0,32.3,37.7,34.4,33.4,31.9,73.0,47.0,1.5,11.2,0.0,4.43,0.0,0.0,13
2023-05-29,31.0,27.2,30.5,26.5,36.0,24.5,32.9,31.0,32.2,32.5,35.3,34.0,33.6,32.7,73.0,72.0,1.2,6.3,0.0,4.02,0.0,0.0,8
2023-05-30,29.0,26.0,35.5,27.3,36.0,24.4,31.5,30.4,31.8,32.1,37.1,34.6,33.0,32.5,78.0,51.0,1.6,9.7,0.4,3.5,0.0,0.0,13
2023-05-31,29.5,26.0,36.0,26.6,36.4,24.0,31.7,30.6,31.8,32.5,37.5,34.6,33.0,32.9,74.0,46.0,1.6,10.8,30.3,3.7,0.0,0.0,13
2023-06-01,29.5,26.5,34.6,27.0,35.5,24.2,31.5,30.0,31.4,31.7,35.7,34.0,32.6,32.5,78.0,53.0,2.9,10.9,0.0,4.62,0.0,0.0,13
2023-06-02,30.0,25.4,34.0,27.0,35.4,25.0,31.3,30.0,31.6,31.9,35.5,33.2,32.3,32.3,68.0,56.0,1.4,8.1,0.0,4.11,0.0,0.0,8
2023-06-03,30.0,26.0,35.0,27.5,35.5,25.3,31.5,30.2,31.6,31.7,35.7,33.8,32.3,32.3,68.0,55.0,1.9,8.8,0.0,4.39,0.0,0.0,8
2023-06-04,29.5,26.5,34.6,27.0,36.0,24.0,31.7,30.6,31.8,31.7,35.7,34.0,32.3,32.3,78.0,53.0,2.6,8.7,0.0,3.72,0.0,0.0,8
2023-06-05,30.2,26.0,34.2,27.0,35.0,24.5,31.5,30.0,31.6,32.1,35.7,33.6,32.5,32.5,70.0,55.0,2.9,10.6,0.0,3.16,0.0,0.0,9
2023-06-06,28.0,26.0,35.0,27.5,36.6,25.0,30.7,30.2,31.6,31.7,35.9,33.8,32.3,32.3,85.0,55.0,2.1,8.3,0.0,3.12,0.0,0.0,15
2023-06-07,31.4,26.5,33.5,26.5,34.8,25.0,31.9,30.6,31.8,32.3,34.7,33.6,32.5,32.5,68.0,56.0,6.3,10.8,0.0,5.96,0.0,0.0,15
2023-06-08,31.2,25.5,32.8,26.6,35.0,24.4,31.1,30.0,31.6,31.7,34.5,33.2,32.3,32.3,62.0,60.0,5.1,10.6,0.0,4.82,0.0,0.0,15
2023-06-09,29.5,26.0,33.0,26.1,36.0,23.4,30.9,30.0,31.4,31.7,35.5,33.6,32.3,32.3,74.0,56.0,3.9,9.5,0.0,5.34,0.0,0.0,15
2023-06-10,30.5,25.2,34.0,26.5,35.0,23.6,31.3,30.0,31.4,31.7,34.3,33.0,31.9,31.9,63.0,54.0,4.9,9.6,0.0,5.52,0.0,0.0,13
2023-06-11,31.0,26.0,33.5,26.5,35.2,24.5,30.9,29.8,31.2,30.7,34.9,33.0,31.7,31.7,66.0,56.0,4.6,11.1,0.0,4.86,0.0,0.0,5
2023-06-12,31.0,26.0,34.2,26.6,35.5,24.0,31.3,30.0,31.4,31.7,34.7,31.8,32.1,32.1,66.0,55.0,4.0,11.9,0.0,5.36,0.0,0.0,5
2023-06-13,29.2,25.6,34.0,26.4,34.6,24.2,30.9,29.8,31.2,31.9,37.7,34.2,32.3,32.3,74.0,53.0,5.0,8.4,0.0,4.92,0.0,0.0,4
2023-06-14,31.0,25.4,32.4,25.8,35.4,24.8,31.5,30.4,31.6,32.2,37.1,34.0,32.3,32.3,62.0,57.0,4.1,8.2,0.0,5.74,0.0,0.0,15
2023-06-15,30.5,25.6,35.2,27.2,36.5,25.0,31.7,30.2,31.6,31.9,39.3,35.2,32.5,32.5,66.0,52.0,2.7,8.3,0.0,3.81,0.0,0.0,10
2023-06-16,31.5,26.5,35.5,27.0,36.0,25.0,32.3,31.0,32.0,32.5,39.1,35.2,32.9,32.9,66.0,49.0,3.3,11.6,0.0,5.63,0.0,0.0,15
2023-06-17,29.5,25.5,30.5,25.5,32.5,25.0,31.7,31.0,32.2,32.5,34.3,32.6,32.5,32.5,71.0,66.0,3.7,0.0,0.0,3.36,0.0,0.0,15
2023-06-18,29.5,25.5,29.5,25.5,33.0,24.4,31.3,30.4,31.4,31.7,32.7,31.6,31.8,31.9,71.0,71.0,4.4,0.8,0.0,3.08,0.0,0.0,15
2023-06-19,30.0,25.6,33.5,25.6,35.6,23.6,30.7,29.8,30.8,31.5,37.9,34.2,32.2,32.1,69.0,50.0,3.4,9.2,0.0,3.62,0.0,0.0,13
2023-06-20,30.4,25.0,34.5,27.0,35.4,24.6,31.3,30.0,31.4,31.9,38.5,34.8,32.8,32.3,63.0,53.0,3.4,10.8,0.0,4.28,0.0,0.0,8
2023-06-21,39.0,25.6,34.8,27.0,35.2,25.4,31.7,30.8,31.8,32.3,38.3,34.6,33.4,33.1,75.0,53.0,1.5,8.6,0.0,3.32,0.0,0.0,9
2023-06-22,29.5,26.4,35.0,26.2,36.0,25.2,32.1,31.2,32.0,32.5,38.7,35.2,33.6,32.9,77.0,48.0,2.2,10.1,0.0,4.32,0.0,0.0,1
2023-06-23,29.5,26.0,33.4,25.6,35.0,25.5,32.3,31.2,32.4,32.7,38.1,34.6,33.6,33.3,74.0,51.0,3.2,8.4,0.0,4.3,0.0,0.0,10
2023-06-24,31.0,26.0,35.5,26.0,35.8,24.2,31.7,30.8,32.0,32.7,38.1,35.2,33.4,33.1,66.0,44.0,4.2,10.8,0.0,4.11,0.0,0.0,13
2023-06-25,29.0,24.5,33.0,26.5,34.5,24.0,31.3,30.6,32.0,32.5,38.5,34.4,33.2,33.1,68.0,59.0,9.7,5.1,0.0,4.82,0.0,0.0,9
2023-06-26,31.0,25.5,33.2,26.2,35.0,24.5,31.7,30.6,32.0,32.5,38.5,35.0,33.4,33.5,63.0,55.0,4.7,10.7,0.0,4.08,0.0,0.0,9
2023-06-27,30.5,25.0,32.5,26.0,34.2,24.8,32.1,31.0,32.4,32.7,39.1,35.4,33.6,33.3,62.0,57.0,6.5,11.2,0.0,5.16,0.0,0.0,13
2023-06-28,31.0,25.0,33.0,25.6,34.5,24.8,32.5,31.0,32.4,33.1,39.1,35.6,33.6,33.5,60.0,53.0,5.4,11.2,0.0,5.11,0.0,0.0,8
2023-06-29,31.0,25.0,33.5,25.5,35.0,25.0,32.3,31.0,32.2,33.3,38.9,35.6,33.8,33.3,60.0,50.0,3.4,10.1,0.0,5.16,0.0,0.0,4
2023-06-30,31.0,25.5,34.5,25.8,35.0,24.5,31.7,31.6,33.0,33.3,38.7,35.4,34.0,33.7,63.0,48.0,5.1,9.5,0.0,5.07,0.0,0.0,15
2023-07-01,31.0,25.5,36.0,27.0,36.5,25.0,32.1,31.2,32.8,33.3,34.7,34.4,33.4,33.7,63.0,47.0,3.2,8.3,0.0,3.77,0.0,0.0,9
2023-07-02,28.5,25.5,31.6,25.8,32.5,25.5,31.7,31.0,32.6,33.1,37.1,33.2,32.4,33.1,78.0,61.0,2.3,0.0,0.0,4.24,0.0,0.0,13
2023-07-03,29.0,25.5,31.0,25.5,33.2,25.0,31.7,30.8,32.2,32.5,35.9,33.0,33.8,32.7,75.0,65.0,7.4,0.8,0.0,4.26,0.0,0.0,15
2023-07-04,30.0,24.5,29.5,24.2,33.0,26.8,31.3,30.0,31.8,32.3,33.9,32.6,32.4,32.5,63.0,62.0,15.0,5.4,0.0,5.66,0.0,0.0,8
2023-07-05,29.2,23.8,29.8,24.4,32.8,26.2,30.7,30.0,31.4,31.9,34.9,32.4,32.0,32.3,62.0,62.0,10.1,3.3,0.0,5.38,0.0,0.0,15
2023-07-06,28.6,24.4,30.8,24.4,32.2,23.4,30.7,30.0,31.6,32.1,34.7,32.4,32.2,32.1,69.0,57.0,6.9,0.7,0.0,5.44,0.0,0.0,8
2023-07-07,30.4,24.4,31.4,25.4,34.2,29.4,30.7,29.8,31.2,31.9,37.9,34.0,32.6,32.3,59.0,60.0,6.3,10.2,0.0,5.94,0.0,0.0,15
2023-07-08,30.4,24.6,32.5,25.6,34.0,25.0,31.7,30.4,31.8,32.3,38.1,34.0,34.2,33.5,60.0,55.0,5.8,9.5,0.0,5.01,0.0,0.0,13
2023-07-09,29.5,25.0,33.2,25.0,34.0,24.8,30.9,30.4,32.0,32.5,37.9,33.8,34.0,32.9,67.0,49.0,3.2,9.5,0.0,4.86,0.0,0.0,8
2023-07-10,29.0,25.0,33.0,26.6,33.6,24.5,31.7,30.6,32.2,32.7,36.1,33.0,32.8,33.1,71.0,59.0,1.6,0.0,0.0,3.09,0.0,0.0,10
2023-07-11,27.6,25.6,33.2,26.5,34.5,22.8,31.3,30.4,32.0,32.3,37.4,33.4,32.6,32.7,85.0,68.0,2.3,3.4,0.0,3.91,0.0,0.0,4
2023-07-12,29.55,25.0,35.0,25.5,35.5,23.5,31.1,30.2,31.8,32.3,38.5,34.4,33.6,32.1,67.0,45.0,3.1,9.6,0.0,3.67,0.0,0.0,5
2023-07-13,29.0,26.0,34.5,26.0,36.0,23.4,31.3,30.4,32.2,32.7,39.7,36.0,33.6,33.3,78.0,48.0,4.4,11.5,0.0,4.81,0.0,0.0,13
2023-07-14,31.0,25.0,33.6,25.6,35.5,23.5,31.9,31.0,32.4,32.9,38.9,35.4,34.0,34.5,60.0,50.0,4.3,11.8,0.0,5.74,0.0,0.0,10
2023-07-15,30.5,25.5,35.6,26.0,37.0,25.0,32.1,31.0,32.8,33.3,40.9,35.8,34.0,33.7,66.0,44.0,2.5,11.1,0.0,5.28,0.0,0.0,4
2023-07-16,30.5,29.5,36.0,27.0,36.6,24.5,32.7,31.8,33.2,33.7,39.9,36.0,34.6,34.5,66.0,49.0,3.6,10.9,0.0,5.21,0.0,0.0,15
2023-07-17,30.0,25.5,33.4,25.8,35.0,25.0,32.5,32.0,33.6,34.5,39.9,35.8,34.2,34.3,71.0,66.0,6.1,10.9,0.0,4.29,0.0,0.0,15
2023-07-18,30.0,25.5,33.5,25.0,34.0,25.4,32.3,31.8,33.4,33.3,39.33,35.4,34.4,33.3,71.0,71.0,11.6,9.5,0.0,5.61,0.0,0.0,15
2023-07-19,31.0,24.6,33.0,25.0,34.0,26.0,33.7,32.0,33.2,33.5,38.1,35.2,34.4,34.1,69.0,50.0,11.0,10.4,0.0,5.39,0.0,0.0,13
2023-07-20,31.4,24.0,33.5,25.0,34.4,24.6,32.5,31.6,33.8,33.5,39.5,35.4,34.2,34.4,63.0,53.0,8.8,10.4,0.0,4.72,0.0,0.0,15
2023-07-21,31.2,24.6,34.8,25.4,35.2,25.4,32.3,30.4,33.0,33.3,39.9,35.4,34.4,33.9,75.0,53.0,9.9,11.2,0.0,4.96,0.0,0.0,15
2023-07-22,29.5,23.4,33.6,25.0,34.6,26.4,31.9,31.8,33.0,33.5,39.5,35.2,34.0,33.9,77.0,48.0,9.2,10.8,0.0,4.67,0.0,0.0,8
2023-07-23,30.5,25.0,33.0,25.6,35.0,25.6,32.7,31.8,33.4,33.5,38.5,35.2,34.6,34.3,74.0,51.0,9.8,8.1,0.0,4.64,0.0,0.0,8
2023-07-24,29.2,25.0,31.4,25.5,33.0,26.8,32.1,31.6,33.2,33.5,36.1,33.6,33.4,33.8,70.0,61.0,8.3,0.8,0.0,4.58,0.0,0.0,8
2023-07-25,29.4,24.4,31.0,25.2,33.6,26.2,31.7,31.2,32.8,32.9,37.8,34.0,33.6,33.3,65.0,61.0,8.2,5.1,0.0,5.26,0.0,0.0,8
2023-07-26,30.5,24.2,32.4,25.2,34.1,24.5,31.9,31.0,32.6,31.9,37.3,34.0,33.4,33.3,57.0,54.0,6.0,6.9,0.0,4.96,0.0,0.0,15
2023-07-27,30.8,25.0,35.0,26.4,35.6,24.4,32.1,31.0,32.6,33.1,40.3,35.6,33.8,33.7,61.0,45.0,4.5,11.1,0.0,5.78,0.0,0.0,13
2023-07-28,30.5,25.0,35.5,26.2,36.4,23.8,32.3,31.4,33.0,33.3,41.5,36.0,34.4,34.3,62.0,45.0,4.1,12.2,0.0,5.66,0.0,0.0,5
2023-07-29,30.6,25.0,35.5,25.6,36.8,24.0,32.5,31.6,33.4,33.7,41.3,36.4,34.4,34.3,62.0,42.0,4.0,11.9,0.0,5.72,0.0,0.0,15
2023-07-30,30.5,24.5,36.0,26.0,37.1,23.5,32.7,32.0,33.6,33.9,41.3,36.2,34.6,34.5,59.0,43.0,3.6,11.1,0.0,4.07,0.0,0.0,15
2023-07-31,29.6,23.6,35.0,25.8,35.4,24.8,32.7,32.0,33.6,34.1,40.3,35.6,34.6,34.3,58.0,46.0,4.7,8.5,0.0,5.42,0.0,0.0,8
2023-08-01,30.5,24.8,34.6,25.8,36.0,26.0,32.3,31.6,33.4,33.7,40.3,35.6,34.4,34.3,61.0,47.0,9.2,9.2,0.0,4.16,0.0,0.0,15
2023-08-02,30.6,24.5,34.0,24.6,35.5,23.5,32.9,31.3,33.4,34.3,339.7,35.6,34.2,34.3,59.0,44.0,2.8,11.9,0.0,4.62,0.0,0.0,13
2023-08-03,31.0,24.8,36.4,26.4,37.0,23.2,32.5,31.4,32.2,33.7,41.5,36.0,34.4,34.3,58.0,43.0,4.5,11.4,0.0,4.72,0.0,0.0,13
2023-08-04,30.5,25.0,36.5,26.0,37.0,24.0,32.7,32.0,33.0,34.1,41.7,36.0,35.0,34.5,62.0,41.0,4.4,10.8,0.0,4.08,0.0,0.0,8
2023-08-05,30.0,25.5,36.0,27.0,37.5,25.0,32.1,32.2,34.0,33.7,42.7,37.0,35.4,34.9,69.0,47.0,2.9,9.8,0.0,4.22,0.0,0.0,15
2023-08-06,31.0,26.5,34.0,27.1,37.8,24.4,33.7,32.8,34.4,34.9,41.7,37.0,35.8,35.3,69.0,57.0,1.8,7.5,0.0,4.36,0.0,0.0,8
2023-08-07,30.0,25.4,36.2,26.4,37.6,24.0,33.5,32.4,34.2,36.3,42.5,37.2,35.6,35.3,68.0,44.0,3.1,10.8,0.0,4.42,0.0,0.0,10
2023-08-08,30.5,26.0,35.2,25.8,36.5,23.5,33.3,32.6,34.6,35.1,41.9,36.8,35.6,35.5,68.0,45.0,2.7,10.1,0.0,5.73,0.0,0.0,9
2023-08-09,30.0,25.0,35.5,27.0,36.5,24.2,33.1,32.2,34.6,34.7,41.5,36.4,35.2,35.1,65.0,49.0,2.5,8.6,10.4,5.09,0.0,0.0,9
2023-08-10,29.5,25.6,36.2,26.0,36.8,24.6,32.3,31.2,33.2,33.7,39.7,35.8,34.4,34.07,71.0,42.0,1.8,10.7,0.0,4.88,0.0,0.0,4
2023-08-11,29.6,26.4,26.2,24.0,35.6,23.6,32.3,32.2,33.0,33.5,37.3,35.4,34.6,34.1,77.0,82.0,1.9,6.5,0.0,4.56,0.0,0.0,9
2023-08-12,29.5,26.0,35.8,25.8,36.2,24.2,32.1,30.8,32.6,33.1,40.3,35.8,34.0,34.1,74.0,42.0,3.7,11.6,0.0,4.78,0.0,0.0,13
2023-08-13,30.5,25.8,35.5,26.0,37.0,24.0,32.3,31.2,32.8,33.3,41.3,36.4,34.2,34.1,67.0,44.0,2.6,8.2,0.0,5.06,0.0,0.0,1
2023-08-14,30.5,25.6,34.8,25.4,36.6,23.5,33.1,32.0,33.2,33.7,41.7,36.4,34.2,34.3,66.0,44.0,2.8,10.2,0.0,5.8,0.0,0.0,8
2023-08-15,30.5,24.5,35.5,25.8,36.1,21.6,32.9,32.0,33.6,34.1,41.7,36.8,35.0,34.7,66.0,44.0,2.3,10.1,0.0,5.23,0.0,0.0,10
2023-08-16,29.5,24.0,36.0,25.8,37.0,25.4,32.7,32.0,33.8,34.3,42.7,36.8,35.0,35.1,61.0,42.0,2.1,10.6,0.0,5.51,0.0,0.0,10
2023-08-17,30.0,25.0,35.2,24.6,36.0,22.6,32.7,32.0,34.0,34.5,41.7,36.8,34.6,34.9,65.0,39.0,4.9,10.8,0.0,5.74,0.0,0.0,13
2023-08-18,29.5,24.4,34.6,26.0,36.0,22.4,32.5,32.0,33.8,35.1,41.9,36.4,35.2,35.1,63.0,48.0,6.3,10.1,0.0,5.4,0.0,0.0,13
2023-08-19,30.0,24.2,34.8,26.0,36.0,23.5,32.5,31.8,33.6,34.5,42.1,36.4,35.0,35.3,60.0,47.0,6.0,10.8,0.0,4.42,0.0,0.0,9
2023-08-20,31.2,25.0,35.0,26.0,36.5,23.0,33.1,32.0,33.6,34.3,42.5,36.4,34.0,34.1,59.0,47.0,4.3,11.2,0.0,5.23,0.0,0.0,13
2023-08-21,30.0,25.5,37.5,26.5,38.0,26.0,33.7,32.0,33.6,34.3,43.5,37.0,35.4,35.1,69.0,40.0,2.3,10.6,0.0,6.0,0.0,0.0,13
2023-08-22,31.0,26.0,33.0,25.5,38.0,24.5,34.3,33.2,34.4,34.9,40.7,37.2,36.0,35.5,66.0,53.0,4.9,9.9,9.8,5.67,0.0,0.0,13
2023-08-23,29.0,25.4,36.5,26.5,36.6,23.4,32.5,31.4,33.8,34.1,40.3,36.4,34.8,34.8,74.0,45.0,2.0,10.2,68.7,5.53,0.0,0.0,10
2023-08-24,30.0,26.5,36.0,26.4,36.4,22.8,30.5,29.4,31.4,32.3,37.7,34.8,33.6,34.1,75.0,45.0,1.9,10.1,0.0,4.86,0.0,0.0,10
2023-08-25,30.0,24.2,36.4,25.8,36.8,24.2,31.1,30.0,32.2,32.7,39.5,35.0,33.6,34.6,60.0,40.0,1.9,10.9,0.0,4.95,0.0,0.0,9
2023-08-26,29.0,25.8,37.0,26.0,37.2,25.2,31.9,30.8,32.6,32.9,40.7,35.6,33.8,33.9,74.0,39.0,2.5,10.4,0.0,4.51,0.0,0.0,10
2023-08-27,30.0,26.0,36.0,26.0,37.0,24.0,32.5,31.6,33.2,33.3,40.5,35.8,34.4,34.3,71.0,43.0,1.9,9.6,0.0,5.04,0.0,0.0,5
2023-08-28,30.5,25.5,33.2,25.6,37.0,23.5,32.7,31.6,33.0,33.3,39.1,35.6,34.6,34.1,66.0,52.0,2.4,9.4,0.0,4.7,0.0,0.0,5
2023-08-29,30.0,25.5,36.0,25.0,35.8,24.4,32.3,31.4,33.2,33.5,38.3,34.6,34.0,33.9,69.0,38.0,4.4,10.4,0.0,4.56,0.0,0.0,10
2023-08-30,30.0,25.0,35.4,25.0,36.0,24.2,32.1,31.2,32.6,32.5,38.1,34.6,34.0,33.9,65.0,40.0,1.9,5.3,0.0,4.34,0.0,0.0,10
2023-08-31,30.0,25.5,26.0,25.0,37.0,24.8,32.1,31.4,33.0,33.5,38.5,35.0,33.8,33.8,69.0,92.0,1.9,8.1,5.3,2.98,0.0,0.0,4
2023-09-01,28.5,25.6,28.0,26.4,34.6,25.0,31.3,30.8,32.6,33.3,32.8,32.0,33.0,33.1,78.0,87.0,1.6,6.1,17.6,4.61,0.0,0.0,5
2023-09-02,30.0,25.8,32.5,25.1,33.5,24.4,30.8,30.0,31.2,32.3,35.3,33.2,32.6,32.8,70.0,53.0,4.6,10.4,0.0,3.07,0.0,0.0,10
2023-09-03,229.0,25.0,31.6,24.0,33.6,24.1,30.9,30.0,31.6,32.1,37.1,33.6,32.6,32.5,71.0,51.0,5.2,4.2,0.4,3.66,0.0,0.0,13
2023-09-04,28.0,24.5,30.2,24.0,33.5,26.4,29.8,29.8,31.4,32.1,34.5,32.0,31.8,31.8,74.0,58.0,5.2,3.7,0.0,3.02,0.0,0.0,13
2023-09-05,29.5,24.2,31.5,24.8,34.0,23.5,29.7,28.4,31.2,30.9,34.3,34.0,31.4,31.5,62.0,55.0,5.8,2.8,0.7,2.44,0.0,0.0,13
2023-09-06,27.2,25.5,30.5,25.2,32.0,24.8,30.1,29.2,30.8,31.3,32.7,31.4,31.6,31.5,87.0,63.0,3.3,0.4,0.0,3.5,0.0,0.0,13
2023-09-07,26.8,25.0,30.5,25.0,32.4,24.2,29.7,29.0,30.4,30.9,33.5,31.8,31.4,31.3,86.0,62.0,3.1,2.4,0.0,3.5,1.0,0.0,13
2023-09-08,29.5,24.8,33.0,24.2,35.7,23.0,30.7,29.6,30.8,31.3,37.1,34.0,32.2,31.7,66.0,46.0,4.6,8.4,0.0,3.92,0.0,0.0,13
2023-09-09,30.4,25.0,35.5,25.3,36.8,23.8,31.3,30.0,31.4,31.5,37.1,34.2,32.6,31.9,63.0,42.0,4.9,10.3,0.0,4.5,0.0,0.0,13
2023-09-10,28.5,25.0,31.5,26.0,35.0,23.6,30.9,30.4,31.6,31.9,35.9,33.6,32.0,32.5,73.0,62.0,5.4,8.8,0.0,4.71,0.0,0.0,1
2023-09-11,29.5,25.2,30.5,24.5,34.0,23.3,30.9,30.2,31.4,31.9,34.7,33.0,32.4,32.3,69.0,59.0,5.9,7.1,0.0,4.19,0.0,0.0,5
2023-09-12,30.0,25.0,34.5,25.5,36.4,22.8,31.1,30.2,31.6,30.9,36.9,34.0,30.6,31.5,65.0,46.0,4.4,9.7,0.0,4.15,0.0,0.0,13
2023-09-13,31.5,25.5,35.0,25.2,36.0,23.4,31.7,30.2,31.8,32.3,37.5,33.8,33.0,32.9,60.0,43.0,5.2,9.9,0.0,4.74,0.0,0.0,5
2023-09-14,30.6,24.8,34.5,24.5,35.6,23.2,31.7,30.6,32.0,32.3,35.3,33.0,32.8,31.5,61.0,59.0,3.9,6.5,0.0,4.79,0.0,0.0,8
2023-09-15,30.4,24.6,34.2,24.4,36.2,23.5,31.0,30.2,31.8,32.3,37.7,34.0,32.8,33.5,60.0,41.0,2.8,9.6,0.0,4.22,0.0,0.0,13
2023-09-16,30.0,24.8,32.0,24.2,33.5,25.4,31.5,30.6,31.8,32.3,37.5,34.0,33.2,33.1,64.0,38.0,2.1,9.3,0.0,4.88,0.0,0.0,15
2023-09-17,28.5,24.5,30.0,25.5,35.0,24.5,31.7,29.0,28.5,39.7,35.3,33.4,32.8,32.7,71.0,69.0,2.6,2.2,0.2,4.42,0.0,0.0,13
2023-09-18,28.6,25.6,28.0,25.0,33.8,24.4,32.5,30.2,31.8,32.1,33.7,32.4,32.6,32.5,92.0,77.0,1.8,3.7,0.0,2.28,0.0,0.0,9
2023-09-19,29.8,25.4,29.5,24.4,35.5,24.5,30.9,30.4,31.6,32.1,34.1,33.0,32.6,32.5,69.0,63.0,4.9,6.4,2.5,3.06,0.0,0.0,13
2023-09-20,28.0,25.5,30.5,25.8,0.6,23.8,31.5,30.0,31.6,31.9,34.3,33.0,32.4,32.0,82.0,67.0,1.9,3.2,31.3,2.92,0.0,0.0,8
2023-09-21,28.3,25.0,28.0,24.8,35.6,24.0,30.9,29.0,30.6,30.9,35.1,31.8,31.8,31.3,75.0,76.0,1.9,7.6,25.3,1.44,0.0,0.0,15
2023-09-22,29.5,26.0,32.6,26.0,34.0,23.4,30.1,29.2,30.4,30.9,34.7,32.4,31.4,31.5,74.0,57.0,1.3,7.4,2.1,2.38,0.0,0.0,13
2023-09-23,29.8,25.6,30.8,25.5,35.0,22.6,30.7,29.2,30.8,31.1,34.5,32.4,31.8,31.5,70.0,64.0,1.2,7.1,0.0,2.42,0.0,0.0,5
2023-09-24,30.0,25.2,34.1,26.0,35.1,23.5,30.1,29.0,30.4,31.1,34.9,32.4,31.8,31.5,66.0,50.0,3.0,9.5,0.0,3.44,0.0,0.0,13
2023-09-25,30.8,25.5,34.5,25.2,35.6,23.6,30.1,29.2,30.4,31.1,34.5,32.0,31.8,31.5,64.0,44.0,4.7,9.1,0.0,4.64,0.0,0.0,13
2023-09-26,30.5,25.0,33.5,25.0,35.1,24.0,30.5,29.4,31.0,31.3,35.3,32.8,32.0,31.9,62.0,47.0,4.2,8.6,0.0,4.36,0.0,0.0,13
2023-09-27,30.2,25.4,34.0,25.4,35.7,24.4,31.1,29.63,31.2,31.5,37.7,34.2,32.4,32.1,67.0,48.0,5.1,8.9,0.0,4.28,0.0,0.0,10
2023-09-28,30.5,25.6,32.0,24.8,34.0,24.8,31.7,30.0,31.4,31.9,36.1,33.6,32.6,32.1,66.0,55.0,5.3,7.3,0.0,4.26,0.0,0.0,13
2023-09-29,28.4,24.2,32.0,24.0,35.6,23.8,30.7,29.8,31.6,32.1,37.1,34.2,32.8,32.5,69.0,49.0,3.8,7.6,0.0,3.79,0.0,0.0,13
2023-09-30,30.0,25.2,25.5,24.5,34.8,23.7,32.1,30.4,31.6,32.1,32.7,32.8,32.6,32.3,66.0,92.0,1.6,5.9,19.4,2.05,0.0,0.0,15
2023-10-01,27.0,25.5,28.0,23.0,33.0,24.6,30.3,29.0,30.8,31.3,31.7,32.2,30.0,29.7,89.0,63.0,2.2,5.4,0.5,2.62,0.0,0.0,13
2023-10-02,29.4,25.4,30.4,26.0,34.0,24.5,31.1,29.6,31.0,31.5,34.5,32.2,32.2,31.7,71.0,69.0,1.6,6.7,0.2,2.76,0.0,0.0,13
2023-10-03,30.0,25.0,30.5,24.5,34.5,24.5,31.7,29.6,30.8,31.3,36.1,35.2,32.0,31.7,65.0,59.0,2.2,7.1,0.0,3.02,0.0,0.0,10
2023-10-04,29.4,25.8,32.0,26.0,34.1,24.2,31.3,29.6,31.0,31.5,36.1,33.2,32.2,31.7,74.0,60.0,1.4,7.5,3.9,3.66,0.0,0.0,13
2023-10-05,29.0,26.5,31.0,25.5,34.0,24.1,31.3,29.4,30.8,31.3,33.7,32.2,31.8,31.5,82.0,63.0,2.3,6.1,0.0,3.42,0.0,0.0,4
2023-10-06,29.5,26.3,24.5,19.0,35.5,20.0,29.7,29.0,30.6,30.9,32.3,29.8,31.8,31.3,77.0,60.0,1.8,6.7,13.1,2.1,0.0,0.0,1
2023-10-07,28.0,26.0,26.0,25.0,33.8,24.0,30.3,29.0,30.4,30.7,33.1,32.0,31.4,31.1,85.0,92.0,1.7,5.5,1.6,2.08,0.0,0.0,15
2023-10-08,29.8,26.0,31.6,27.0,34.6,25.0,30.3,29.0,30.0,30.7,35.5,33.2,31.6,30.9,73.0,69.0,2.0,7.8,3.5,3.32,0.0,0.0,10
2023-10-09,30.0,26.5,31.4,26.6,33.5,23.2,31.3,29.8,31.0,31.3,34.9,32.3,32.0,31.7,75.0,67.0,2.3,6.4,69.9,3.63,0.0,0.0,13
2023-10-10,29.0,26.6,29.5,26.5,34.4,24.0,29.7,28.0,29.6,29.9,35.3,32.6,31.0,31.5,82.0,78.0,2.1,7.2,8.2,2.2,0.0,0.0,13
2023-10-11,29.0,26.0,28.5,25.8,33.6,23.5,30.5,28.88,30.0,30.7,34.1,32.2,31.6,30.9,78.0,79.0,1.6,6.2,4.9,1.98,0.0,0.0,13
2023-10-12,27.5,25.6,31.0,26.5,33.0,24.4,29.7,28.6,30.2,30.7,34.7,32.4,31.4,31.1,85.0,69.0,1.8,6.1,1.3,2.12,0.0,0.0,13
2023-10-13,27.8,25.8,30.1,26.2,31.6,23.4,30.1,29.9,30.4,30.7,33.5,31.2,31.0,31.1,85.0,71.0,2.1,2.4,0.0,1.12,0.0,0.0,10
2023-10-15,28.0,26.0,29.5,24.5,30.8,22.5,29.3,27.8,29.2,29.7,32.1,30.8,30.0,29.9,85.0,65.0,3.4,4.1,0.0,2.12,0.0,0.0,1
2023-10-16,27.8,24.6,33.0,25.8,34.0,24.5,29.5,27.8,29.4,29.7,34.9,32.0,30.6,30.3,76.0,54.0,2.1,10.5,0.0,1.82,0.0,0.0,5
2023-10-17,29.0,26.0,28.0,25.5,33.6,24.8,30.3,29.0,30.2,30.5,34.1,32.0,31.0,30.7,78.0,82.0,2.1,7.8,10.6,2.34,0.0,0.0,13
2023-10-18,28.4,25.0,31.0,26.3,31.4,23.6,29.5,28.6,30.2,30.3,33.7,29.8,30.4,29.5,75.0,68.0,1.7,3.7,2.5,2.54,0.0,0.0,13
2023-10-19,26.5,25.2,29.8,25.6,32.0,24.2,29.7,28.6,30.0,30.3,34.1,31.4,30.8,30.3,89.0,70.0,1.4,2.6,9.6,1.62,0.0,0.0,5
2023-10-20,27.2,25.22,24.6,24.0,32.4,23.0,29.9,28.4,30.0,30.6,31.7,30.6,30.6,30.3,84.0,95.0,1.2,4.4,3.6,0.48,0.0,0.0,13
2023-10-22,26.2,25.5,32.5,26.2,33.0,24.0,27.9,27.6,29.0,29.5,34.1,30.8,30.2,29.9,95.0,58.0,2.0,8.1,28.8,2.26,0.0,0.0,8
2023-10-23,28.0,25.5,32.0,25.5,33.5,23.5,29.3,28.0,29.4,29.5,34.5,31.0,30.2,29.9,92.0,58.0,1.7,5.8,8.1,1.64,0.0,0.0,15
2023-10-24,27.5,26.0,31.5,26.0,33.0,22.5,29.5,28.2,29.4,29.7,34.3,31.2,30.4,30.1,87.0,62.0,1.1,8.2,0.0,2.69,0.0,0.0,15
2023-10-25,29.0,25.0,32.5,26.5,33.4,23.0,29.1,28.0,29.6,29.7,33.7,31.0,30.4,30.1,71.0,61.0,0.8,8.3,0.0,2.49,0.0,0.0,15
2023-10-26,29.5,25.8,30.4,24.8,33.2,23.2,29.5,28.0,29.8,29.9,33.5,31.0,30.4,30.1,73.0,62.0,1.2,9.4,0.0,2.46,0.0,0.0,13
2023-10-27,29.4,25.8,29.0,26.0,33.0,23.0,29.3,28.0,29.6,29.9,33.5,31.2,30.4,30.1,74.0,78.0,1.3,7.6,6.0,2.37,0.0,0.0,9
2023-10-29,29.0,26.0,31.5,26.4,33.5,24.0,28.1,26.8,28.4,28.9,32.5,30.4,32.2,32.5,78.0,65.0,1.7,8.5,22.2,2.14,0.0,0.0,10
2023-10-30,29.0,26.0,27.5,25.0,31.6,24.2,29.3,28.0,29.2,29.3,32.1,30.0,29.6,29.5,78.0,80.0,1.6,7.7,7.2,2.48,0.0,0.0,15
2023-10-31,28.5,25.6,31.0,26.0,32.5,24.5,29.5,28.2,29.2,29.3,33.5,30.6,30.2,29.7,78.0,66.0,1.4,7.4,7.9,1.62,0.0,0.0,8
2023-11-01,25.5,26.2,28.0,26.2,32.0,24.4,29.7,28.4,29.6,29.7,31.7,29.8,30.0,29.7,82.0,86.0,0.8,5.2,9.2,1.28,0.0,0.0,13
2023-11-02,27.2,25.4,29.6,26.6,32.7,24.8,29.5,28.0,29.6,29.5,32.7,30.4,30.0,29.7,86.0,78.0,0.9,5.5,0.2,1.14,0.0,0.0,13
2023-11-03,28.6,26.2,30.0,26.4,33.0,23.5,29.7,28.4,29.6,29.7,31.7,30.0,30.0,29.9,82.0,74.0,1.4,6.8,1.8,2.06,0.0,0.0,0
2023-11-04,28.0,25.5,30.2,26.0,33.5,23.5,29.5,28.0,29.2,29.5,32.1,30.2,30.0,29.9,82.0,70.0,1.2,6.1,6.2,2.32,0.0,0.0,8
2023-11-05,27.5,25.5,30.3,26.2,31.5,23.8,29.1,27.8,29.2,29.5,34.1,31.0,30.4,29.9,85.0,70.0,1.6,8.1,0.0,2.65,0.0,0.0,13
2023-11-06,29.0,26.0,24.4,26.0,31.7,23.8,29.9,28.6,29.8,29.9,31.7,30.6,30.2,29.9,78.0,89.0,1.3,5.2,20.6,0.16,0.0,0.0,13
2023-11-07,27.6,26.0,27.5,26.5,32.0,24.2,29.5,28.2,29.6,29.7,32.5,30.8,30.6,30.1,87.0,92.0,1.4,5.1,33.2,1.93,0.0,0.0,15
2023-11-08,28.5,25.8,27.0,25.4,33.1,24.4,29.5,28.0,29.4,29.5,33.1,31.4,30.4,29.9,79.0,87.0,0.8,5.5,11.7,0.86,0.0,0.0,13
2023-11-09,27.5,26.0,27.8,26.0,32.5,23.6,29.5,28.4,29.6,29.7,32.7,30.0,30.6,30.1,87.0,86.0,1.9,5.5,12.8,1.36,0.0,0.0,13
2023-11-10,29.0,26.0,31.2,27.2,32.8,24.2,29.5,28.2,29.6,29.9,33.7,31.6,30.8,30.3,78.0,72.0,0.7,10.4,0.4,2.18,0.0,0.0,0
2023-11-11,29.5,26.5,32.0,26.0,32.8,25.5,29.9,28.4,29.6,29.9,33.5,30.4,30.6,30.1,78.0,60.0,1.2,6.1,9.3,2.04,0.0,0.0,13
2023-11-12,28.5,26.5,27.8,26.0,31.5,24.0,29.7,28.8,29.8,29.9,31.3,30.0,30.2,30.1,85.0,86.0,1.8,2.4,12.5,0.94,0.0,0.0,8
2023-11-13,26.2,25.2,28.4,25.6,29.6,24.2,28.7,27.8,29.2,29.5,31.3,29.6,29.8,29.7,92.0,79.0,1.6,2.2,0.0,1.12,0.0,0.0,13
2023-11-14,27.0,25.2,26.0,24.8,32.4,24.5,28.7,27.8,29.0,29.5,31.7,30.6,30.0,29.5,86.0,90.0,0.7,3.7,3.4,1.17,0.0,0.0,15
2023-11-15,27.0,25.6,30.2,26.2,32.4,24.4,29.1,28.0,29.4,29.5,32.5,30.8,30.2,29.9,89.0,71.0,1.8,5.6,0.0,2.84,0.0,0.0,13
2023-11-16,27.8,25.6,31.2,26.5,32.0,24.5,29.5,28.6,29.6,29.7,32.9,30.8,30.2,29.7,83.0,68.0,1.1,4.2,51.5,1.76,0.0,0.0,13
2023-11-17,29.0,26.0,30.0,26.5,33.4,24.8,29.5,28.0,29.4,29.3,33.7,31.4,30.6,30.9,78.0,75.0,1.6,7.5,0.0,2.22,0.0,0.0,15
2023-11-19,25.6,24.8,26.4,25.5,31.0,24.5,28.7,27.8,29.0,29.5,30.5,29.2,29.8,29.5,93.0,93.0,1.8,3.1,1.8,0.72,0.0,0.0,8
2023-11-21,27.0,25.0,29.0,26.5,32.0,25.0,28.7,27.6,29.0,29.3,32.3,30.0,29.8,29.5,84.0,82.0,1.0,2.8,0.8,0.93,0.0,0.0,15
2023-11-22,24.2,26.4,26.2,25.0,32.7,24.5,29.7,28.4,29.6,29.5,31.5,29.8,30.0,29.7,79.0,90.0,1.1,4.2,17.8,1.25,0.0,0.0,0
2023-11-23,28.0,25.5,32.0,25.5,33.0,24.0,29.5,27.8,29.2,29.3,33.3,30.0,30.0,29.7,82.0,58.0,0.6,4.9,0.0,1.76,0.0,0.0,9
2023-11-24,24.5,26.3,32.2,25.8,33.1,24.0,28.9,27.8,29.0,29.3,33.3,30.6,29.8,29.7,78.0,58.0,0.7,8.8,0.0,1.36,0.0,0.0,0
2023-11-25,29.0,26.5,31.2,25.6,32.6,24.2,29.7,27.8,29.2,29.3,33.7,31.2,30.2,29.7,82.0,62.0,1.2,9.2,0.4,1.4,0.0,0.0,0
2023-11-26,27.7,26.0,29.2,25.5,32.0,25.0,29.5,27.8,29.4,28.5,32.5,30.6,30.0,29.9,86.0,75.0,1.2,10.5,11.8,0.92,0.0,0.0,0
2023-11-27,26.0,225.0,28.2,26.2,30.0,24.0,28.7,27.8,29.0,29.3,31.3,29.6,30.2,29.5,92.0,85.0,1.1,2.3,39.4,0.16,0.0,0.0,0
2023-11-28,26.8,25.5,29.0,25.2,31.0,24.5,27.9,27.0,28.2,28.7,32.7,30.6,29.8,29.1,90.0,72.0,0.9,5.9,2.0,0.38,0.0,0.0,10
2023-11-29,26.0,25.0,28.5,26.0,28.8,24.0,28.5,27.4,28.6,28.9,31.1,29.0,29.2,29.1,92.0,80.0,1.4,0.0,18.0,0.02,0.0,0.0,4
2023-11-30,26.0,25.0,28.5,26.5,30.0,24.4,27.9,26.8,28.0,27.8,31.7,29.6,29.4,28.9,92.0,85.0,2.1,2.8,33.2,0.74,0.0,0.0,15
2023-12-01,26.5,25.0,26.5,25.0,29.5,24.4,28.5,27.0,28.4,27.7,31.7,29.8,29.6,28.9,95.0,87.0,3.6,0.6,2.4,1.82,0.0,0.0,8
2023-12-02,25.0,24.5,28.6,26.2,30.5,24.8,27.7,27.0,28.4,28.7,31.1,29.4,29.0,28.7,96.0,82.0,4.2,1.1,11.8,0.94,0.0,0.0,13
2023-12-03,28.5,25.4,27.6,25.2,32.2,25.0,28.5,27.0,28.2,28.5,31.7,30.0,29.6,29.1,76.0,81.0,2.9,5.6,0.0,1.42,0.0,0.0,15
2023-12-04,29.0,26.4,31.0,26.7,33.0,24.5,29.3,27.6,28.4,28.9,34.1,31.4,30.0,29.5,81.0,71.0,0.7,5.5,0.0,1.16,0.0,0.0,10
2023-12-05,29.0,26.2,26.0,25.0,33.5,24.0,29.5,28.0,29.0,29.3,31.7,30.6,30.0,29.5,79.0,92.0,0.8,5.7,13.8,1.64,0.0,0.0,0
2023-12-06,29.0,26.5,31.5,27.0,33.6,25.2,28.7,27.4,28.6,28.9,34.5,32.0,30.6,29.7,82.0,69.0,1.1,8.4,4.1,2.78,0.0,0.0,1
2023-12-07,28.2,26.0,30.0,27.4,33.0,24.6,29.7,28.2,29.6,29.5,34.1,31.8,30.8,29.9,83.0,81.0,1.5,5.9,2.9,1.74,0.0,0.0,13
2023-12-08,28.0,25.8,27.6,26.0,33.0,24.1,29.7,28.4,29.8,29.7,32.7,31.4,30.6,30.1,83.0,87.0,1.2,5.8,0.0,2.14,0.0,0.0,0
2023-12-09,26.5,25.0,28.0,27.0,31.2,23.4,29.3,28.0,29.6,29.5,32.1,30.0,29.8,29.7,87.0,92.0,0.8,1.2,9.9,1.6,0.0,0.0,8
2023-12-10,26.8,25.6,25.7,25.0,29.6,24.5,28.9,27.8,29.0,29.3,30.3,24.0,29.8,29.6,90.0,93.0,0.9,0.6,23.5,1.48,0.0,0.0,0
2023-12-11,25.5,25.0,28.0,25.6,30.8,23.8,28.5,27.2,28.6,28.7,31.3,29.6,29.8,29.1,95.0,82.0,2.3,4.8,15.2,1.08,0.0,0.0,0
2023-12-12,25.0,24.0,26.6,25.2,29.2,23.4,27.7,28.6,28.4,28.5,29.7,28.0,28.6,28.5,92.0,89.0,0.8,0.0,4.3,0.86,0.0,0.0,13
2023-12-13,26.6,25.0,28.5,24.6,31.0,24.0,27.7,26.6,27.8,28.5,30.7,28.8,28.8,28.7,87.0,71.0,2.4,4.2,8.8,1.76,0.0,0.0,15
2023-12-14,26.0,25.0,26.6,25.4,28.5,24.0,28.3,27.0,28.2,28.5,29.7,28.4,28.8,28.7,92.0,90.0,1.0,0.4,54.4,1.01,0.0,0.0,8
2023-12-16,25.2,24.5,27.7,26.0,28.3,23.2,26.9,26.2,27.6,27.5,29.3,27.0,27.6,27.8,95.0,86.0,0.5,0.0,11.0,0.28,0.0,0.0,0
2023-12-17,26.5,25.5,27.3,26.0,30.8,24.0,27.5,26.4,27.2,26.5,30.9,29.0,28.2,27.9,92.0,89.0,0.5,2.9,1.6,1.42,0.0,0.0,0
2023-12-18,27.8,26.0,27.0,25.4,31.0,24.4,27.9,26.8,27.8,28.3,31.5,29.6,29.0,28.5,86.0,87.0,3.4,3.6,0.5,1.82,0.0,0.0,5
2023-12-19,26.0,25.4,28.8,26.4,31.0,23.5,28.1,27.0,28.0,28.5,31.5,29.8,29.0,28.5,95.0,82.0,1.7,3.8,26.2,1.76,0.0,0.0,13
2023-12-20,25.5,25.0,30.2,26.0,31.4,24.6,27.7,26.8,28.2,28.3,31.7,29.0,28.8,27.7,95.0,70.0,0.9,3.9,0.4,1.74,0.0,0.0,1
2023-12-21,29.0,26.8,29.6,25.5,32.5,24.5,28.7,27.2,28.4,28.5,32.9,30.0,29.6,28.9,83.0,71.0,1.1,8.6,0.1,1.56,0.0,0.0,10
2023-12-22,27.0,25.5,31.0,26.0,31.4,24.6,28.5,27.6,28.0,28.7,32.3,30.0,29.6,29.1,89.0,66.0,0.8,5.4,0.0,1.3,0.0,0.0,15
2023-12-23,28.5,25.5,29.5,26.0,32.0,24.5,27.7,26.8,28.4,28.7,32.3,29.6,29.4,28.7,78.0,74.0,1.0,9.5,0.0,1.68,0.0,0.0,13
2023-12-24,26.4,25.4,30.0,26.0,32.2,24.0,28.5,27.8,28.6,28.7,32.5,30.2,29.6,29.1,92.0,71.0,1.8,7.6,0.0,1.85,0.0,0.0,4
2023-12-25,28.0,26.0,29.0,26.0,32.5,23.0,28.7,27.4,28.8,29.9,32.7,30.0,29.6,29.1,85.0,78.0,1.6,9.1,0.0,1.57,0.0,0.0,0
2023-12-26,28.2,25.6,29.5,25.8,30.7,24.0,28.1,27.2,28.6,28.7,31.5,29.2,29.2,28.9,80.0,73.0,3.5,9.2,42.2,1.36,0.0,0.0,0
2023-12-29,29.5,24.2,27.6,26.5,28.7,24.0,26.5,25.8,27.6,27.3,29.3,27.2,27.6,27.3,62.0,92.0,1.9,0.0,12.8,0.74,0.0,0.0,13
2023-12-30,26.0,25.0,28.5,27.0,29.7,23.4,27.3,26.2,27.2,27.3,31.1,28.4,28.2,27.7,92.0,88.0,2.7,4.4,1.2,0.36,0.0,0.0,5
2023-12-31,28.0,26.0,28.3,25.0,30.6,24.1,27.5,26.4,27.4,27.7,31.9,28.0,28.4,27.9,85.0,75.0,3.3,8.7,14.1,1.24,0.0,0.0,5
2024-01-01,25.8,25.0,25.5,25.0,27.8,24.2,27.9,26.8,27.8,28.3,29.5,27.8,28.2,27.3,93.0,95.0,1.8,0.0,13.1,1.35,0.0,0.0,5
2024-01-02,25.0,24.6,27.6,25.4,28.2,22.5,27.3,26.4,27.6,27.7,29.9,28.0,27.8,27.7,96.0,83.0,1.1,0.0,8.8,1.28,0.0,0.0,5
2024-01-03,26.5,25.1,30.0,26.0,30.8,23.0,26.9,26.0,27.2,27.7,31.9,29.0,28.0,27.9,89.0,71.0,1.6,8.4,0.0,1.22,0.0,0.0,1
2024-01-04,27.5,25.5,29.8,25.8,31.0,23.0,27.5,26.4,27.6,27.9,31.7,28.8,28.0,28.5,85.0,71.0,1.1,6.7,0.0,1.96,0.0,0.0,5
2024-01-05,27.5,25.6,30.0,25.5,32.0,24.2,27.7,26.5,27.6,28.1,30.7,29.6,29.0,28.5,85.0,69.0,0.9,10.3,0.0,1.52,0.0,0.0,1
2024-01-06,27.0,25.4,29.5,26.0,32.5,24.0,28.5,27.2,28.2,28.5,32.1,30.0,29.4,28.7,87.0,74.0,0.8,5.5,0.0,1.11,0.0,0.0,13
2024-01-07,25.5,24.5,28.5,27.0,30.6,24.0,27.7,27.0,28.6,28.5,30.9,29.0,29.0,28.7,92.0,88.0,1.0,1.7,44.3,0.28,0.0,0.0,0
2024-01-10,24.0,23.8,25.5,25.0,26.4,23.0,26.5,25.8,27.2,27.3,27.3,26.2,26.0,26.9,98.0,95.0,1.2,0.0,56.2,0.78,0.0,0.0,5
2024-01-11,25.7,23.4,28.0,25.0,29.6,23.2,26.5,25.4,26.0,25.9,30.5,28.0,27.8,27.3,81.0,77.0,2.3,5.1,0.3,1.28,0.0,0.0,5
2024-01-12,25.8,24.6,30.0,24.5,31.0,23.2,26.5,26.0,27.0,27.3,32.3,29.0,28.4,27.7,90.0,63.0,2.1,8.9,0.0,1.56,0.0,0.0,0
2024-01-13,26.6,24.6,30.0,25.0,31.0,22.0,27.5,26.4,27.6,27.5,32.3,33.8,28.4,27.9,84.0,65.0,1.1,9.9,0.0,2.33,0.0,0.0,13
2024-01-14,25.0,24.0,30.8,24.0,31.0,19.0,26.7,26.0,27.2,27.5,32.0,29.0,28.4,27.9,92.0,55.0,2.9,8.4,0.0,2.03,0.0,0.0,13
2024-01-15,24.5,22.5,29.0,23.0,30.0,20.6,25.9,25.4,26.8,27.3,31.3,28.4,28.0,27.7,83.0,58.0,1.5,9.9,0.0,2.11,0.0,0.0,13
2024-01-16,25.0,23.0,29.4,24.2,30.2,21.5,26.1,25.4,26.6,27.3,31.5,28.6,27.8,27.5,84.0,65.0,1.5,9.4,0.0,2.04,0.0,0.0,5
2024-01-17,26.0,24.0,29.8,25.4,31.0,24.0,26.5,25.8,27.2,27.5,30.9,28.6,28.2,28.9,84.0,69.0,1.4,8.2,0.0,2.64,0.0,0.0,5
2024-01-19,24.5,24.0,27.5,25.0,29.0,24.0,26.1,24.4,27.8,28.1,30.7,28.2,28.4,28.1,95.0,85.0,1.4,0.0,34.4,0.16,0.0,0.0,13
2024-01-20,25.8,24.2,29.6,26.0,32.5,24.0,27.7,26.8,27.6,28.1,31.1,29.0,28.6,28.3,87.0,78.0,1.2,3.4,1.2,1.28,0.0,0.0,0
2024-01-21,28.0,26.0,30.0,25.0,32.0,23.4,28.1,26.0,28.2,27.1,32.7,30.0,29.2,28.7,85.0,65.0,1.7,9.4,0.0,1.88,0.0,0.0,1
2024-01-22,27.8,25.4,30.5,25.0,31.6,22.0,28.1,27.0,27.8,28.5,32.9,30.0,29.6,28.9,82.0,62.0,1.9,10.2,0.0,2.28,0.0,0.0,0
2024-01-23,25.5,24.8,29.0,24.4,31.0,21.2,27.1,26.4,28.0,28.3,32.5,29.6,29.2,28.7,93.0,67.0,1.9,10.1,0.0,2.34,0.0,0.0,0
2024-01-24,26.4,23.6,31.0,23.2,31.5,20.5,26.7,26.0,27.8,28.3,33.3,29.8,29.0,28.7,78.0,49.0,1.2,10.3,0.0,3.34,0.0,0.0,0
2024-01-25,26.0,24.0,30.5,25.0,31.8,20.4,25.7,25.8,27.4,28.1,33.7,30.0,29.2,28.7,84.0,62.0,1.2,9.9,0.0,3.06,0.0,0.0,13
2024-01-26,25.0,23.0,30.0,25.5,31.2,21.0,26.5,26.0,27.8,28.3,33.5,30.0,29.4,29.1,84.0,69.0,2.4,10.1,0.0,3.28,0.0,0.0,13
2024-01-27,26.5,24.2,30.0,25.5,32.0,23.8,27.3,26.4,28.0,28.7,33.5,30.0,29.4,29.1,81.0,69.0,2.6,9.7,0.0,3.62,0.0,0.0,8
2024-01-28,27.0,24.8,30.0,25.4,30.0,24.5,28.5,27.4,28.6,28.9,32.1,28.4,29.2,29.3,83.0,68.0,2.5,2.6,0.0,3.28,0.0,0.0,10
2024-01-29,26.0,25.0,28.6,25.0,29.5,24.2,28.3,27.6,28.8,28.9,30.3,28.8,29.0,28.9,92.0,73.0,2.3,1.3,1.8,1.71,0.0,0.0,10
2024-01-30,26.0,25.0,27.5,25.0,29.0,24.0,28.1,27.2,28.4,28.5,31.5,29.0,29.0,28.7,92.0,80.0,1.2,0.0,0.5,1.62,0.0,0.0,10
2024-01-31,25.8,25.0,28.4,26.5,32.6,24.2,27.7,27.0,28.4,28.5,34.1,31.0,30.0,29.5,93.0,86.0,2.1,4.8,0.2,2.21,0.0,0.0,13
2024-02-01,26.4,25.0,28.0,26.0,31.8,23.2,28.7,27.8,29.0,29.1,32.1,29.8,29.2,29.3,89.0,85.0,1.0,5.1,6.6,1.78,0.0,0.0,5
2024-02-02,27.8,25.8,31.0,25.4,32.8,22.5,29.9,27.0,28.4,28.9,34.5,3102.0,30.0,29.5,85.0,62.0,1.5,10.2,0.0,2.64,0.0,0.0,0
2024-02-03,27.0,25.4,32.0,25.0,32.8,23.4,28.1,27.2,28.8,29.1,35.5,31.4,30.0,29.7,87.0,55.0,1.7,10.5,0.0,3.6,0.0,0.0,13
2024-02-04,26.6,25.0,30.4,25.4,31.6,23.2,28.7,27.6,29.2,29.3,33.7,30.6,29.8,29.7,87.0,65.0,2.8,7.6,0.4,2.74,0.0,0.0,0
2024-02-05,28.4,26.0,29.8,25.5,32.0,22.5,29.1,28.0,29.2,28.7,33.7,31.2,30.2,29.7,82.0,70.0,2.9,9.4,2.8,1.72,0.0,0.0,5
2024-02-06,27.6,25.0,29.6,24.0,31.4,21.4,28.3,27.4,28.8,29.3,34.7,31.2,30.0,29.5,80.0,61.0,2.5,10.1,0.0,2.62,0.0,0.0,5
2024-02-07,25.5,24.0,29.5,24.0,32.0,20.4,27.5,26.8,28.6,29.1,33.7,30.6,30.0,29.7,87.0,81.0,2.0,9.6,0.0,3.32,0.0,0.0,13
2024-02-08,26.2,24.1,29.5,24.5,31.8,21.5,27.3,26.4,28.2,28.7,40.1,30.6,29.8,29.5,84.0,65.0,1.8,10.3,0.0,3.64,0.0,0.0,1
2024-02-09,26.0,24.1,30.5,24.6,30.6,22.5,27.7,27.0,28.8,29.3,34.9,31.2,30.0,29.7,85.0,59.0,2.3,10.4,0.0,3.56,0.0,0.0,13
2024-02-10,26.5,25.0,30.5,25.0,31.6,21.8,28.7,27.8,29.4,29.7,34.3,31.0,30.2,30.1,87.0,62.0,2.8,10.4,0.0,3.47,0.0,0.0,0
2024-02-11,26.0,24.5,30.0,24.0,31.5,22.5,28.3,26.6,29.2,29.6,33.9,30.6,30.2,30.4,88.0,59.0,2.9,9.3,0.0,4.61,0.0,0.0,0
2024-02-12,27.0,24.6,29.2,25.2,32.4,24.0,28.3,27.6,29.4,29.5,34.3,31.2,30.2,29.9,81.0,71.0,3.1,9.8,0.2,3.22,0.0,0.0,13
2024-02-13,27.5,25.0,31.0,25.6,32.0,23.2,29.3,28.0,29.6,29.7,33.7,31.0,30.2,30.1,80.0,63.0,3.3,7.5,28.2,2.38,0.0,0.0,13
2024-02-14,25.5,24.6,29.5,25.0,31.4,22.6,28.6,27.4,29.6,29.7,32.5,30.4,30.0,29.7,92.0,87.0,3.3,6.8,3.2,2.08,0.0,0.0,0
2024-02-15,26.6,25.6,29.4,25.6,30.6,23.5,29.3,28.8,29.4,29.3,31.9,30.0,29.8,29.5,92.0,73.0,3.2,7.7,0.6,2.58,0.0,0.0,5
2024-02-16,26.6,25.2,29.0,26.2,30.0,24.0,28.7,27.8,28.8,29.1,30.5,29.0,29.6,29.1,89.0,79.0,2.0,0.3,0.7,3.66,0.0,0.0,8
2024-02-17,27.4,26.0,30.5,25.5,31.8,23.5,28.5,27.0,28.4,28.7,33.7,30.6,29.6,29.3,89.0,66.0,2.7,8.7,0.0,3.86,0.0,0.0,4
2024-02-18,26.2,24.6,31.5,24.5,32.2,22.4,28.3,27.0,28.4,28.9,35.7,32.0,30.4,29.7,87.0,54.0,1.8,10.3,0.0,4.54,0.0,0.0,13
2024-02-19,26.0,25.0,31.0,26.0,32.8,22.5,28.3,27.6,29.0,29.3,36.3,32.0,30.6,29.9,92.0,66.0,2.3,10.1,0.0,3.78,0.0,0.0,13
2024-02-20,27.2,25.6,31.5,25.0,32.8,22.5,29.3,28.0,29.8,29.7,36.7,32.4,31.0,30.3,87.0,56.0,1.4,10.3,0.0,3.28,0.0,0.0,10
2024-02-21,26.5,25.0,33.0,26.0,33.1,22.6,28.7,28.0,26.6,29.9,37.5,32.8,31.2,30.3,87.0,55.0,1.4,10.5,0.0,4.04,0.0,0.0,15
2024-02-22,25.5,24.6,32.5,26.0,33.2,23.4,29.3,28.2,29.8,30.1,37.9,33.6,31.8,30.9,92.0,50.0,1.2,9.9,0.0,4.76,0.0,0.0,13
2024-02-23,27.0,25.2,31.8,25.0,33.6,22.2,32.1,29.2,30.4,30.9,37.5,33.6,32.0,31.5,86.0,55.0,1.8,10.2,0.0,3.24,0.0,0.0,10
2024-02-24,27.0,25.2,31.8,25.0,33.0,22.2,30.3,29.2,30.4,30.9,37.5,33.6,32.0,31.5,86.0,55.0,1.9,10.4,0.0,3.44,0.0,0.0,10
2024-02-25,26.8,25.0,33.0,26.6,33.5,24.5,29.7,28.8,30.2,30.7,37.5,33.6,32.0,31.9,86.0,55.0,2.6,9.9,2.0,3.64,0.0,0.0,13
2024-02-26,28.4,26.2,30.5,26.5,31.8,24.1,303.0,29.8,30.4,30.7,35.1,32.2,31.4,30.9,83.0,72.0,4.1,9.7,0.4,2.16,0.0,0.0,1
2024-02-27,27.5,25.5,29.6,25.4,31.0,24.5,30.3,28.6,30.0,30.3,34.5,31.8,31.0,30.7,85.0,70.0,4.4,9.6,0.0,2.54,0.0,0.0,5
2024-02-28,28.0,25.0,30.5,25.0,31.6,23.0,29.7,29.0,30.0,30.3,35.5,32.2,31.2,30.7,77.0,62.0,4.0,10.1,0.0,3.44,0.0,0.0,4
2024-02-29,26.8,25.0,30.4,24.4,32.4,23.8,29.7,28.4,30.0,30.1,34.7,32.0,31.2,30.7,86.0,59.0,2.8,9.4,0.0,2.16,0.0,0.0,15
2024-03-01,27.2,26.0,31.0,25.0,32.6,23.2,29.7,28.8,30.0,30.3,35.9,32.4,31.4,30.4,90.0,60.0,3.3,9.5,0.0,2.68,0.0,0.0,5
2024-03-02,25.5,24.5,31.5,25.4,33.0,21.8,29.7,28.8,30.2,30.5,35.7,32.4,31.6,30.9,92.0,59.0,1.6,7.2,0.0,1.78,0.0,0.0,10
2024-03-03,25.5,25.0,31.0,26.0,32.5,21.0,28.9,28.0,29.8,30.0,35.3,32.0,31.0,30.7,95.0,66.0,2.1,9.5,0.0,2.36,0.0,0.0,5
2024-03-04,26.0,24.5,32.0,25.0,33.4,22.2,28.9,28.0,29.8,29.9,37.1,33.4,31.4,31.1,88.0,52.0,1.7,10.2,0.0,3.24,0.0,0.0,5
2024-03-05,26.0,24.0,32.0,25.8,32.8,23.0,29.5,28.6,30.0,30.5,36.3,33.4,31.4,31.3,84.0,59.0,2.3,10.5,0.0,3.3,0.0,0.0,5
2024-03-06,27.0,25.4,31.5,26.0,33.0,23.0,30.3,29.0,30.4,30.7,35.7,32.4,31.6,31.3,87.0,62.0,1.9,6.2,0.0,3.06,0.0,0.0,5
2024-03-07,26.0,25.0,31.0,25.0,32.5,22.0,29.7,28.8,30.4,30.5,34.9,32.4,31.4,30.9,92.0,60.0,1.1,3.2,0.0,3.16,0.0,0.0,15
2024-03-08,27.0,25.0,35.0,26.0,35.2,21.0,30.1,28.6,30.0,30.5,36.1,34.4,32.0,31.5,84.0,47.0,1.9,10.5,0.0,3.84,0.0,0.0,1
2024-03-09,25.5,25.0,35.0,24.0,35.2,21.8,30.1,28.8,30.4,31.1,37.5,34.6,32.2,31.7,95.0,37.0,1.8,9.5,0.0,4.02,0.0,0.0,10
2024-03-10,27.0,24.5,34.0,24.0,34.8,22.4,34.1,29.0,30.8,31.3,38.5,34.8,32.6,31.9,81.0,41.0,2.2,9.7,0.0,4.74,0.0,0.0,1
2024-03-11,26.6,24.6,33.0,24.5,33.8,23.0,30.5,29.6,31.2,31.5,38.1,34.6,32.6,32.3,84.0,48.0,2.6,10.1,0.0,4.88,0.0,0.0,10
2024-03-12,27.5,25.0,33.8,25.2,34.5,22.8,30.9,29.8,31.4,31.7,38.7,35.6,33.0,32.5,80.0,47.0,2.3,10.5,0.0,3.62,0.0,0.0,1
2024-03-13,27.5,25.0,34.5,24.0,34.0,22.0,30.9,29.4,31.6,31.7,37.7,34.6,32.2,31.7,80.0,38.0,1.9,9.9,0.0,2.68,0.0,0.0,10
2024-03-14,27.5,25.0,34.5,24.0,35.0,23.0,30.9,30.0,34.4,31.9,29.3,35.8,33.0,32.7,80.0,38.0,2.2,9.8,0.0,3.12,0.0,0.0,4
2024-03-15,29.0,26.0,33.5,27.5,35.8,24.0,31.7,30.4,31.8,31.5,39.3,36.0,33.6,33.3,78.0,61.0,2.8,0.4,0.0,4.17,0.0,0.0,1
2024-03-16,28.6,25.8,33.5,27.0,35.5,21.6,32.1,30.6,32.2,31.5,39.9,36.4,33.8,33.5,79.0,58.0,2.7,10.5,0.0,4.64,0.0,0.0,10
2024-03-17,28.4,24.0,33.5,24.5,34.5,21.2,31.5,30.2,32.0,31.5,40.3,36.8,33.6,33.5,68.0,45.0,2.7,10.7,0.0,4.08,0.0,0.0,10
2024-03-18,27.8,24.3,33.5,26.0,34.0,22.0,31.1,30.0,32.0,31.5,39.3,35.8,33.8,33.5,74.0,55.0,2.5,10.5,0.0,3.76,0.0,0.0,10
2024-03-19,27.5,25.2,33.0,25.0,34.0,21.5,31.7,30.4,32.0,31.5,39.5,36.2,33.4,33.3,81.0,50.0,2.5,9.5,0.0,3.54,0.0,0.0,5
2024-03-20,27.0,24.5,34.2,26.2,35.0,24.5,31.3,30.0,32.0,31.5,39.9,36.4,33.8,33.5,81.0,51.0,2.5,10.5,0.9,3.7,0.0,0.0,5
2024-03-22,25.5,25.0,30.0,26.6,32.4,23.5,28.3,27.6,29.6,31.5,32.5,30.6,30.0,29.9,95.0,75.0,1.7,2.1,9.2,0.68,0.0,0.0,9
2024-03-23,28.4,26.0,31.5,27.2,33.5,25.5,29.7,28.2,29.8,31.5,35.5,33.0,31.0,30.9,82.0,70.0,2.7,9.8,0.0,2.16,0.0,0.0,1
2024-03-24,28.0,27.0,30.0,27.0,33.0,24.6,30.7,29.2,30.2,31.5,33.7,32.2,31.2,30.9,92.0,78.0,2.1,5.3,0.0,2.76,0.0,0.0,1
2024-03-25,28.2,26.6,32.5,26.5,33.8,25.0,30.3,29.0,30.4,31.5,35.5,35.6,31.4,30.9,87.0,61.0,2.5,10.1,0.0,3.56,0.0,0.0,1
2024-03-26,28.0,26.0,31.5,27.2,34.0,25.6,30.5,29.2,31.0,31.5,36.7,34.0,32.0,31.7,85.0,72.0,2.8,9.7,0.0,4.88,0.0,0.0,1
2024-03-27,28.0,26.5,33.5,27.0,34.0,24.5,31.3,30.0,31.4,31.5,36.7,34.0,32.4,31.9,89.0,58.0,2.3,8.7,0.0,3.66,0.0,0.0,1
2024-03-28,29.0,26.5,33.4,27.4,34.5,24.0,31.1,30.0,31.4,31.5,37.5,34.4,32.4,32.3,82.0,61.0,2.3,10.6,0.0,3.36,0.0,0.0,5
2024-03-29,29.0,26.2,34.0,27.4,34.5,22.5,31.5,30.0,30.0,31.5,37.5,34.6,32.6,32.5,79.0,58.0,1.9,10.4,0.0,3.76,0.0,0.0,10
2024-03-30,28.0,25.6,33.0,27.0,34.5,24.0,30.9,29.4,31.0,31.5,36.6,33.4,32.4,31.7,82.0,61.0,2.2,10.3,0.0,3.48,0.0,0.0,1
2024-03-31,29.6,26.0,31.5,26.5,35.1,24.5,31.3,29.8,31.6,31.5,36.9,34.0,32.6,32.3,74.0,66.0,2.2,10.5,0.0,3.93,0.0,0.0,10
2024-04-01,29.2,26.5,34.6,26.6,35.2,25.0,31.3,30.2,31.2,32.1,37.5,34.4,33.0,32.5,81.0,54.0,2.1,10.1,0.0,4.58,0.0,0.0,13
2024-04-02,29.2,25.0,34.0,27.2,35.3,25.0,31.7,30.2,31.8,32.3,37.5,34.6,33.0,32.7,70.0,57.0,2.5,10.4,0.0,4.16,0.0,0.0,13
2024-04-03,29.6,26.8,33.0,27.0,35.4,25.0,31.9,30.2,31.0,31.3,36.9,34.6,33.2,32.7,79.0,61.0,1.9,8.8,0.0,3.46,0.0,0.0,1
2024-04-04,29.0,27.2,33.5,27.4,35.0,24.4,32.1,30.6,32.2,32.5,37.3,34.2,33.4,33.1,86.0,60.0,2.2,10.2,0.0,4.18,0.0,0.0,5
2024-04-05,30.4,27.0,34.0,27.6,36.0,24.5,32.1,30.4,32.0,32.5,37.7,34.6,33.6,33.1,76.0,59.0,2.1,9.9,0.0,3.52,0.0,0.0,1
2024-04-06,29.0,27.1,35.2,27.0,35.6,25.0,31.7,30.4,32.0,32.7,38.5,35.0,33.6,33.3,86.0,51.0,2.1,10.1,0.0,4.24,0.0,0.0,10
2024-04-07,30.5,27.4,35.6,26.7,36.6,26.0,32.5,31.0,32.2,32.7,38.7,35.4,33.6,33.5,77.0,48.0,2.0,9.9,0.0,4.06,0.0,0.0,10
2024-04-08,29.6,27.4,34.5,26.8,35.0,24.6,32.7,31.6,32.8,33.1,37.5,34.4,33.6,33.5,84.0,52.0,1.6,6.6,0.0,3.86,0.0,0.0,13
2024-04-09,28.5,26.5,33.6,26.0,34.0,24.0,31.7,30.6,32.2,32.7,36.5,34.4,33.0,33.3,85.0,55.0,2.4,9.7,0.0,3.47,0.0,0.0,10
2024-04-10,29.0,26.0,31.5,26.2,34.5,25.5,31.5,30.4,32.0,32.5,36.9,34.0,33.2,33.3,78.0,64.0,2.6,10.2,0.0,4.05,0.0,0.0,9
2024-04-11,29.5,27.0,29.0,26.5,33.8,24.5,31.9,30.8,32.2,32.7,30.3,30.2,31.8,32.1,81.0,82.0,1.5,3.8,58.0,1.98,0.0,0.0,13
2024-04-12,28.5,26.5,30.5,27.0,31.8,24.0,30.1,29.0,30.6,30.9,32.9,31.0,30.8,31.1,83.0,74.0,1.6,2.4,24.5,2.92,0.0,0.0,9
2024-04-13,30.0,27.0,31.5,27.0,33.5,25.2,30.3,28.0,30.4,30.5,34.3,32.6,30.6,30.5,78.0,69.0,1.8,5.5,0.0,3.02,0.0,0.0,13
2024-04-14,29.0,27.0,32.5,27.2,34.0,26.2,30.9,29.6,31.0,31.1,35.5,33.0,31.6,31.5,85.0,64.0,2.3,9.8,0.0,3.36,0.0,0.0,10
2024-04-15,28.5,27.0,30.5,27.5,33.4,24.6,31.1,30.0,31.2,31.5,32.3,31.6,31.4,31.5,88.0,79.0,2.3,3.8,0.0,2.04,0.0,0.0,9
2024-04-16,29.5,26.6,34.0,27.5,34.4,24.6,30.5,29.6,31.0,31.3,37.7,33.2,32.0,31.7,78.0,59.0,2.3,10.3,0.0,2.88,0.0,0.0,13
2024-04-17,29.5,27.2,35.0,27.5,36.4,25.6,31.1,29.2,31.0,31.3,35.7,33.0,32.4,31.9,82.0,55.0,1.8,10.6,0.0,3.54,0.0,0.0,13
2024-04-18,30.0,26.0,35.2,27.8,36.0,25.5,31.1,30.0,31.4,31.7,35.7,33.0,32.4,31.5,71.0,55.0,1.8,11.2,0.0,3.38,0.0,0.0,13
2024-04-19,29.5,27.5,35.5,27.5,36.7,25.8,31.3,36.0,31.2,31.7,36.5,33.4,32.4,32.5,85.0,52.0,1.7,10.5,0.0,3.66,0.0,0.0,13
2024-04-20,30.0,27.0,35.5,27.5,36.8,26.0,31.7,30.4,31.8,32.1,36.7,33.6,33.8,32.5,78.0,52.0,1.8,11.5,0.0,4.34,0.0,0.0,15
2024-04-21,30.5,27.5,37.0,26.5,37.5,25.5,32.1,29.8,32.0,32.1,38.1,34.6,33.4,33.1,79.0,42.0,1.8,10.6,0.0,4.16,0.0,0.0,15
2024-04-22,30.0,27.2,37.0,26.4,37.5,25.5,32.1,31.0,32.4,32.7,38.3,35.4,34.4,33.9,80.0,41.0,1.8,11.3,0.0,4.54,0.0,0.0,13
2024-04-23,29.5,27.2,34.5,27.4,36.2,25.5,32.5,31.4,33.0,32.3,38.1,35.6,34.2,33.7,82.0,55.0,1.4,7.9,0.0,3.88,0.0,0.0,13
2024-04-24,30.0,27.4,35.6,27.5,36.8,25.6,32.7,31.6,33.0,33.3,39.7,36.0,34.0,34.1,84.0,52.0,1.7,9.9,0.0,4.42,0.0,0.0,13
2024-04-25,29.5,26.8,35.0,27.8,35.8,24.6,33.1,32.0,33.4,33.5,38.3,35.2,34.2,34.1,79.0,56.0,1.5,7.3,0.0,4.78,0.0,0.0,13
2024-04-26,29.5,26.7,34.2,27.2,35.8,24.5,32.7,31.8,33.2,33.5,38.7,35.6,34.6,34.1,79.0,56.0,1.8,9.3,0.0,4.58,0.0,0.0,13
2024-04-27,30.2,26.8,36.0,27.8,36.8,26.4,32.9,31.8,33.4,33.8,40.5,36.6,34.6,34.3,76.0,51.0,2.2,9.2,0.0,4.82,0.0,0.0,15
2024-04-28,30.5,27.0,36.0,28.2,37.0,27.8,33.7,32.4,33.8,31.1,40.7,37.0,35.0,35.2,74.0,53.0,2.2,11.8,0.0,5.18,0.0,0.0,13
2024-04-29,30.5,27.0,32.5,27.5,35.5,26.2,34.1,33.0,34.6,34.9,38.9,36.0,35.6,35.1,74.0,67.0,1.8,8.2,0.0,4.26,0.0,0.0,15
2024-04-30,31.4,27.5,36.0,28.6,37.0,26.0,33.7,33.0,34.4,34.9,40.1,37.0,35.6,35.1,74.0,55.0,2.3,10.5,0.0,4.46,0.0,0.0,10
2024-05-01,30.0,27.0,36.5,28.0,37.8,26.6,34.1,33.0,34.4,34.7,40.0,36.0,35.8,35.1,78.0,50.0,2.0,10.8,0.0,4.08,0.0,0.0,5
2024-05-02,31.4,27.8,35.8,28.4,32.2,26.5,34.5,33.4,34.8,35.1,40.3,37.2,35.8,35.3,75.0,55.0,1.2,9.4,0.0,4.18,0.0,0.0,10
2024-05-03,31.5,28.5,37.4,28.0,38.0,26.6,34.7,33.6,34.6,35.1,40.3,37.2,35.8,35.5,79.0,47.0,1.4,9.1,0.0,4.16,0.0,0.0,1
2024-05-04,31.0,28.0,36.0,28.2,37.6,27.0,34.7,33.8,34.6,35.1,40.7,37.8,36.0,35.7,85.0,53.0,1.9,10.9,0.0,4.96,0.0,0.0,10
2024-05-05,31.4,28.2,37.5,28.8,38.6,26.5,34.9,34.0,34.8,35.1,40.9,38.2,36.4,36.1,77.0,50.0,2.0,10.2,0.0,4.94,0.0,0.0,10
2024-05-06,31.0,27.6,35.5,28.5,38.8,27.0,34.9,34.0,35.4,36.5,42.3,38.8,36.8,36.5,76.0,57.0,2.1,10.2,0.0,5.16,0.0,0.0,10
2024-05-07,31.0,27.6,37.8,27.0,38.5,26.8,35.3,34.4,35.6,36.5,41.9,39.0,36.8,36.5,76.0,41.0,2.6,9.9,0.0,5.69,0.0,0.0,1
2024-05-08,31.6,27.2,31.5,26.5,35.6,25.2,35.7,34.4,35.6,36.1,40.1,37.6,36.6,35.7,70.0,66.0,3.1,7.5,0.7,4.85,0.0,0.0,13
2024-05-09,29.0,26.0,37.0,26.5,37.5,25.6,33.7,33.2,34.6,35.7,40.9,38.0,36.0,35.7,78.0,42.0,2.1,9.9,4.5,4.34,0.0,0.0,13
2024-05-10,28.2,26.6,33.0,28.0,37.2,25.4,33.3,32.8,34.3,34.5,39.3,36.8,35.8,36.9,87.0,67.0,2.3,6.5,0.9,3.18,0.0,0.0,0
2024-05-11,29.5,26.5,31.6,27.5,36.0,25.5,32.7,32.2,33.8,34.3,38.7,36.8,35.6,36.1,78.0,72.0,2.7,7.4,4.8,3.55,0.0,0.0,13
2024-05-12,29.0,27.0,30.0,26.0,35.4,25.4,32.3,30.0,33.6,34.1,39.1,36.2,35.0,34.5,85.0,71.0,2.1,5.1,12.9,3.89,0.0,0.0,13
2024-05-13,28.6,26.0,26.0,25.2,34.0,24.0,32.1,31.0,32.6,33.3,31.7,32.0,33.6,33.3,80.0,93.0,1.6,5.5,15.1,2.82,0.0,0.0,5
2024-05-14,28.5,27.0,30.0,26.2,36.0,25.0,31.1,30.2,31.8,32.3,33.1,32.2,31.0,31.1,88.0,73.0,2.0,6.5,21.8,2.21,0.0,0.0,13
2024-05-15,27.5,26.0,33.0,27.0,34.5,26.6,30.9,30.2,31.8,32.3,35.9,34.0,33.0,32.7,87.0,61.0,1.7,6.9,7.3,3.29,0.0,0.0,1
2024-05-17,26.5,25.6,27.8,23.5,33.0,25.5,29.5,28.4,29.6,30.1,34.5,32.2,31.0,31.1,92.0,70.0,1.7,5.4,1.5,1.36,0.0,0.0,8
2024-05-19,28.0,26.5,31.5,26.5,33.0,26.0,29.7,28.6,29.8,30.3,34.7,32.6,31.4,30.9,89.0,66.0,3.3,5.9,0.0,2.28,0.0,0.0,1
2024-05-20,27.0,25.0,31.5,26.8,35.8,26.4,29.7,29.0,30.4,30.7,32.7,31.6,30.6,30.3,84.0,67.0,8.9,2.9,0.0,2.14,0.0,0.0,1
2024-05-21,31.0,26.0,31.5,27.0,33.5,25.5,29.7,28.0,29.8,29.9,31.7,30.0,30.4,30.3,66.0,69.0,11.2,3.9,0.0,2.89,0.0,0.0,13
2024-05-22,31.0,26.4,32.0,25.6,34.8,25.8,30.5,28.4,29.0,30.1,35.3,32.8,31.8,31.3,68.0,58.0,5.0,9.8,0.0,3.44,0.0,0.0,13
2024-05-23,28.5,25.5,30.0,26.5,33.8,26.5,29.7,28.8,30.2,30.7,33.7,31.6,31.2,30.9,78.0,75.0,4.9,3.5,0.0,3.08,0.0,0.0,8
2024-05-24,31.4,26.7,30.8,26.4,32.6,26.0,30.5,28.8,30.0,30.5,33.5,31.4,31.4,30.7,68.0,69.0,3.3,4.3,0.9,2.94,0.0,0.0,13
2024-05-25,27.0,25.5,30.0,26.5,33.0,26.0,29.9,29.0,30.4,30.3,34.3,32.0,31.2,30.9,89.0,75.0,5.2,3.2,2.1,2.21,0.0,0.0,8
2024-05-26,31.0,26.0,33.0,27.0,34.0,25.2,29.7,28.4,30.0,30.3,37.9,34.2,32.4,31.3,66.0,61.0,5.1,8.5,0.0,3.79,0.0,0.0,15
2024-05-27,24.5,26.4,30.2,26.0,34.0,25.8,31.3,29.8,31.0,31.5,37.3,34.2,32.6,32.3,77.0,59.0,3.3,5.8,0.0,3.59,0.0,0.0,5
2024-05-28,30.2,26.5,33.0,27.0,34.0,25.5,31.5,30.0,31.2,31.7,38.9,36.0,33.0,32.3,74.0,61.0,6.3,9.1,0.0,4.86,0.0,0.0,13
2024-05-29,30.6,26.0,32.5,27.0,34.8,25.2,31.9,30.2,32.0,32.1,41.7,36.8,34.4,32.9,68.0,63.0,5.2,10.9,0.0,4.5,0.0,0.0,10
2024-05-30,30.5,26.8,34.0,27.0,34.4,26.0,32.9,31.0,32.4,32.7,39.7,36.4,34.4,33.5,73.0,56.0,4.3,10.5,0.0,4.73,0.0,0.0,13
2024-05-31,30.0,27.2,33.4,28.7,36.6,27.2,32.9,31.6,32.8,33.3,40.9,37.8,35.2,33.9,80.0,68.0,1.5,7.8,0.0,4.77,0.0,0.0,10
2024-06-01,30.0,27.2,34.5,28.5,36.2,26.8,33.7,32.4,32.6,33.7,41.7,38.0,35.2,34.3,80.0,62.0,1.3,6.2,1.2,3.88,0.0,0.0,13
2024-06-02,30.0,27.0,31.8,27.0,34.0,23.6,32.9,31.8,33.4,33.5,35.1,32.6,31.4,34.3,78.0,65.0,1.7,0.6,24.3,4.58,0.0,0.0,13
2024-06-03,27.0,26.0,33.4,27.8,33.6,25.5,30.3,29.2,31.2,34.7,34.9,32.6,32.0,32.1,92.0,64.0,2.3,4.3,0.0,3.62,0.0,0.0,1
2024-06-04,29.5,26.8,32.5,27.0,34.6,26.0,31.5,29.8,31.2,31.7,36.7,33.6,32.6,32.5,79.0,63.0,2.1,8.5,0.0,4.28,0.0,0.0,9
2024-06-05,28.5,26.4,34.5,27.8,35.4,26.0,31.5,30.0,31.6,32.1,39.3,36.0,33.6,32.7,83.0,58.0,1.6,6.2,0.0,4.74,0.0,0.0,8
2024-06-06,28.0,26.2,34.4,28.5,35.0,26.0,31.7,31.0,32.4,32.7,38.9,36.0,34.0,33.5,86.0,63.0,1.4,6.5,0.0,4.46,0.0,0.0,5
2024-06-07,29.0,26.4,34.0,27.8,34.8,26.0,32.3,31.2,32.6,33.1,39.3,36.4,34.4,33.7,81.0,61.0,1.9,9.1,0.0,4.08,0.0,0.0,5
2024-06-08,29.6,27.0,33.5,28.0,34.0,25.5,32.9,31.6,33.0,33.3,37.9,35.4,34.4,33.9,81.0,64.0,1.8,7.1,0.0,4.62,0.0,0.0,5
2024-06-09,29.0,26.0,31.5,26.5,33.0,24.5,32.5,31.4,33.0,33.3,37.1,35.0,34.4,33.7,78.0,66.0,3.4,6.8,0.0,4.22,0.0,0.0,9
2024-06-10,30.0,26.0,34.0,26.5,35.0,24.0,31.6,31.2,32.6,33.1,38.9,36.0,34.6,34.1,71.0,54.0,4.1,10.8,0.0,4.82,0.0,0.0,1
2024-06-11,30.0,25.5,33.0,26.6,35.2,25.8,30.5,31.4,32.8,33.5,38.9,35.8,34.4,34.1,69.0,59.0,3.4,10.9,0.0,5.24,0.0,0.0,9
2024-06-12,29.5,26.0,33.0,25.8,34.0,25.0,32.7,31.8,33.2,33.3,37.7,35.2,34.4,33.9,74.0,54.0,3.2,5.2,0.0,4.36,0.0,0.0,1
2024-06-13,29.5,25.6,33.0,27.5,34.0,24.0,32.7,31.6,33.0,33.3,36.7,34.6,34.0,33.7,71.0,65.0,2.7,5.5,0.0,3.67,0.0,0.0,15
2024-06-14,29.5,26.5,34.0,27.0,34.2,23.5,31.7,31.0,32.4,32.9,37.5,34.8,33.6,33.5,78.0,56.0,2.9,8.3,0.0,4.59,0.0,0.0,13
2024-06-15,29.5,25.0,33.0,27.0,34.2,23.5,31.7,30.8,32.2,32.9,36.7,34.4,33.6,33.5,67.0,61.0,4.3,8.2,0.0,4.18,0.0,0.0,13
2024-06-16,31.0,26.0,34.6,26.4,35.2,24.0,32.7,31.2,32.2,30.9,38.1,35.0,33.6,33.5,66.0,50.0,2.6,10.5,0.0,4.24,0.0,0.0,1
2024-06-17,30.0,24.0,36.5,27.8,36.8,24.6,32.3,31.0,32.4,33.1,38.7,35.4,34.0,33.9,59.0,49.0,1.9,10.9,0.0,4.46,0.0,0.0,10
2024-06-18,29.6,25.4,35.0,27.5,35.0,27.4,32.3,31.6,32.8,33.3,38.5,35.4,34.0,34.1,70.0,55.0,3.1,11.1,0.0,5.43,0.0,0.0,13
2024-06-19,29.0,26.0,32.5,26.5,35.0,27.4,32.7,31.8,33.2,33.5,37.5,34.8,33.8,34.1,78.0,61.0,2.1,5.2,0.0,3.57,0.0,0.0,8
2024-06-20,29.4,25.5,33.8,26.8,34.4,24.6,32.1,31.0,32.6,33.3,37.3,34.6,33.6,33.9,73.0,56.0,4.1,7.6,0.0,3.44,0.0,0.0,5
2024-06-21,30.8,26.0,33.0,26.8,34.0,25.4,32.3,31.6,32.4,33.3,37.3,34.6,33.8,33.7,67.0,60.0,6.6,11.2,0.0,4.82,0.0,0.0,8
2024-06-22,30.4,25.5,31.5,25.5,34.4,27.4,32.1,31.2,33.6,33.3,37.5,35.0,33.8,33.7,67.0,60.0,8.9,10.1,0.0,4.94,0.0,0.0,13
2024-06-23,29.6,25.2,27.6,26.2,33.0,26.5,32.5,31.8,33.0,33.3,35.3,33.6,33.6,33.5,69.0,89.0,6.2,4.1,0.0,5.06,0.0,0.0,10
2024-06-24,29.5,25.5,30.0,26.0,32.5,26.0,30.7,30.4,32.0,32.5,34.7,32.0,32.6,32.9,71.0,71.0,6.7,5.4,1.5,5.52,0.0,0.0,13
2024-06-25,29.6,25.0,29.5,25.4,32.6,26.6,31.3,30.6,31.6,32.3,34.5,32.8,32.4,32.7,67.0,70.0,11.5,4.3,0.0,5.76,0.0,0.0,13
2024-06-26,28.6,24.8,28.6,25.5,32.0,26.0,31.1,30.4,31.8,32.5,33.1,32.4,32.2,32.5,72.0,78.0,8.0,4.6,0.0,5.34,0.0,0.0,13
2024-06-27,28.5,25.4,32.5,26.0,33.0,26.0,30.1,30.0,31.2,31.9,34.9,32.6,32.0,33.3,76.0,57.0,6.0,5.5,0.0,5.62,0.0,0.0,13
2024-06-28,30.5,25.0,34.0,26.0,34.0,24.0,30.9,30.0,31.6,32.1,37.1,35.0,33.0,32.7,62.0,51.0,4.9,11.5,0.0,5.82,0.0,0.0,13
2024-06-29,29.0,34.0,34.6,27.2,35.0,24.5,29.7,30.2,31.8,32.3,38.5,35.8,33.4,33.1,64.0,54.0,2.2,11.7,0.0,5.46,0.0,0.0,13
2024-06-30,30.0,26.2,36.0,27.8,36.4,25.0,31.5,31.4,32.6,33.1,39.1,36.4,33.8,33.9,71.0,51.0,2.4,12.1,0.0,5.84,0.0,0.0,13
2024-07-01,30.0,27.6,32.5,26.5,34.8,24.6,32.7,31.8,33.2,33.5,37.9,36.6,34.6,34.1,85.0,61.0,4.0,11.7,0.0,4.78,0.0,0.0,13
2024-07-02,30.0,25.8,36.0,27.4,36.2,25.5,32.9,32.0,33.0,33.7,39.7,36.8,34.4,34.3,65.0,49.0,1.7,10.8,0.0,4.51,0.0,0.0,13
2024-07-03,30.0,26.0,34.8,27.5,36.0,25.5,31.9,32.0,33.4,33.9,39.9,37.0,34.8,34.7,71.0,56.0,4.1,11.9,0.0,5.16,0.0,0.0,13
2024-07-04,30.5,26.0,28.0,25.5,35.5,23.6,33.3,32.4,34.6,34.1,38.7,37.0,33.8,34.5,68.0,82.0,2.2,9.3,0.0,4.86,0.0,0.0,13
2024-07-05,28.0,25.0,34.0,27.0,34.5,24.5,32.3,31.6,33.2,35.7,38.3,36.0,34.8,34.3,77.0,56.0,4.0,10.8,0.0,4.94,0.0,0.0,13
2024-07-06,30.0,25.0,32.0,25.7,35.0,24.0,33.1,32.0,33.2,33.7,37.9,35.8,34.4,34.3,65.0,59.0,3.9,8.2,0.0,5.26,0.0,0.0,13
2024-07-07,30.5,26.0,34.5,27.0,36.0,24.0,32.7,31.8,33.2,33.7,39.3,36.4,34.6,34.5,68.0,53.0,3.1,11.8,0.0,5.85,0.0,0.0,13
2024-07-08,32.0,26.0,33.5,26.0,34.0,25.7,34.1,32.4,33.4,33.9,38.5,36.0,34.6,34.3,60.0,55.0,5.6,8.6,0.0,5.27,0.0,0.0,5
2024-07-09,31.0,25.0,33.8,26.2,35.0,24.0,32.9,32.0,33.4,33.9,38.7,36.2,34.8,34.5,60.0,53.0,4.6,11.2,0.0,5.26,0.0,0.0,13
2024-07-10,30.0,25.5,34.5,27.8,34.8,24.0,32.7,32.0,33.4,33.9,39.1,36.6,34.6,34.5,69.0,53.0,6.1,11.2,0.0,5.62,0.0,0.0,13
2024-07-11,30.0,25.5,36.0,27.0,36.6,25.0,32.7,32.0,33.6,34.1,39.9,37.0,34.6,34.7,63.0,47.0,2.8,11.9,0.0,5.98,0.0,0.0,13
2024-07-12,30.5,26.0,33.4,26.8,36.4,25.5,33.3,32.4,34.0,34.5,39.9,37.0,35.0,32.9,68.0,58.0,5.5,10.9,0.0,6.22,0.0,0.0,13
2024-07-13,30.5,25.6,30.0,26.0,33.5,26.5,33.5,32.8,34.0,34.7,36.7,35.2,34.6,34.7,66.0,71.0,7.6,6.2,0.0,5.64,0.0,0.0,13
2024-07-14,30.0,25.0,32.0,25.5,33.0,26.0,32.9,32.0,33.4,33.9,37.3,35.0,34.2,34.1,65.0,58.0,2.5,8.4,0.0,4.82,0.0,0.0,13
2024-07-15,30.0,26.0,30.0,25.5,34.2,26.5,32.7,32.5,33.6,33.9,36.3,35.0,34.0,34.1,71.0,69.0,14.9,7.6,0.0,2.16,0.0,0.0,9
2024-07-16,29.0,24.2,30.0,24.8,32.8,26.8,32.1,31.8,33.4,33.7,34.7,33.4,33.6,33.9,64.0,64.0,10.6,1.2,0.0,4.58,0.0,0.0,13
2024-07-17,29.5,25.0,31.5,25.5,33.4,26.8,31.9,31.2,32.4,33.3,35.7,33.6,33.0,33.5,67.0,60.0,10.1,3.1,0.0,5.66,0.0,0.0,1
2024-07-18,29.0,24.6,31.0,25.0,32.6,27.5,31.5,31.0,32.4,33.3,35.3,33.4,33.4,32.3,68.0,60.0,13.7,3.4,0.0,5.58,0.0,0.0,5
2024-07-19,30.2,24.5,33.0,24.5,33.8,27.0,31.7,31.0,32.0,32.1,37.5,34.8,33.4,32.9,61.0,48.0,11.5,9.7,0.0,5.56,0.0,0.0,10
2024-07-20,30.5,24.0,33.0,25.2,33.8,27.0,32.1,31.0,32.4,33.3,37.7,34.8,33.6,33.5,57.0,51.0,10.6,11.1,0.0,6.44,0.0,0.0,9
2024-07-21,30.5,25.2,34.5,25.4,35.5,24.0,31.7,30.8,32.6,33.3,39.3,35.8,33.6,33.9,63.0,45.0,2.4,10.3,0.0,5.76,0.0,0.0,10
2024-07-22,31.0,24.0,35.0,25.0,36.0,24.8,32.1,31.2,32.6,33.5,39.7,36.0,34.2,34.3,54.0,42.0,5.1,11.8,0.0,5.84,0.0,0.0,5
2024-07-23,30.2,25.5,35.2,27.0,36.0,24.0,32.7,31.8,33.2,34.1,39.7,36.4,34.4,34.5,68.0,51.0,4.3,11.9,0.0,4.96,0.0,0.0,4
2024-07-24,30.5,25.5,34.5,26.5,36.4,24.5,32.7,32.0,32.2,34.1,39.9,36.6,34.5,34.7,66.0,51.0,5.5,10.7,0.0,4.62,0.0,0.0,13
2024-07-25,31.0,25.5,33.4,26.6,36.0,26.0,31.9,32.2,32.2,33.5,39.7,36.6,34.8,34.7,63.0,51.0,7.5,11.6,0.0,6.58,0.0,0.0,13
2024-07-26,32.0,25.0,33.5,25.6,34.6,26.2,32.9,32.4,33.8,34.5,38.1,35.6,34.4,34.5,55.0,50.0,8.5,8.3,0.0,5.28,0.0,0.0,9
2024-07-27,31.5,24.8,34.0,26.0,35.0,27.0,32.7,32.0,33.6,34.1,39.3,36.4,34.0,34.7,55.0,51.0,7.4,10.9,0.0,5.64,0.0,0.0,13
2024-07-28,31.0,25.0,33.0,26.0,34.4,27.2,32.7,32.4,33.8,34.5,38.3,35.8,34.4,34.7,60.0,55.0,9.8,10.2,0.0,6.84,0.0,0.0,9
2024-07-29,30.7,24.8,31.2,25.5,35.0,26.0,32.9,32.2,33.6,34.5,37.7,35.2,34.2,34.5,59.0,62.0,9.8,7.7,0.0,5.42,0.0,0.0,13
2024-07-30,30.0,25.0,32.8,25.6,35.0,26.2,31.5,32.0,33.2,33.9,37.9,35.6,34.4,34.5,65.0,54.0,8.7,5.9,0.0,5.24,0.0,0.0,4
2024-07-31,31.0,26.0,34.0,27.0,35.2,25.0,33.1,32.2,34.4,34.1,39.3,36.0,34.4,34.7,66.0,56.0,7.0,10.6,0.0,5.68,0.0,0.0,10
2024-08-01,30.5,25.0,34.4,26.0,35.2,26.6,33.1,32.2,33.6,34.3,39.7,36.6,34.8,34.9,62.0,49.0,7.4,10.6,0.0,6.82,0.0,0.0,10
2024-08-02,30.0,25.2,33.5,26.0,34.8,25.0,33.3,32.6,34.0,34.7,37.7,35.2,34.2,34.5,66.0,51.0,5.6,7.4,0.0,5.38,0.0,0.0,10
2024-08-03,30.5,25.4,33.0,27.0,37.5,24.4,32.7,32.4,33.6,34.3,38.7,36.2,34.8,34.7,64.0,61.0,3.1,9.6,0.0,2.0,0.0,0.0,9
2024-08-04,30.0,26.0,35.0,27.0,38.2,23.5,33.5,32.6,34.0,34.3,40.5,37.2,34.8,34.7,71.0,52.0,2.9,9.1,7.4,6.79,0.0,0.0,9
2024-08-05,25.5,25.5,30.6,26.0,36.0,23.8,31.5,30.4,32.4,33.7,37.5,35.6,34.4,35.9,78.0,68.0,2.2,8.2,0.0,5.34,0.0,0.0,4
2024-08-06,27.6,25.0,32.0,26.0,33.4,25.0,31.1,30.2,31.8,33.1,35.5,34.0,32.8,33.4,80.0,60.0,10.2,3.5,0.0,4.22,0.0,0.0,9
2024-08-07,29.6,26.4,35.0,26.0,36.6,24.5,31.9,30.4,32.4,32.7,38.1,35.6,34.2,33.5,77.0,47.0,3.1,6.2,0.0,5.26,0.0,0.0,9
2024-08-08,30.0,26.2,33.8,25.2,34.8,27.0,32.5,31.2,32.6,33.3,38.5,36.0,34.4,33.7,73.0,47.0,3.2,8.8,36.5,5.64,0.0,0.0,13
2024-08-09,29.0,25.0,34.5,25.5,35.0,27.5,31.5,29.8,30.6,31.3,35.3,33.4,33.0,32.5,71.0,46.0,3.7,10.5,0.0,4.84,0.0,0.0,13
2024-08-10,30.0,25.5,33.0,26.0,34.0,27.0,31.1,30.0,31.2,31.9,34.3,32.6,32.2,32.1,69.0,55.0,3.5,8.7,0.0,4.38,0.0,0.0,9
2024-08-11,29.0,26.0,34.5,27.0,35.0,27.5,31.1,30.0,31.4,31.7,36.3,33.8,33.0,32.5,78.0,53.0,2.4,7.2,0.0,4.76,0.0,0.0,9
2024-08-12,28.8,25.5,33.4,27.2,35.0,27.5,31.5,30.0,31.8,32.3,35.3,33.6,32.8,32.7,76.0,60.0,1.7,7.6,0.0,4.92,0.0,0.0,13
2024-08-13,27.5,25.6,28.5,26.0,34.0,26.6,31.5,30.2,31.6,32.1,33.1,32.8,32.6,32.5,85.0,80.0,1.9,4.2,0.2,3.64,0.0,0.0,9
2024-08-14,28.4,26.0,30.5,27.4,34.4,27.0,31.5,30.4,31.6,32.2,35.3,33.4,32.6,32.5,82.0,77.0,1.8,5.4,5.8,3.76,0.0,0.0,5
2024-08-15,28.8,26.6,30.6,27.6,35.0,23.8,31.5,30.0,31.8,31.9,34.9,33.0,32.6,32.5,83.0,79.0,1.7,8.7,1.2,3.44,0.0,0.0,5
2024-08-16,29.0,26.6,33.8,27.8,35.4,25.0,31.3,30.0,31.8,31.9,35.3,33.4,32.6,32.5,82.0,61.0,1.3,7.2,27.6,2.24,0.0,0.0,5
2024-08-17,29.0,25.8,31.2,26.0,33.0,24.8,30.5,29.8,31.0,31.5,33.5,32.0,31.8,31.7,76.0,65.0,2.1,5.6,2.0,2.52,0.0,0.0,10
2024-08-18,29.0,26.5,33.0,27.0,34.0,24.5,30.5,29.4,31.0,31.3,33.7,31.8,32.0,31.7,82.0,61.0,1.7,7.9,0.5,3.78,0.0,0.0,10
2024-08-19,29.0,26.7,25.5,24.5,34.8,20.0,30.5,29.8,30.6,31.1,32.5,31.8,31.8,31.7,83.0,92.0,2.1,7.9,21.1,3.02,0.0,0.0,15
2024-08-20,27.5,25.6,29.5,24.2,34.3,25.4,29.7,29.0,30.4,31.1,33.9,31.8,31.6,31.5,92.0,62.0,23.0,8.1,21.8,2.58,0.0,0.0,13
2024-08-21,27.0,24.0,29.5,25.0,30.2,25.0,29.3,28.6,29.8,30.5,30.9,29.8,30.2,30.5,77.0,67.0,2.5,5.3,0.0,2.54,0.0,0.0,13
2024-08-22,27.0,25.5,32.2,26.5,34.0,23.0,29.5,28.8,30.2,30.5,33.1,30.8,31.2,30.7,89.0,58.0,1.2,6.8,0.0,3.16,0.0,0.0,9
2024-08-23,29.0,26.5,33.0,27.5,34.2,23.2,30.7,28.8,30.0,30.5,37.1,33.8,32.0,31.5,82.0,65.0,1.6,7.8,13.6,3.68,0.0,0.0,13
2024-08-24,28.0,26.0,32.5,26.0,34.8,20.4,29.7,28.8,30.4,30.5,32.7,32.2,31.6,31.1,85.0,57.0,2.1,6.5,0.0,3.94,0.0,0.0,13
2024-08-25,28.8,25.5,33.5,25.4,34.2,21.0,30.1,28.6,30.2,30.5,32.3,34.2,32.4,31.5,76.0,49.0,5.6,11.4,0.0,4.38,0.0,0.0,13
2024-08-26,29.8,24.2,33.5,25.0,34.5,23.0,30.3,28.8,30.4,31.3,37.5,34.6,32.4,31.7,61.0,47.0,4.9,11.9,0.0,4.46,0.0,0.0,5
2024-08-27,29.5,24.0,34.2,25.6,35.0,23.6,30.3,29.0,30.8,31.3,38.1,35.0,32.8,32.1,61.0,48.0,4.3,11.1,0.0,4.34,0.0,0.0,5
2024-08-28,31.0,25.0,32.5,26.0,33.8,23.5,31.5,30.0,31.2,31.7,35.7,34.0,33.0,32.1,60.0,57.0,4.3,5.5,0.0,3.92,0.0,0.0,9
2024-08-29,30.0,25.0,33.5,26.0,35.0,23.2,31.5,29.8,31.2,31.7,37.9,34.6,33.0,32.5,65.0,55.0,5.3,11.4,0.0,3.04,0.0,0.0,13
2024-08-30,28.0,24.8,30.0,24.5,33.0,24.0,31.1,29.8,31.8,31.7,34.7,33.0,32.2,32.1,76.0,63.0,4.6,7.4,0.0,3.46,0.0,0.0,13
2024-08-31,30.5,35.0,33.5,25.0,34.8,23.0,31.1,30.0,31.2,32.5,37.5,34.6,32.8,32.1,62.0,47.0,5.3,9.4,0.0,5.88,0.0,0.0,9
2024-09-01,30.8,25.5,32.0,25.4,35.0,25.0,31.5,30.0,31.6,31.3,37.1,34.4,33.0,32.5,64.0,57.0,6.3,10.7,0.0,5.58,0.0,0.0,10
2024-09-02,31.2,26.0,34.5,26.4,35.2,24.0,31.5,30.0,31.4,32.5,37.7,34.8,33.0,32.5,65.0,50.0,6.4,10.8,0.0,5.34,0.0,0.0,13
2024-09-03,31.4,25.0,31.0,24.6,33.0,24.5,32.3,30.8,32.2,32.5,34.9,33.0,32.6,32.5,57.0,57.0,5.4,5.2,0.0,4.19,0.0,0.0,10
2024-09-04,30.0,25.5,30.8,24.0,33.4,23.0,31.3,30.2,31.4,31.7,34.1,32.6,32.4,32.5,69.0,55.0,4.5,9.7,0.0,5.85,0.0,0.0,5
2024-09-05,29.5,25.0,35.5,26.0,36.0,23.2,30.9,29.8,31.0,31.5,37.5,34.2,32.8,32.5,67.0,44.0,4.5,10.1,0.0,5.76,0.0,0.0,9
2024-09-06,29.5,24.5,32.5,25.0,34.6,23.5,31.1,30.0,31.6,31.9,35.5,33.4,32.4,32.3,65.0,52.0,6.4,7.9,0.0,5.16,0.0,0.0,10
2024-09-07,29.5,24.5,34.5,26.0,35.5,25.4,31.1,29.8,31.6,31.9,36.7,33.0,32.4,32.1,65.0,48.0,7.0,9.5,0.0,6.08,0.0,0.0,9
2024-09-08,30.5,24.5,33.4,25.6,34.8,24.8,31.3,30.0,31.8,32.3,36.3,33.6,32.6,32.5,59.0,51.0,6.5,7.6,0.0,6.62,0.0,0.0,13
2024-09-09,29.5,24.8,33.5,25.8,36.0,24.0,31.1,30.0,31.6,31.7,37.5,34.0,32.8,32.7,66.0,51.0,5.9,10.3,0.0,5.64,0.0,0.0,10
2024-09-10,31.0,25.0,34.0,25.8,35.5,24.5,32.1,30.7,31.4,32.5,37.1,34.2,33.0,33.1,60.0,50.0,6.3,11.1,0.0,6.42,0.0,0.0,9
2024-09-11,31.0,25.2,34.0,25.5,35.1,24.8,31.7,30.4,31.8,32.5,37.1,34.0,33.0,33.1,61.0,49.0,5.8,9.5,0.0,6.22,0.0,0.0,9
2024-09-12,30.4,24.5,33.5,25.0,36.0,23.4,31.5,30.2,31.8,32.6,36.1,33.8,32.6,32.7,60.0,47.0,5.1,10.9,0.0,5.62,0.0,0.0,13
2024-09-13,31.0,24.6,36.0,26.0,37.0,25.5,31.3,30.2,31.8,32.5,38.3,34.8,33.2,33.3,57.0,43.0,5.8,10.5,0.0,6.26,0.0,0.0,10
2024-09-14,32.0,25.0,35.0,26.0,36.0,23.0,32.1,31.0,33.0,32.9,37.1,34.8,33.4,33.1,59.0,47.0,6.6,11.3,0.0,6.28,0.0,0.0,9
2024-09-15,32.0,25.0,35.0,25.8,35.8,23.6,31.7,31.0,32.2,32.7,38.1,34.8,33.4,33.1,55.0,46.0,7.5,12.6,0.0,6.26,0.0,0.0,5
2024-09-16,32.0,25.0,34.5,25.7,36.4,25.5,32.1,30.3,32.2,33.1,38.5,35.2,33.8,33.3,55.0,47.0,8.1,12.1,0.0,7.08,0.0,0.0,9
2024-09-17,31.0,24.5,36.0,25.5,36.6,22.0,32.1,31.2,32.6,33.3,38.5,35.6,33.6,33.5,57.0,41.0,5.6,10.5,0.0,6.48,0.0,0.0,9
2024-09-18,30.5,24.5,36.4,25.8,37.4,25.8,31.5,31.0,32.4,33.3,39.5,35.6,33.8,35.7,59.0,40.0,4.6,9.3,0.0,7.44,0.0,0.0,9
2024-09-19,31.0,24.4,34.0,25.0,35.8,22.2,31.4,31.0,32.4,33.3,37.5,34.8,33.6,33.5,56.0,46.0,6.3,9.6,0.0,6.24,0.0,0.0,13
2024-09-20,31.0,23.4,34.0,24.4,36.0,23.6,31.7,30.6,32.0,33.3,37.1,34.2,33.6,33.5,50.0,45.0,6.8,7.9,0.0,6.72,0.0,0.0,9
2024-09-21,31.0,24.0,35.0,24.5,35.8,25.2,31.3,30.4,32.0,32.9,36.1,34.0,33.2,33.1,54.0,40.0,8.8,8.8,0.0,7.84,0.0,0.0,9
2024-09-22,31.0,24.5,33.5,24.0,34.6,23.2,31.5,30.6,31.8,32.7,35.1,30.0,32.4,32.9,57.0,42.0,8.5,6.5,0.0,6.24,0.0,0.0,9
2024-09-23,31.0,23.8,33.8,24.0,36.2,23.4,31.3,30.4,31.6,32.5,36.7,34.0,33.0,32.9,52.0,41.0,6.0,8.8,0.0,6.66,0.0,0.0,10
2024-09-24,31.0,24.4,34.5,24.0,36.8,23.5,31.3,30.2,31.4,32.7,37.7,34.6,33.2,33.3,54.0,46.0,6.4,10.1,0.0,6.14,0.0,0.0,9
2024-09-25,31.5,25.0,36.1,25.6,37.0,23.0,32.1,30.5,32.2,32.9,38.3,35.0,33.6,33.5,56.0,46.0,6.8,11.1,0.0,7.62,0.0,0.0,9
2024-09-26,31.0,25.2,36.0,26.8,37.8,24.0,32.3,31.2,32.4,33.3,37.7,34.8,33.8,33.7,61.0,47.0,3.0,9.8,0.0,6.96,0.0,0.0,10
2024-09-27,30.1,25.4,30.5,25.4,36.5,23.0,32.5,31.8,32.8,33.5,36.7,34.2,33.8,33.7,63.0,64.0,2.8,10.2,0.0,5.44,0.0,0.0,5
2024-09-28,30.5,27.0,34.0,26.0,36.0,24.0,32.1,31.0,32.2,33.3,37.7,34.6,33.4,33.7,74.0,51.0,2.7,10.9,0.0,5.08,0.0,0.0,10
2024-09-29,30.5,26.5,32.0,25.5,35.8,24.0,32.3,31.2,32.6,33.3,37.7,34.8,33.6,33.1,72.0,58.0,3.2,8.3,9.4,5.48,0.0,0.0,10
2024-09-30,25.5,24.6,29.4,26.5,33.8,23.5,30.1,30.0,32.2,33.1,33.7,33.0,32.8,33.1,92.0,79.0,2.2,6.8,0.0,4.06,0.0,0.0,13
2024-10-01,29.2,25.6,34.0,27.4,35.4,23.5,30.3,29.0,30.8,32.3,37.1,34.4,32.6,32.5,74.0,58.0,2.6,8.6,1.4,5.44,0.0,0.0,13
2024-10-02,30.0,26.0,34.5,26.5,35.3,23.6,31.1,29.6,31.0,31.9,37.1,34.0,32.4,32.7,71.0,51.0,2.4,8.6,3.3,5.26,0.0,0.0,9
2024-10-03,28.0,25.5,34.5,26.0,35.8,23.4,30.5,29.4,31.0,31.7,35.1,33.0,32.4,32.1,82.0,48.0,3.0,10.5,0.0,4.56,0.0,0.0,9
2024-10-04,29.2,25.0,32.2,25.8,36.6,23.0,30.5,29.2,31.8,32.1,35.5,33.6,32.6,32.9,82.0,58.0,3.2,10.2,0.0,4.38,0.0,0.0,10
2024-10-05,30.0,24.4,33.6,25.4,36.0,23.8,31.3,29.8,31.4,32.1,36.3,33.8,32.6,32.5,64.0,49.0,2.9,9.3,0.0,3.78,0.0,0.0,9
2024-10-06,29.0,26.2,34.5,25.5,36.0,25.0,31.5,30.4,31.8,32.5,37.3,34.6,33.0,31.9,79.0,46.0,2.7,8.2,12.3,3.03,0.0,0.0,13
2024-10-07,27.6,26.0,31.5,26.5,32.4,24.0,30.7,30.0,31.6,32.5,33.7,32.0,32.2,32.1,92.0,66.0,1.2,0.5,5.0,2.99,0.0,0.0,5
2024-10-08,27.5,25.4,32.6,26.4,34.2,23.4,29.7,28.8,30.2,31.5,34.1,32.2,31.6,31.5,83.0,60.0,1.2,6.8,23.3,2.34,0.0,0.0,5
2024-10-10,27.8,26.0,31.0,25.8,33.0,23.8,28.9,27.6,29.2,29.9,34.3,31.6,30.8,30.7,86.0,65.0,2.3,7.3,5.4,2.22,0.0,0.0,5
2024-10-11,28.0,26.0,31.6,25.8,32.4,24.0,29.7,28.6,29.8,30.3,34.1,31.8,31.0,31.1,83.0,61.0,2.6,6.8,4.4,3.84,0.0,0.0,9
2024-10-12,25.0,24.2,29.5,25.8,30.2,24.0,29.3,28.6,29.8,30.5,32.1,30.4,30.6,30.5,93.0,73.0,1.1,1.7,0.0,2.38,1.0,0.0,13
2024-10-13,28.8,26.0,28.5,24.2,32.0,24.0,30.3,28.8,29.8,30.5,32.3,30.8,31.0,30.9,79.0,68.0,3.0,3.7,1.2,3.38,0.0,0.0,1
2024-10-14,27.0,25.5,26.5,23.5,32.0,23.5,29.7,28.4,29.8,30.3,31.5,30.6,30.4,30.3,89.0,77.0,4.1,2.4,0.0,2.84,0.0,0.0,5
2024-10-15,29.0,25.0,29.0,24.5,31.5,23.0,29.5,28.2,29.6,30.1,31.3,29.8,30.0,30.1,71.0,68.0,3.8,2.6,0.0,2.16,0.0,0.0,13
2024-10-16,30.0,26.0,34.0,25.5,34.5,23.0,28.9,28.0,29.0,29.7,33.7,31.2,30.4,30.1,71.0,49.0,4.6,11.1,0.0,3.64,0.0,0.0,1
2024-10-17,30.0,26.0,34.5,26.0,35.0,23.0,29.7,28.6,29.8,30.3,34.3,32.0,31.0,30.1,71.0,48.0,3.9,10.9,0.0,4.42,0.0,0.0,5
2024-10-18,29.5,26.0,33.0,25.5,34.2,22.5,29.9,28.8,29.8,30.7,33.7,31.6,31.0,31.1,74.0,53.0,2.2,9.5,0.0,3.34,0.0,0.0,13
2024-10-19,29.5,25.4,34.0,26.0,35.0,25.0,30.7,29.2,30.2,30.9,34.7,32.4,31.4,31.3,70.0,51.0,2.1,10.9,0.0,4.66,0.0,0.0,9
2024-10-20,29.5,25.6,32.5,26.8,35.0,24.5,31.3,29.8,30.8,31.3,34.1,32.0,31.8,31.5,71.0,62.0,2.4,7.4,5.6,2.56,0.0,0.0,9
2024-10-21,27.0,25.5,32.6,26.7,33.2,24.0,30.5,29.8,30.8,31.3,34.3,32.2,31.8,31.7,89.0,62.0,2.2,8.9,19.4,2.14,0.0,0.0,9
2024-10-22,24.5,24.0,30.5,26.8,32.0,24.4,29.5,29.0,30.4,31.1,33.3,31.4,31.2,31.1,95.0,73.0,1.2,5.2,0.0,2.26,0.0,0.0,13
2024-10-23,28.5,26.5,28.4,25.2,34.2,23.5,30.5,29.6,30.4,30.9,33.3,31.8,31.2,31.1,85.0,76.0,1.6,4.5,1.2,2.96,0.0,0.0,13
2024-10-24,28.4,25.5,32.5,25.4,34.0,24.5,30.1,29.0,30.2,30.9,33.7,31.8,30.8,31.1,79.0,54.0,1.8,8.4,0.0,3.46,0.0,0.0,9
2024-10-25,29.0,25.8,29.0,26.2,34.5,24.0,30.3,29.0,30.2,31.1,33.3,31.8,31.6,31.3,76.0,79.0,2.0,9.2,2.0,2.99,0.0,0.0,10
2024-10-26,29.5,25.5,34.0,26.0,34.5,25.0,30.3,29.4,30.6,30.9,33.7,32.4,31.6,31.5,71.0,51.0,3.1,9.8,0.0,3.81,0.0,0.0,8
2024-10-27,29.0,26.0,33.5,25.5,35.0,23.5,30.3,29.4,30.4,31.1,33.7,32.2,31.6,31.3,78.0,50.0,3.0,9.4,0.1,3.94,0.0,0.0,5
2024-10-28,31.0,25.0,33.5,26.0,34.8,24.6,30.7,29.4,30.2,30.9,33.5,32.4,31.4,31.3,60.0,55.0,1.7,10.8,0.0,4.18,0.0,0.0,4
2024-10-29,30.5,27.2,33.4,26.6,35.0,24.4,30.5,29.6,30.6,31.3,33.5,32.0,31.6,31.7,76.0,57.0,2.0,9.5,0.0,3.18,0.0,0.0,10
2024-10-30,28.5,26.4,30.6,27.0,32.0,25.0,30.7,29.8,31.0,31.3,34.5,32.0,31.6,31.7,83.0,74.0,1.7,2.9,0.0,2.38,0.0,0.0,8
2024-10-31,29.5,26.3,29.5,25.5,34.4,24.0,30.9,29.2,30.6,31.3,35.7,33.6,32.0,31.5,77.0,71.0,2.1,7.8,1.4,2.34,0.0,0.0,13
2024-11-01,27.0,25.4,27.5,24.5,33.5,24.8,30.3,29.0,30.6,31.1,34.5,32.6,31.6,31.1,87.0,77.0,2.1,5.1,0.0,2.36,0.0,0.0,13
2024-11-02,28.0,25.0,29.8,26.0,34.4,22.8,30.3,28.8,30.0,30.9,36.1,33.4,31.8,31.1,77.0,73.0,2.4,8.4,0.5,2.22,0.0,0.0,13
2024-11-03,27.5,25.5,30.0,26.0,32.2,23.0,30.3,29.0,30.2,30.9,34.3,32.0,31.4,31.3,85.0,71.0,1.8,6.9,0.0,2.94,0.0,0.0,5
2024-11-04,26.6,25.2,29.0,26.0,32.5,22.5,29.7,28.8,30.0,30.7,33.7,32.0,31.6,31.3,89.0,78.0,1.2,5.5,4.5,2.46,0.0,0.0,5
2024-11-05,28.2,25.4,28.0,24.0,32.8,22.5,29.7,28.0,29.2,30.3,33.7,31.8,31.4,30.7,79.0,71.0,1.5,8.2,0.0,2.84,0.0,0.0,10
2024-11-06,28.0,25.0,32.5,25.0,33.2,23.6,29.3,27.6,29.4,29.5,33.7,32.8,31.2,30.7,77.0,52.0,2.4,10.1,0.3,2.26,0.0,0.0,13
2024-11-07,29.0,25.7,27.5,26.0,34.6,24.6,30.5,28.8,30.0,30.5,35.5,33.2,31.6,31.1,76.0,57.0,2.5,8.2,0.0,3.58,0.0,0.0,13
2024-11-08,27.9,25.8,26.8,25.2,31.5,23.6,30.1,29.0,30.2,29.7,33.5,31.8,31.2,31.1,85.0,87.0,3.9,2.1,52.6,2.94,0.0,0.0,13
2024-11-09,26.5,25.2,28.5,26.2,31.5,23.5,28.7,27.6,29.0,29.5,31.3,30.0,30.0,29.9,89.0,82.0,2.3,5.9,0.2,1.74,0.0,0.0,10
2024-11-10,27.5,25.0,29.0,26.2,32.0,23.5,28.7,27.2,28.6,29.3,31.9,31.4,30.2,30.3,80.0,79.0,2.8,10.5,0.0,2.92,0.0,0.0,9
2024-11-11,28.2,25.0,32.2,26.2,34.0,24.0,29.3,27.6,29.3,29.5,34.1,31.8,30.6,30.3,80.0,84.0,1.9,9.8,0.0,2.63,0.0,0.0,10
2024-11-12,28.0,26.0,33.0,27.0,34.0,22.0,29.7,28.2,29.2,29.9,36.1,30.0,31.2,30.7,85.0,61.0,2.5,10.2,59.9,3.65,0.0,0.0,13
2024-11-13,27.8,25.4,32.2,27.4,34.0,23.5,28.7,27.0,28.4,28.3,32.7,31.6,30.2,24.7,82.0,68.0,2.4,9.7,0.5,2.42,0.0,0.0,9
2024-11-14,27.5,25.4,29.4,26.4,30.2,25.0,28.7,28.0,29.2,29.5,31.5,30.0,29.8,29.7,83.0,78.0,1.1,1.2,4.4,2.52,0.0,0.0,9
2024-11-15,27.4,25.2,29.0,26.0,32.2,23.6,29.7,28.0,29.2,29.5,32.7,31.0,30.2,29.9,86.0,78.0,1.8,5.5,0.0,2.12,0.0,0.0,9
2024-11-16,28.5,26.2,32.6,26.0,34.0,24.5,29.5,27.5,29.0,29.5,33.1,31.4,30.2,30.1,82.0,60.0,2.4,9.9,0.0,2.29,0.0,0.0,9
2024-11-17,29.5,26.0,31.0,26.0,33.0,24.4,29.9,28.2,29.4,29.7,32.4,31.2,30.4,30.1,74.0,66.0,2.4,9.1,1.8,2.26,0.0,0.0,9
2024-11-18,28.2,25.6,30.5,25.8,32.6,25.0,29.7,28.3,29.6,29.7,32.9,31.4,30.0,30.3,80.0,67.0,2.3,8.9,4.7,2.04,0.0,0.0,9
2024-11-19,28.2,26.2,25.5,24.5,30.5,25.0,30.1,28.4,29.8,29.7,31.3,30.4,30.2,29.9,85.0,71.0,1.4,5.1,16.0,2.86,0.0,0.0,13
2024-11-20,26.5,25.0,29.5,26.5,30.8,24.0,29.3,28.0,28.2,29.5,31.9,30.2,30.0,29.7,87.0,78.0,1.4,1.7,0.0,2.82,0.0,0.0,9
2024-11-21,26.0,25.2,29.5,26.4,30.5,24.5,28.7,27.8,28.8,28.3,31.3,29.8,29.6,29.5,93.0,77.0,3.4,2.5,0.0,2.43,0.0,0.0,9
2024-11-27,24.6,24.2,26.0,24.5,28.5,22.6,26.3,28.2,24.0,26.5,28.4,27.0,29.0,26.1,96.0,88.0,10.0,0.9,19.8,0.56,0.0,0.0,4
2024-11-28,24.0,22.0,24.0,22.4,27.5,23.5,25.7,25.0,26.4,26.7,27.1,26.2,26.6,26.7,83.0,86.0,8.9,1.2,0.0,1.68,0.0,0.0,5
2024-11-29,24.5,22.5,26.5,23.5,28.4,22.5,25.7,24.8,26.0,26.3,28.1,26.6,26.6,26.5,83.0,77.0,4.5,0.0,0.0,1.26,0.0,0.0,4
2024-11-30,25.8,24.0,29.0,25.5,30.6,22.6,26.7,25.4,26.2,26.5,29.5,27.8,27.0,26.7,85.0,75.0,2.0,1.3,0.0,1.39,0.0,0.0,15
2024-12-01,27.5,25.0,32.0,25.8,33.4,21.0,27.5,25.5,25.6,25.9,31.3,29.0,27.8,27.7,80.0,56.0,1.4,6.6,0.0,2.25,0.0,0.0,8
2024-12-02,27.4,24.5,33.2,25.2,34.0,22.0,27.3,25.8,27.2,27.5,31.9,29.8,28.4,27.9,78.0,50.0,1.4,7.3,0.0,2.16,0.0,0.0,13
2024-12-03,28.0,24.0,32.0,24.5,33.0,24.0,27.7,26.4,27.4,27.7,37.7,30.0,29.0,28.3,92.0,52.0,1.7,7.4,0.0,2.54,0.0,0.0,15
2024-12-04,27.6,25.5,31.0,26.2,32.6,25.0,28.5,27.0,28.0,28.3,31.7,29.0,29.0,28.7,85.0,67.0,1.1,4.9,6.6,3.32,0.0,0.0,4
2024-12-05,28.0,26.0,30.5,25.4,32.4,23.6,29.1,26.8,28.2,27.7,32.3,30.0,29.6,29.1,85.0,64.0,2.2,8.8,0.0,2.73,0.0,0.0,13
2024-12-06,27.6,25.7,29.5,25.0,32.0,23.5,28.5,27.0,28.0,28.3,32.3,30.2,29.4,28.9,86.0,67.0,2.4,6.6,0.0,2.44,0.0,0.0,8
2024-12-07,26.5,24.6,29.5,25.0,32.0,24.4,28.3,27.0,28.0,28.7,32.7,30.8,29.8,29.3,84.0,67.0,2.6,5.4,1.2,2.38,0.0,0.0,8
2024-12-08,26.5,24.8,29.6,25.0,31.2,22.5,28.5,27.6,28.6,29.1,32.3,30.0,29.6,29.3,86.0,67.0,2.5,2.4,0.0,2.52,0.0,0.0,15
2024-12-09,26.5,24.5,30.0,24.0,32.0,22.6,27.7,26.8,28.2,28.7,33.3,31.0,29.4,29.1,84.0,59.0,2.8,9.2,0.0,2.98,0.0,0.0,8
2024-12-10,26.4,24.0,28.5,25.4,31.0,24.0,28.3,27.2,28.4,28.7,31.7,30.0,29.8,29.3,81.0,76.0,3.6,3.9,4.2,2.52,0.0,0.0,0
2024-12-11,26.8,25.0,29.6,25.0,31.4,24.5,28.5,27.6,28.6,28.4,32.5,30.6,29.8,29.3,86.0,73.0,3.3,6.2,0.7,1.58,0.0,0.0,0
2024-12-12,27.0,25.6,30.0,26.4,30.2,25.2,28.7,27.8,28.8,27.9,32.1,30.4,29.8,29.5,89.0,74.0,3.7,5.2,13.3,3.48,0.0,0.0,15
2024-12-13,26.5,24.2,29.0,26.0,29.8,22.8,28.5,27.6,28.2,28.7,31.3,29.8,29.4,29.1,86.0,78.0,2.3,3.9,9.2,1.62,0.0,0.0,13
2024-12-14,26.6,24.5,26.0,24.6,28.2,24.0,28.3,26.8,28.0,28.5,29.5,28.0,28.8,28.6,88.0,88.0,2.1,0.6,7.1,0.98,0.0,0.0,13
2024-12-15,26.8,24.0,29.2,23.5,30.0,24.5,28.9,26.8,27.8,28.5,30.5,29.0,28.8,28.5,78.0,68.0,6.4,8.5,28.4,1.72,0.0,0.0,5
2024-12-17,25.5,24.5,29.5,26.0,30.2,23.2,26.9,26.0,27.2,26.9,30.3,28.0,27.8,27.5,98.0,74.0,2.7,3.2,0.0,1.04,0.0,0.0,13
2024-12-18,27.0,25.0,30.0,26.0,31.0,23.0,29.1,25.8,27.2,26.5,31.3,28.0,28.4,27.9,84.0,71.0,4.3,7.4,0.0,1.93,0.0,0.0,4
2024-12-19,27.5,25.0,31.0,27.0,32.8,24.8,27.7,26.4,27.0,27.9,32.1,30.0,29.0,28.3,80.0,72.0,2.4,6.7,0.0,2.29,0.0,0.0,0
2024-12-20,27.5,26.0,33.5,26.8,34.5,24.8,28.9,27.4,28.0,28.5,33.7,31.2,29.5,29.3,87.0,57.0,2.4,7.8,26.4,3.34,0.0,0.0,4
2024-12-21,28.0,26.0,31.0,27.5,35.5,23.2,28.7,27.6,28.6,28.9,32.9,30.0,29.8,29.3,85.0,76.0,2.8,7.1,18.1,2.56,0.0,0.0,13
2024-12-22,26.8,25.5,29.6,25.8,31.5,23.0,28.0,27.8,28.2,28.7,31.7,29.8,29.4,28.7,90.0,93.0,3.2,7.9,0.0,2.96,0.0,0.0,15
2024-12-23,26.5,24.6,30.2,25.0,31.2,21.4,27.9,26.8,27.8,28.5,31.9,29.6,29.2,28.7,84.0,64.0,2.4,9.5,0.0,2.22,0.0,0.0,8
2024-12-24,25.6,24.2,30.8,24.0,32.0,22.0,27.5,26.4,27.8,28.5,31.7,29.6,29.0,28.7,88.0,55.0,4.7,7.8,0.0,2.44,0.0,0.0,8
2024-12-25,25.5,24.5,31.5,24.5,31.6,23.0,28.3,27.2,28.6,28.7,32.7,30.4,29.4,28.7,92.0,54.0,2.0,9.3,0.0,2.05,0.0,0.0,10
2024-12-26,25.5,24.5,30.0,25.0,31.5,22.5,28.3,27.2,28.6,28.7,32.5,30.6,29.5,29.3,92.0,65.0,1.6,7.9,0.0,2.84,0.0,0.0,13
2024-12-27,26.0,24.0,29.0,25.5,30.4,23.0,28.3,27.2,28.4,28.7,31.3,29.6,29.2,29.1,89.0,75.0,2.7,5.3,1.2,2.24,0.0,0.0,13
2024-12-28,25.5,23.5,20.5,25.0,31.0,24.2,27.7,26.8,28.6,28.5,32.1,30.0,29.4,28.9,84.0,67.0,2.3,6.3,0.3,2.92,0.0,0.0,5
2024-12-29,26.0,25.0,26.2,24.6,29.2,23.0,28.3,27.4,28.6,28.7,31.3,28.8,29.0,28.9,92.0,87.0,1.7,2.4,6.3,2.46,0.0,0.0,15
2024-12-30,26.8,24.8,25.4,25.8,30.5,24.5,28.1,26.8,27.8,27.5,31.5,29.6,29.0,28.7,84.0,74.0,2.9,4.4,19.6,19.2,0.0,0.0,5
2024-12-31,25.4,24.8,26.0,25.4,27.5,23.0,28.3,27.0,28.0,28.5,28.5,29.6,28.0,28.3,95.0,95.0,1.5,0.0,43.3,1.45,0.0,0.0,15
2025-01-02,24.2,23.0,27.5,23.5,28.0,22.4,26.1,25.2,26.6,25.7,28.5,26.8,27.0,27.1,90.0,70.0,1.2,0.5,0.0,1.58,0.0,0.0,13
2025-01-03,24.8,23.5,27.0,23.8,29.6,22.0,26.5,27.4,26.6,27.1,29.5,27.6,27.4,27.3,90.0,75.0,2.5,3.1,0.0,1.38,0.0,0.0,4
2025-01-04,25.0,23.4,27.8,23.2,29.4,22.5,26.7,25.6,26.6,26.1,29.5,27.8,27.6,27.3,87.0,66.0,1.7,3.2,0.0,1.41,0.0,0.0,15
2025-01-05,26.0,23.5,28.5,23.8,30.0,21.4,27.5,26.6,26.8,27.3,30.1,28.4,28.0,27.5,81.0,65.0,1.9,6.5,0.0,1.98,0.0,0.0,13
2025-01-06,25.6,23.5,30.5,25.0,30.7,22.2,26.7,25.6,26.8,27.3,31.1,29.0,28.2,27.9,84.0,62.0,2.1,9.8,0.0,2.74,0.0,0.0,8
2025-01-07,26.0,24.5,29.5,25.5,31.5,22.5,27.3,26.0,27.2,27.5,31.5,29.0,28.4,27.9,88.0,71.0,2.5,8.7,1.6,2.67,0.0,0.0,13
2025-01-08,24.2,23.5,27.5,24.8,30.2,23.0,27.3,26.2,27.6,28.1,30.5,28.8,28.4,28.3,95.0,74.0,2.1,4.2,0.4,1.99,0.0,0.0,10
2025-01-09,24.8,23.5,26.0,24.4,28.5,24.0,27.5,26.4,27.6,27.9,29.3,27.6,27.8,28.3,90.0,87.0,2.3,0.0,5.6,1.86,0.0,0.0,15
2025-01-10,26.2,25.2,26.5,25.0,30.2,23.8,27.5,26.6,27.8,27.9,30.8,28.8,28.6,28.3,92.0,82.0,3.7,0.0,4.6,1.46,0.0,0.0,15
2025-01-11,24.5,23.6,25.0,24.5,29.0,22.8,27.5,26.6,27.6,29.7,27.9,27.0,27.6,27.7,91.0,96.0,3.7,0.6,48.7,0.66,0.0,0.0,13
2025-01-12,25.0,24.6,26.4,25.0,27.5,22.6,26.3,25.2,26.4,26.7,27.9,26.4,27.0,26.9,96.0,89.0,2.2,4.2,0.5,0.82,0.0,0.0,13
2025-01-13,25.8,24.6,28.5,25.0,30.0,23.0,26.9,25.4,26.6,26.7,29.7,27.8,27.4,27.1,90.0,73.0,2.6,5.5,8.2,1.86,0.0,0.0,13
2025-01-14,24.0,23.7,24.5,24.0,27.4,23.0,26.7,26.0,27.0,27.1,27.7,26.4,27.2,27.1,98.0,95.0,0.9,0.0,49.2,0.76,0.0,0.0,15
2025-01-15,25.0,24.2,27.5,25.2,29.8,23.2,26.5,25.8,26.6,26.9,29.5,27.6,27.6,27.3,93.0,81.0,2.2,1.9,42.4,0.83,0.0,0.0,15
2025-01-16,25.2,24.6,28.0,24.6,28.6,22.2,26.9,25.8,26.8,27.3,29.1,27.6,27.6,27.5,95.0,77.0,3.4,2.4,0.0,0.58,0.0,0.0,15
2025-01-17,25.2,24.2,28.0,24.6,29.5,22.5,26.7,25.6,26.8,27.1,29.7,27.8,27.6,27.3,91.0,74.0,3.4,8.7,8.6,1.96,0.0,0.0,13
2025-01-18,25.0,24.0,25.6,25.0,27.5,23.5,27.1,26.2,27.2,27.1,28.3,27.0,27.4,27.1,92.0,95.0,1.7,0.0,61.3,0.76,0.0,0.0,13
2025-01-20,24.0,23.4,28.4,24.5,29.6,23.0,26.1,25.2,26.2,26.1,29.3,26.8,26.8,26.5,95.0,72.0,6.8,1.3,14.3,1.22,0.0,0.0,13
2025-01-21,23.5,23.2,27.5,25.0,29.8,23.0,26.7,25.8,26.2,25.7,30.5,28.0,27.6,27.3,96.0,80.0,2.7,4.5,4.6,1.62,0.0,0.0,8
2025-01-22,24.2,23.7,24.2,23.4,26.8,22.2,27.3,26.0,27.0,27.3,27.7,26.8,27.4,27.3,96.0,93.0,1.7,0.0,15.3,0.48,0.0,0.0,4
2025-01-23,24.5,24.2,28.0,24.5,29.0,22.6,26.5,25.6,26.4,26.7,29.5,27.4,27.4,27.1,96.0,74.0,1.5,0.4,0.0,1.48,0.0,0.0,15
2025-01-24,24.5,23.0,29.0,24.5,29.7,23.0,26.7,25.0,26.8,27.1,30.1,28.0,27.6,27.1,87.0,68.0,1.4,2.4,2.2,1.34,0.0,0.0,5
2025-01-25,24.5,24.0,27.5,25.0,28.5,23.8,27.3,26.2,27.2,27.1,29.7,29.4,27.4,27.1,95.0,80.0,1.9,0.3,3.3,1.74,0.0,0.0,13
2025-01-26,26.0,25.0,28.0,25.0,28.6,23.6,27.3,26.2,27.0,27.1,30.1,28.4,27.6,26.7,92.0,77.0,3.8,6.7,0.0,2.34,0.0,0.0,8
2025-01-27,26.8,24.6,28.0,23.5,30.3,21.4,27.5,26.4,27.4,27.3,30.7,28.4,28.0,27.7,83.0,68.0,1.9,3.1,0.0,2.56,0.0,0.0,15
2025-01-28,25.0,23.0,26.5,24.5,28.0,23.4,26.7,25.8,27.0,27.1,28.7,27.6,27.4,26.9,84.0,84.0,1.2,0.0,3.1,0.88,0.0,0.0,15
2025-01-29,24.5,24.0,28.0,25.4,28.8,24.0,27.1,26.0,27.4,27.3,29.1,27.4,27.6,27.5,95.0,80.0,2.2,0.0,17.5,0.86,0.0,0.0,8
2025-01-30,25.5,25.0,29.0,26.0,31.5,24.0,27.5,26.4,27.6,27.3,31.1,28.2,27.8,27.7,95.0,78.0,2.1,3.9,5.2,1.72,0.0,0.0,8
2025-01-31,26.5,25.8,30.5,24.8,32.0,23.4,28.1,26.8,27.8,27.7,32.1,29.0,28.6,28.3,93.0,61.0,3.3,8.5,0.0,2.18,0.0,0.0,8
2025-02-01,26.4,25.4,30.5,24.8,31.8,22.2,28.3,27.0,27.8,28.3,32.3,29.6,28.8,28.3,92.0,61.0,2.5,9.5,0.0,3.34,0.0,0.0,15
2025-02-02,25.5,24.4,30.5,24.8,31.8,21.8,27.7,26.8,27.8,28.1,32.3,29.6,28.8,28.3,90.0,61.0,2.6,9.6,0.0,3.66,0.0,0.0,13
2025-02-03,25.0,24.0,29.5,23.0,31.8,20.5,27.5,26.6,27.8,28.1,31.7,29.0,28.8,28.3,92.0,55.0,2.4,10.4,0.0,3.95,0.0,0.0,1
2025-02-04,24.0,23.0,30.0,24.5,31.2,22.0,26.7,26.0,27.8,27.7,31.3,28.8,28.4,28.1,91.0,63.0,2.9,9.6,0.0,3.31,0.0,0.0,13
2025-02-05,24.5,23.8,29.0,24.5,30.0,24.5,27.5,26.6,27.6,27.9,30.1,27.8,28.0,28.1,93.0,68.0,2.5,3.9,0.0,1.58,0.0,0.0,5
2025-02-06,25.5,24.5,30.5,24.4,32.4,22.4,27.3,26.0,27.6,26.7,34.7,31.0,29.4,28.7,92.0,58.0,1.2,10.0,0.0,2.94,0.0,0.0,8
2025-02-07,25.5,24.0,29.5,24.2,31.5,21.0,27.9,26.6,28.0,27.5,34.3,31.0,29.8,29.1,97.0,62.0,3.3,9.7,0.0,2.88,0.0,0.0,5
2025-02-08,24.4,23.4,29.5,24.0,30.5,21.8,27.3,26.4,27.8,26.9,32.7,30.8,29.8,29.3,88.0,61.0,2.5,6.9,0.0,2.52,0.0,0.0,13
2025-02-09,25.4,24.0,30.4,24.0,31.4,21.0,27.5,26.4,27.8,27.9,34.7,34.6,29.6,29.1,88.0,52.0,3.4,9.1,0.0,2.98,0.0,0.0,15
2025-02-10,26.0,24.0,29.5,24.0,31.8,22.8,27.3,26.6,27.8,28.5,35.3,32.0,29.8,29.1,84.0,61.0,3.1,10.5,0.0,3.38,0.0,0.0,8
2025-02-11,24.5,23.3,28.5,25.0,30.5,23.5,28.1,27.4,28.8,28.3,32.9,30.6,29.8,29.3,93.0,73.0,2.7,2.9,0.0,2.64,0.0,0.0,10
2025-02-12,27.5,25.0,31.0,25.0,32.8,22.0,28.7,27.6,29.0,28.9,35.9,32.6,30.4,29.7,87.0,60.0,3.1,10.8,0.0,3.02,0.0,0.0,15
2025-02-13,25.5,24.5,31.5,24.5,32.4,20.0,28.7,27.8,29.2,29.5,36.5,33.0,30.8,30.1,92.0,54.0,2.3,10.9,0.0,3.88,0.0,0.0,13
2025-02-14,25.0,23.5,31.8,24.2,33.0,21.5,28.1,27.0,28.8,29.5,37.7,34.0,31.0,30.3,88.0,51.0,2.2,10.6,0.0,3.82,0.0,0.0,13
2025-02-15,27.0,24.0,31.5,25.0,32.8,19.5,29.7,28.4,29.8,29.9,37.3,34.2,31.8,30.7,71.0,56.0,2.4,11.1,0.0,3.74,0.0,0.0,15
2025-02-16,25.0,23.0,30.5,25.0,32.0,21.0,27.9,27.0,29.2,29.7,36.3,33.0,31.0,30.3,84.0,62.0,2.5,10.7,0.0,3.68,0.0,0.0,13
2025-02-17,26.0,23.8,31.4,25.4,32.6,22.2,26.9,27.8,29.6,29.9,35.9,32.8,31.2,30.5,82.0,60.0,2.7,10.6,0.0,3.78,0.0,0.0,8
2025-02-18,27.0,24.6,31.4,25.4,33.0,21.4,29.5,28.4,29.8,29.9,36.5,33.4,31.2,31.5,81.0,60.0,2.4,9.6,0.0,3.38,0.0,0.0,15
2025-02-19,26.0,24.5,32.8,24.5,33.6,21.8,24.3,28.0,29.8,30.3,38.1,34.6,31.8,30.7,88.0,49.0,2.1,10.5,0.0,4.32,0.0,0.0,13
2025-02-20,26.5,24.2,32.5,25.0,33.2,22.0,29.5,28.0,30.2,30.5,37.5,34.4,32.0,31.3,81.0,52.0,2.1,10.7,0.0,4.54,0.0,0.0,15
2025-02-21,26.2,24.4,31.6,24.6,33.0,22.0,29.5,28.8,30.2,30.7,37.3,34.0,32.0,31.3,86.0,54.0,2.5,10.5,0.0,4.56,0.0,0.0,0
2025-02-22,26.5,24.2,31.0,24.5,32.8,21.8,29.7,28.8,30.4,30.5,36.3,33.6,31.8,30.9,81.0,57.0,2.2,10.4,0.0,4.08,0.0,0.0,15
2025-02-23,27.0,24.5,31.5,25.2,33.0,22.0,29.5,28.8,30.2,30.3,36.9,34.0,31.8,30.9,81.0,58.0,2.8,10.9,0.0,4.54,0.0,0.0,13
2025-02-24,27.5,25.0,30.5,25.5,32.8,23.0,30.1,29.0,30.4,30.7,33.7,33.6,32.0,30.9,80.0,66.0,3.4,10.1,1.5,3.48,0.0,0.0,13
2025-02-25,25.5,24.4,26.0,25.0,28.4,24.0,29.7,29.0,30.4,30.7,29.3,27.8,29.6,29.7,90.0,92.0,1.7,0.0,63.7,0.72,0.0,0.0,8
2025-02-26,25.8,25.5,29.8,26.2,31.0,24.0,28.3,27.0,28.0,29.1,31.7,30.0,29.6,29.3,98.0,74.0,4.1,4.1,28.2,0.58,0.0,0.0,8
2025-03-01,25.0,24.5,28.6,26.2,29.8,24.0,27.3,26.0,27.6,28.1,30.9,28.8,28.6,28.3,96.0,82.0,2.5,3.6,4.6,1.88,0.0,0.0,5
2025-03-02,25.0,24.6,30.0,26.5,31.2,23.5,27.5,26.6,27.8,27.9,31.7,29.6,28.8,28.1,96.0,75.0,2.3,4.1,11.6,1.56,0.0,0.0,15
2025-03-03,27.5,26.0,30.5,25.6,32.0,22.5,28.7,27.0,28.2,28.5,33.1,30.6,29.4,29.1,87.0,66.0,2.3,6.7,0.0,3.84,0.0,0.0,15
2025-03-04,27.0,25.2,30.0,25.0,32.0,21.5,28.3,27.0,28.6,28.7,32.5,30.2,29.8,28.7,86.0,65.0,1.9,6.2,0.0,2.02,0.0,0.0,0
2025-03-05,25.6,24.2,32.0,25.0,33.2,20.4,27.7,26.8,27.2,28.6,34.1,31.4,29.8,29.3,88.0,55.0,1.8,10.4,0.0,3.18,0.0,0.0,10
2025-03-06,25.5,24.0,33.6,24.2,34.2,20.0,27.7,26.6,28.2,28.7,34.7,31.8,30.0,29.5,87.0,43.0,1.5,10.2,0.0,3.92,0.0,0.0,4
2025-03-07,24.5,22.5,33.0,25.0,34.0,21.0,27.7,26.8,28.6,29.1,34.7,31.8,30.0,29.3,83.0,42.0,2.0,8.4,0.0,3.58,0.0,0.0,5
2025-03-08,25.0,23.4,31.5,25.4,32.0,24.0,28.3,27.2,28.8,28.9,33.5,31.2,30.0,29.7,87.0,59.0,2.1,9.5,0.0,3.02,0.0,0.0,5
2025-03-09,26.0,24.0,30.5,24.0,32.0,23.6,27.7,26.8,28.4,29.1,34.1,31.2,29.8,29.5,84.0,56.0,2.8,9.9,0.0,3.68,0.0,0.0,13
2025-03-10,25.5,24.2,28.0,26.5,29.5,24.5,28.7,27.8,29.0,27.1,29.9,28.4,29.2,28.7,88.0,89.0,2.5,0.6,24.3,2.12,0.0,0.0,4
2025-03-11,26.0,25.2,22.6,22.4,28.0,22.5,28.3,27.0,28.4,28.5,27.9,26.8,28.6,27.1,93.0,98.0,1.8,0.0,31.0,1.54,0.0,0.0,1
2025-03-12,27.0,25.0,31.5,26.5,33.0,24.0,27.3,26.2,27.0,27.7,32.9,30.2,29.0,28.3,84.0,66.0,3.0,3.2,0.0,2.08,0.0,0.0,13
2025-03-13,28.5,25.5,32.0,26.5,33.0,22.5,28.9,27.6,28.0,28.3,33.3,31.2,30.0,29.3,78.0,64.0,2.2,9.5,0.0,3.78,0.0,0.0,0
2025-03-14,28.0,25.5,32.0,26.0,33.5,23.0,28.7,27.8,29.0,28.7,34.1,32.4,32.4,29.5,82.0,60.0,2.2,10.1,0.0,4.76,0.0,0.0,4
2025-03-15,28.0,25.5,32.2,26.2,33.5,24.5,29.1,27.8,29.0,29.3,33.7,32.0,30.6,29.7,72.0,60.0,2.2,9.5,0.0,4.26,0.0,0.0,0
2025-03-16,28.0,26.0,31.0,26.5,33.8,24.2,29.9,28.4,29.6,29.7,33.5,31.2,30.4,29.7,85.0,69.0,1.0,1.8,1.4,4.14,0.0,0.0,13
2025-03-17,28.0,26.0,32.5,26.5,33.5,23.4,29.3,28.0,29.0,29.5,32.5,30.8,30.0,29.7,85.0,66.0,2.1,8.0,0.0,4.54,0.0,0.0,13
2025-03-18,28.0,26.0,31.0,26.5,33.8,24.4,29.5,28.0,29.2,29.5,33.7,31.6,30.4,29.7,85.0,69.0,2.7,9.5,0.0,3.86,0.0,0.0,10
2025-03-19,28.6,26.4,30.0,26.4,31.0,23.2,29.7,25.6,29.8,29.7,32.1,30.0,30.2,29.9,83.0,74.0,1.6,11.0,6.1,2.76,0.0,0.0,13
2025-03-20,27.0,29.4,31.0,26.0,32.5,23.5,29.1,27.8,29.2,29.5,32.3,30.6,29.8,29.7,87.0,66.0,2.1,7.6,0.0,2.96,0.0,0.0,1
2025-03-21,29.4,26.6,33.0,26.0,34.0,24.5,29.5,28.2,29.2,29.5,35.3,32.6,30.8,30.1,79.0,55.0,2.9,10.5,0.0,3.32,0.0,0.0,15
2025-03-22,29.0,26.0,32.5,26.0,34.0,24.0,30.1,28.4,29.0,29.7,36.1,33.4,31.3,30.7,78.0,57.0,3.1,9.7,0.0,3.26,1.0,0.0,13
2025-03-23,28.0,26.0,33.0,26.0,34.8,24.8,29.7,28.2,29.8,30.1,36.7,33.8,31.6,30.9,85.0,55.0,3.1,9.6,0.0,4.26,0.0,0.0,13
2025-03-24,28.0,26.0,32.5,26.0,34.0,24.4,30.1,28.8,30.0,30.5,36.7,33.8,32.0,31.1,85.0,57.0,3.0,10.1,10.8,3.04,0.0,0.0,10
2025-03-25,27.5,25.5,32.5,26.4,33.5,24.0,30.1,28.8,30.6,30.5,35.3,33.0,31.8,31.3,89.0,60.0,2.4,7.7,0.0,3.36,0.0,0.0,5
2025-03-26,28.0,26.0,32.5,27.0,34.6,23.0,29.7,28.4,30.0,30.3,35.7,33.4,31.8,30.9,85.0,63.0,2.7,7.6,34.2,3.48,0.0,0.0,4
2025-03-27,27.0,25.4,33.5,26.4,34.4,23.5,29.5,27.8,29.2,29.9,35.7,33.0,31.4,30.9,87.0,55.0,2.4,9.6,0.8,3.24,0.0,0.0,5
2025-03-28,27.2,25.4,32.5,26.2,34.0,22.6,29.7,28.2,29.6,30.3,335.7,32.5,31.2,30.7,86.0,58.0,1.6,8.2,0.0,3.26,0.0,0.0,10
2025-03-29,27.5,26.0,33.5,26.5,34.4,23.0,29.9,28.0,29.6,30.1,37.5,34.2,33.8,31.3,87.0,56.0,2.0,9.4,0.0,4.74,0.0,0.0,10
2025-03-30,28.2,26.0,34.0,27.0,34.6,24.0,30.3,28.6,30.0,30.9,36.5,34.0,32.4,31.5,83.0,56.0,1.9,10.4,0.0,4.92,0.0,0.0,10
2025-03-31,29.0,26.0,32.2,26.8,34.5,25.0,30.7,29.6,30.8,31.3,36.7,34.2,32.6,31.5,78.0,64.0,2.2,9.6,0.0,4.18,0.0,0.0,15
